key_type,key_value,match_strength,papers_with_code_records,biotools_records,total_records
normalized_name,disco,ambiguous_name_only,30,5,35
normalized_name,star,ambiguous_name_only,25,5,30
normalized_name,comet,ambiguous_name_only,22,6,28
normalized_name,code,ambiguous_name_only,27,1,28
normalized_name,cat,ambiguous_name_only,25,1,26
normalized_name,scope,ambiguous_name_only,11,14,25
normalized_name,scenic,ambiguous_name_only,23,1,24
normalized_name,sockeye,ambiguous_name_only,20,1,21
normalized_name,mars,ambiguous_name_only,19,2,21
normalized_name,core,ambiguous_name_only,18,2,20
normalized_name,adapt,ambiguous_name_only,19,1,20
normalized_name,ace,ambiguous_name_only,16,4,20
normalized_name,cola,ambiguous_name_only,18,1,19
normalized_name,vista,ambiguous_name_only,10,8,18
normalized_name,sam,ambiguous_name_only,14,3,17
normalized_name,dream,ambiguous_name_only,15,2,17
normalized_name,gem,ambiguous_name_only,13,4,17
normalized_name,laser,ambiguous_name_only,16,1,17
normalized_name,flare,ambiguous_name_only,12,4,16
normalized_name,craft,ambiguous_name_only,13,3,16
normalized_name,mega,ambiguous_name_only,4,12,16
normalized_name,hydra,ambiguous_name_only,12,3,15
normalized_name,lisa,ambiguous_name_only,14,1,15
normalized_name,flower,ambiguous_name_only,14,1,15
normalized_name,dan,ambiguous_name_only,12,3,15
normalized_name,eva,ambiguous_name_only,13,2,15
normalized_name,sst,ambiguous_name_only,14,1,15
normalized_name,falcon,ambiguous_name_only,13,2,15
normalized_name,space,ambiguous_name_only,9,6,15
normalized_name,prism,ambiguous_name_only,9,6,15
normalized_name,magic,ambiguous_name_only,11,4,15
normalized_name,care,ambiguous_name_only,14,1,15
normalized_name,mist,ambiguous_name_only,12,2,14
normalized_name,magnet,ambiguous_name_only,13,1,14
normalized_name,hint,ambiguous_name_only,13,1,14
normalized_name,trace,ambiguous_name_only,13,1,14
normalized_name,seal,ambiguous_name_only,12,2,14
normalized_name,dig,ambiguous_name_only,13,1,14
normalized_name,san,ambiguous_name_only,12,1,13
normalized_name,fusion,ambiguous_name_only,11,2,13
normalized_name,ssp,ambiguous_name_only,10,3,13
normalized_name,atlas,ambiguous_name_only,8,5,13
normalized_name,arc,ambiguous_name_only,11,2,13
normalized_name,sage,ambiguous_name_only,11,2,13
normalized_name,eagle,ambiguous_name_only,8,5,13
normalized_name,gan,ambiguous_name_only,11,1,12
normalized_name,vision,ambiguous_name_only,11,1,12
normalized_name,tap,ambiguous_name_only,8,4,12
normalized_name,cape,ambiguous_name_only,11,1,12
normalized_name,grasp,ambiguous_name_only,10,2,12
normalized_name,coda,ambiguous_name_only,11,1,12
normalized_name,chimera,ambiguous_name_only,4,8,12
normalized_name,gap,ambiguous_name_only,11,1,12
normalized_name,ice,ambiguous_name_only,11,1,12
normalized_name,seed,ambiguous_name_only,10,2,12
normalized_name,flame,ambiguous_name_only,10,2,12
normalized_name,panda,ambiguous_name_only,10,2,12
normalized_name,smile,ambiguous_name_only,11,1,12
normalized_name,smart,ambiguous_name_only,11,1,12
normalized_name,slim,ambiguous_name_only,6,6,12
normalized_name,asteroid,ambiguous_name_only,10,1,11
normalized_name,genie,ambiguous_name_only,7,4,11
normalized_name,pal,ambiguous_name_only,10,1,11
normalized_name,artemis,ambiguous_name_only,5,6,11
normalized_name,hermes,ambiguous_name_only,8,3,11
normalized_name,lamp,ambiguous_name_only,10,1,11
normalized_name,spin,ambiguous_name_only,10,1,11
normalized_name,scan,ambiguous_name_only,9,2,11
normalized_name,dart,ambiguous_name_only,9,2,11
normalized_name,sea,ambiguous_name_only,9,2,11
normalized_name,opera,ambiguous_name_only,9,2,11
normalized_name,mvp,ambiguous_name_only,10,1,11
normalized_name,vip,ambiguous_name_only,9,1,10
normalized_name,hat,ambiguous_name_only,9,1,10
normalized_name,aim,ambiguous_name_only,9,1,10
normalized_name,merlin,ambiguous_name_only,7,3,10
normalized_name,oasis,ambiguous_name_only,8,2,10
normalized_name,safe,ambiguous_name_only,9,1,10
normalized_name,exact,ambiguous_name_only,9,1,10
normalized_name,mirror,ambiguous_name_only,9,1,10
normalized_name,gate,ambiguous_name_only,9,1,10
normalized_name,disc,ambiguous_name_only,9,1,10
normalized_name,mosaic,ambiguous_name_only,8,2,10
normalized_name,art,ambiguous_name_only,9,1,10
normalized_name,rapid,ambiguous_name_only,8,2,10
normalized_name,midas,ambiguous_name_only,8,2,10
normalized_name,asap,ambiguous_name_only,7,3,10
normalized_name,focus,ambiguous_name_only,9,1,10
normalized_name,crop,ambiguous_name_only,4,6,10
normalized_name,stamp,ambiguous_name_only,6,4,10
normalized_name,recon,ambiguous_name_only,9,1,10
normalized_name,cafe,ambiguous_name_only,7,3,10
normalized_name,tango,ambiguous_name_only,7,3,10
normalized_name,mcl,ambiguous_name_only,9,1,10
normalized_name,dsp,ambiguous_name_only,9,1,10
normalized_name,sos,ambiguous_name_only,8,2,10
normalized_name,pass,ambiguous_name_only,5,5,10
normalized_name,more,ambiguous_name_only,9,1,10
normalized_name,maps,ambiguous_name_only,8,2,10
normalized_name,pasta,ambiguous_name_only,9,1,10
normalized_name,praline,ambiguous_name_only,2,8,10
normalized_name,swift,ambiguous_name_only,8,2,10
normalized_name,speed,ambiguous_name_only,7,3,10
normalized_name,tapas,ambiguous_name_only,7,2,9
normalized_name,monet,ambiguous_name_only,7,2,9
normalized_name,cda,ambiguous_name_only,8,1,9
normalized_name,ray,ambiguous_name_only,7,2,9
normalized_name,amr,ambiguous_name_only,8,1,9
normalized_name,scnet,ambiguous_name_only,7,2,9
normalized_name,bolt,ambiguous_name_only,8,1,9
normalized_name,dcp,ambiguous_name_only,8,1,9
normalized_name,gaia,ambiguous_name_only,6,3,9
normalized_name,fire,ambiguous_name_only,8,1,9
normalized_name,mace,ambiguous_name_only,8,1,9
normalized_name,epic,ambiguous_name_only,8,1,9
normalized_name,mast,ambiguous_name_only,7,2,9
normalized_name,conan,ambiguous_name_only,7,2,9
normalized_name,palm,ambiguous_name_only,8,1,9
normalized_name,snap,ambiguous_name_only,5,4,9
normalized_name,gift,ambiguous_name_only,6,3,9
normalized_name,csa,ambiguous_name_only,7,2,9
normalized_name,goat,ambiguous_name_only,8,1,9
normalized_name,oscar,ambiguous_name_only,8,1,9
normalized_name,libra,ambiguous_name_only,6,3,9
normalized_name,clarity,ambiguous_name_only,7,2,9
normalized_name,boss,ambiguous_name_only,8,1,9
normalized_name,lens,ambiguous_name_only,8,1,9
normalized_name,soda,ambiguous_name_only,6,3,9
normalized_name,rap,ambiguous_name_only,8,1,9
normalized_name,presto,ambiguous_name_only,7,2,9
normalized_name,neat,ambiguous_name_only,6,3,9
normalized_name,salt,ambiguous_name_only,7,2,9
normalized_name,spot,ambiguous_name_only,6,3,9
normalized_name,diva,ambiguous_name_only,7,2,9
normalized_name,clover,ambiguous_name_only,7,2,9
normalized_name,mirage,ambiguous_name_only,8,1,9
normalized_name,simba,ambiguous_name_only,6,3,9
normalized_name,pytorch,ambiguous_name_only,7,1,8
normalized_name,ctc,ambiguous_name_only,7,1,8
normalized_name,dca,ambiguous_name_only,7,1,8
normalized_name,lemon,ambiguous_name_only,6,2,8
normalized_name,graphite,ambiguous_name_only,7,1,8
normalized_name,spice,ambiguous_name_only,6,2,8
normalized_name,tpot,ambiguous_name_only,5,3,8
normalized_name,bandits,ambiguous_name_only,7,1,8
normalized_name,smash,ambiguous_name_only,4,4,8
normalized_name,drnet,ambiguous_name_only,7,1,8
normalized_name,cobra,ambiguous_name_only,7,1,8
normalized_name,athena,ambiguous_name_only,7,1,8
normalized_name,cocoa,ambiguous_name_only,7,1,8
normalized_name,mimo,ambiguous_name_only,5,3,8
normalized_name,marvin,ambiguous_name_only,7,1,8
normalized_name,gta,ambiguous_name_only,7,1,8
normalized_name,apollo,ambiguous_name_only,7,1,8
normalized_name,hyper,ambiguous_name_only,6,2,8
normalized_name,das,ambiguous_name_only,7,1,8
normalized_name,ami,ambiguous_name_only,7,1,8
normalized_name,mass,ambiguous_name_only,7,1,8
normalized_name,meta,ambiguous_name_only,7,1,8
normalized_name,ape,ambiguous_name_only,6,2,8
normalized_name,beer,ambiguous_name_only,7,1,8
normalized_name,spm,ambiguous_name_only,5,3,8
normalized_name,amber,ambiguous_name_only,5,3,8
normalized_name,egg,ambiguous_name_only,7,1,8
normalized_name,bridge,ambiguous_name_only,5,3,8
normalized_name,scale,ambiguous_name_only,7,1,8
normalized_name,rpg,ambiguous_name_only,6,2,8
normalized_name,emma,ambiguous_name_only,4,4,8
normalized_name,genesis,ambiguous_name_only,4,4,8
normalized_name,nnunet,ambiguous_name_only,7,1,8
normalized_name,sap,ambiguous_name_only,7,1,8
normalized_name,quest,ambiguous_name_only,7,1,8
normalized_name,grace,ambiguous_name_only,7,1,8
normalized_name,sop,ambiguous_name_only,7,1,8
normalized_name,magma,ambiguous_name_only,4,4,8
normalized_name,can,ambiguous_name_only,7,1,8
normalized_name,rad,ambiguous_name_only,6,2,8
normalized_name,coder,ambiguous_name_only,7,1,8
normalized_name,sigma,ambiguous_name_only,7,1,8
normalized_name,mint,ambiguous_name_only,4,4,8
normalized_name,coconet,ambiguous_name_only,6,2,8
normalized_name,stride,ambiguous_name_only,5,3,8
normalized_name,cider,ambiguous_name_only,6,2,8
normalized_name,salsa,ambiguous_name_only,7,1,8
normalized_name,domino,ambiguous_name_only,6,2,8
normalized_name,tada,ambiguous_name_only,5,3,8
normalized_name,apex,ambiguous_name_only,6,2,8
normalized_name,mad,ambiguous_name_only,6,2,8
normalized_name,spider,ambiguous_name_only,5,3,8
normalized_name,ufo,ambiguous_name_only,7,1,8
normalized_name,car,ambiguous_name_only,7,1,8
normalized_name,bcl,ambiguous_name_only,7,1,8
normalized_name,nebula,ambiguous_name_only,7,1,8
normalized_name,coral,ambiguous_name_only,6,2,8
normalized_name,clap,ambiguous_name_only,7,1,8
normalized_name,lotus,ambiguous_name_only,6,2,8
normalized_name,scop,ambiguous_name_only,2,6,8
normalized_name,abc,ambiguous_name_only,6,1,7
normalized_name,acid,ambiguous_name_only,5,2,7
normalized_name,deeplabcut,ambiguous_name_only,4,3,7
normalized_name,dss,ambiguous_name_only,6,1,7
normalized_name,chase,ambiguous_name_only,5,2,7
normalized_name,tag,ambiguous_name_only,6,1,7
normalized_name,edge,ambiguous_name_only,6,1,7
normalized_name,mimic,ambiguous_name_only,6,1,7
normalized_name,miracle,ambiguous_name_only,5,2,7
normalized_name,age,ambiguous_name_only,6,1,7
normalized_name,aqua,ambiguous_name_only,5,2,7
normalized_name,octopus,ambiguous_name_only,5,2,7
normalized_name,medusa,ambiguous_name_only,3,4,7
normalized_name,tensorflow,ambiguous_name_only,6,1,7
normalized_name,find,ambiguous_name_only,6,1,7
normalized_name,tps,ambiguous_name_only,6,1,7
normalized_name,cgnet,ambiguous_name_only,6,1,7
normalized_name,nnv,ambiguous_name_only,6,1,7
normalized_name,poet,ambiguous_name_only,6,1,7
normalized_name,apl,ambiguous_name_only,6,1,7
normalized_name,elsa,ambiguous_name_only,6,1,7
normalized_name,mmnet,ambiguous_name_only,6,1,7
normalized_name,glad,ambiguous_name_only,5,2,7
normalized_name,swarm,ambiguous_name_only,5,2,7
normalized_name,emu,ambiguous_name_only,6,1,7
normalized_name,puma,ambiguous_name_only,4,3,7
normalized_name,finn,ambiguous_name_only,6,1,7
normalized_name,dice,ambiguous_name_only,6,1,7
normalized_name,sana,ambiguous_name_only,5,2,7
normalized_name,dance,ambiguous_name_only,6,1,7
normalized_name,beacon,ambiguous_name_only,4,3,7
normalized_name,hit,ambiguous_name_only,6,1,7
normalized_name,avatar,ambiguous_name_only,6,1,7
normalized_name,optimus,ambiguous_name_only,6,1,7
normalized_name,gpm,ambiguous_name_only,6,1,7
normalized_name,mole,ambiguous_name_only,5,2,7
normalized_name,spectre,ambiguous_name_only,4,3,7
normalized_name,scar,ambiguous_name_only,6,1,7
normalized_name,radar,ambiguous_name_only,4,3,7
normalized_name,eve,ambiguous_name_only,6,1,7
normalized_name,pam,ambiguous_name_only,6,1,7
normalized_name,clue,ambiguous_name_only,5,2,7
normalized_name,must,ambiguous_name_only,6,1,7
normalized_name,pure,ambiguous_name_only,6,1,7
normalized_name,spark,ambiguous_name_only,4,3,7
normalized_name,gist,ambiguous_name_only,6,1,7
normalized_name,flex,ambiguous_name_only,6,1,7
normalized_name,spartan,ambiguous_name_only,5,2,7
normalized_name,janus,ambiguous_name_only,6,1,7
normalized_name,esc,ambiguous_name_only,6,1,7
normalized_name,acdc,ambiguous_name_only,2,5,7
normalized_name,spring,ambiguous_name_only,4,3,7
normalized_name,cream,ambiguous_name_only,6,1,7
normalized_name,manet,ambiguous_name_only,6,1,7
normalized_name,fame,ambiguous_name_only,4,3,7
normalized_name,cem,ambiguous_name_only,6,1,7
normalized_name,ckd,ambiguous_name_only,5,2,7
normalized_name,maple,ambiguous_name_only,6,1,7
normalized_name,gear,ambiguous_name_only,6,1,7
normalized_name,cpr,ambiguous_name_only,6,1,7
normalized_name,aces,ambiguous_name_only,5,2,7
normalized_name,unite,ambiguous_name_only,6,1,7
normalized_name,stitch,ambiguous_name_only,2,5,7
normalized_name,lara,ambiguous_name_only,6,1,7
normalized_name,prime,ambiguous_name_only,5,2,7
normalized_name,discover,ambiguous_name_only,5,2,7
normalized_name,spa,ambiguous_name_only,6,1,7
normalized_name,storm,ambiguous_name_only,5,2,7
normalized_name,cosmic,ambiguous_name_only,4,3,7
normalized_name,saturn,ambiguous_name_only,6,1,7
normalized_name,aria,ambiguous_name_only,2,5,7
normalized_name,samba,ambiguous_name_only,6,1,7
normalized_name,blast,ambiguous_name_only,3,4,7
normalized_name,lola,ambiguous_name_only,5,1,6
normalized_name,scone,ambiguous_name_only,4,2,6
normalized_name,lava,ambiguous_name_only,5,1,6
normalized_name,ddr,ambiguous_name_only,5,1,6
normalized_name,copa,ambiguous_name_only,5,1,6
normalized_name,svs,ambiguous_name_only,5,1,6
normalized_name,odin,ambiguous_name_only,5,1,6
normalized_name,crepe,ambiguous_name_only,5,1,6
normalized_name,grape,ambiguous_name_only,4,2,6
normalized_name,delve,ambiguous_name_only,5,1,6
normalized_name,alice,ambiguous_name_only,5,1,6
normalized_name,dragon,ambiguous_name_only,5,1,6
normalized_name,rnn,ambiguous_name_only,5,1,6
normalized_name,dcn,ambiguous_name_only,5,1,6
normalized_name,gram,ambiguous_name_only,5,1,6
normalized_name,trex,ambiguous_name_only,4,2,6
normalized_name,hades,ambiguous_name_only,5,1,6
normalized_name,wasp,ambiguous_name_only,3,3,6
normalized_name,gps,ambiguous_name_only,5,1,6
normalized_name,mam,ambiguous_name_only,5,1,6
normalized_name,moma,ambiguous_name_only,5,1,6
normalized_name,gala,ambiguous_name_only,5,1,6
normalized_name,g2d,ambiguous_name_only,2,4,6
normalized_name,recode,ambiguous_name_only,5,1,6
normalized_name,frog,ambiguous_name_only,4,2,6
normalized_name,rodeo,ambiguous_name_only,5,1,6
normalized_name,diffusion,ambiguous_name_only,5,1,6
normalized_name,sada,ambiguous_name_only,5,1,6
normalized_name,anchor,ambiguous_name_only,3,3,6
normalized_name,mantis,ambiguous_name_only,3,3,6
normalized_name,cpm,ambiguous_name_only,5,1,6
normalized_name,mira,ambiguous_name_only,3,3,6
normalized_name,canet,ambiguous_name_only,5,1,6
normalized_name,dsm,ambiguous_name_only,5,1,6
normalized_name,pythia,ambiguous_name_only,5,1,6
normalized_name,cass,ambiguous_name_only,5,1,6
normalized_name,paml,ambiguous_name_only,3,3,6
normalized_name,seanet,ambiguous_name_only,5,1,6
normalized_name,fem,ambiguous_name_only,4,2,6
normalized_name,retina,ambiguous_name_only,4,2,6
normalized_name,dar,ambiguous_name_only,5,1,6
normalized_name,gpa,ambiguous_name_only,5,1,6
normalized_name,m3,ambiguous_name_only,5,1,6
normalized_name,scc,ambiguous_name_only,5,1,6
normalized_name,multiverse,ambiguous_name_only,5,1,6
normalized_name,tera,ambiguous_name_only,5,1,6
normalized_name,score,ambiguous_name_only,4,2,6
normalized_name,darts,ambiguous_name_only,5,1,6
normalized_name,mml,ambiguous_name_only,5,1,6
normalized_name,ultra,ambiguous_name_only,5,1,6
normalized_name,cit,ambiguous_name_only,5,1,6
normalized_name,mirnet,ambiguous_name_only,4,2,6
normalized_name,tide,ambiguous_name_only,5,1,6
normalized_name,rain,ambiguous_name_only,5,1,6
normalized_name,freesurfer,ambiguous_name_only,3,3,6
normalized_name,cusp,ambiguous_name_only,3,3,6
normalized_name,mango,ambiguous_name_only,5,1,6
normalized_name,seqnet,ambiguous_name_only,5,1,6
normalized_name,crisp,ambiguous_name_only,3,3,6
normalized_name,bar,ambiguous_name_only,3,3,6
normalized_name,repo,ambiguous_name_only,5,1,6
normalized_name,orion,ambiguous_name_only,5,1,6
normalized_name,covid ct mask net,ambiguous_name_only,3,3,6
normalized_name,titan,ambiguous_name_only,4,2,6
normalized_name,compass,ambiguous_name_only,4,2,6
normalized_name,rare,ambiguous_name_only,5,1,6
normalized_name,devis,ambiguous_name_only,5,1,6
normalized_name,lime,ambiguous_name_only,5,1,6
normalized_name,oat,ambiguous_name_only,5,1,6
normalized_name,pps,ambiguous_name_only,3,3,6
normalized_name,patchwork,ambiguous_name_only,3,3,6
normalized_name,sharp,ambiguous_name_only,5,1,6
normalized_name,clip,ambiguous_name_only,3,3,6
normalized_name,cosmos,ambiguous_name_only,4,2,6
normalized_name,deco,ambiguous_name_only,5,1,6
normalized_name,cfnet,ambiguous_name_only,5,1,6
normalized_name,astra,ambiguous_name_only,5,1,6
normalized_name,sim,ambiguous_name_only,5,1,6
normalized_name,spike,ambiguous_name_only,5,1,6
normalized_name,conquer,ambiguous_name_only,5,1,6
normalized_name,most,ambiguous_name_only,4,2,6
normalized_name,steps,ambiguous_name_only,5,1,6
normalized_name,hot,ambiguous_name_only,5,1,6
normalized_name,tara,ambiguous_name_only,5,1,6
normalized_name,inspect,ambiguous_name_only,3,3,6
normalized_name,mage,ambiguous_name_only,5,1,6
normalized_name,bacon,ambiguous_name_only,5,1,6
normalized_name,mmcl,ambiguous_name_only,5,1,6
normalized_name,decode,ambiguous_name_only,3,3,6
normalized_name,tfm,ambiguous_name_only,3,3,6
normalized_name,last,ambiguous_name_only,5,1,6
normalized_name,mamba,ambiguous_name_only,4,2,6
normalized_name,duet,ambiguous_name_only,4,2,6
normalized_name,virgo,ambiguous_name_only,3,3,6
normalized_name,raven,ambiguous_name_only,5,1,6
normalized_name,beagle,ambiguous_name_only,1,5,6
normalized_name,prophet,ambiguous_name_only,2,4,6
normalized_name,charm,ambiguous_name_only,5,1,6
normalized_name,honeybee,ambiguous_name_only,5,1,6
normalized_name,camp,ambiguous_name_only,4,2,6
normalized_name,promise,ambiguous_name_only,5,1,6
normalized_name,sdm,ambiguous_name_only,4,2,6
normalized_name,arts,ambiguous_name_only,2,4,6
normalized_name,ttd,ambiguous_name_only,4,2,6
normalized_name,multimed,ambiguous_name_only,5,1,6
normalized_name,cactus,ambiguous_name_only,2,4,6
normalized_name,seeker,ambiguous_name_only,4,2,6
normalized_name,hgmd,ambiguous_name_only,1,5,6
normalized_name,soap,ambiguous_name_only,4,2,6
normalized_name,ais,ambiguous_name_only,3,2,5
normalized_name,lot,ambiguous_name_only,4,1,5
normalized_name,hpm,ambiguous_name_only,4,1,5
normalized_name,mach,ambiguous_name_only,4,1,5
normalized_name,conet,ambiguous_name_only,3,2,5
normalized_name,theta,ambiguous_name_only,4,1,5
normalized_name,lantern,ambiguous_name_only,4,1,5
normalized_name,heron,ambiguous_name_only,4,1,5
normalized_name,nova,ambiguous_name_only,4,1,5
normalized_name,distiller,ambiguous_name_only,4,1,5
normalized_name,cat net,ambiguous_name_only,4,1,5
normalized_name,brainiak,ambiguous_name_only,3,2,5
normalized_name,unet,ambiguous_name_only,4,1,5
normalized_name,gda,ambiguous_name_only,3,2,5
normalized_name,hdbscan,ambiguous_name_only,4,1,5
normalized_name,pic,ambiguous_name_only,4,1,5
normalized_name,precise,ambiguous_name_only,3,2,5
normalized_name,corex,ambiguous_name_only,3,2,5
normalized_name,project,ambiguous_name_only,4,1,5
normalized_name,dolphin,ambiguous_name_only,4,1,5
normalized_name,faster,ambiguous_name_only,4,1,5
normalized_name,pac,ambiguous_name_only,3,2,5
normalized_name,cake,ambiguous_name_only,4,1,5
normalized_name,maf,ambiguous_name_only,4,1,5
normalized_name,tulip,ambiguous_name_only,4,1,5
normalized_name,signet,ambiguous_name_only,4,1,5
normalized_name,moss,ambiguous_name_only,4,1,5
normalized_name,sga,ambiguous_name_only,4,1,5
normalized_name,dingo,ambiguous_name_only,4,1,5
normalized_name,sparrow,ambiguous_name_only,4,1,5
normalized_name,deca,ambiguous_name_only,3,2,5
normalized_name,porter5,ambiguous_name_only,2,3,5
normalized_name,masc,ambiguous_name_only,4,1,5
normalized_name,splitter,ambiguous_name_only,2,3,5
normalized_name,treat,ambiguous_name_only,3,2,5
normalized_name,echo,ambiguous_name_only,4,1,5
normalized_name,bit,ambiguous_name_only,4,1,5
normalized_name,help,ambiguous_name_only,4,1,5
normalized_name,tenet,ambiguous_name_only,3,2,5
normalized_name,pinet,ambiguous_name_only,3,2,5
normalized_name,hype,ambiguous_name_only,4,1,5
normalized_name,sparc,ambiguous_name_only,4,1,5
normalized_name,vampire,ambiguous_name_only,2,3,5
normalized_name,bags,ambiguous_name_only,3,2,5
normalized_name,cada,ambiguous_name_only,4,1,5
normalized_name,lsr,ambiguous_name_only,4,1,5
normalized_name,castor,ambiguous_name_only,4,1,5
normalized_name,morpheus,ambiguous_name_only,3,2,5
normalized_name,phyre,ambiguous_name_only,3,2,5
normalized_name,bison,ambiguous_name_only,2,3,5
normalized_name,liquid,ambiguous_name_only,3,2,5
normalized_name,cate,ambiguous_name_only,4,1,5
normalized_name,lama,ambiguous_name_only,4,1,5
normalized_name,sem,ambiguous_name_only,4,1,5
normalized_name,alter,ambiguous_name_only,4,1,5
normalized_name,temp,ambiguous_name_only,4,1,5
normalized_name,trip,ambiguous_name_only,3,2,5
normalized_name,misa,ambiguous_name_only,4,1,5
normalized_name,gfnet,ambiguous_name_only,4,1,5
normalized_name,pops,ambiguous_name_only,2,3,5
normalized_name,lsd,ambiguous_name_only,3,2,5
normalized_name,bip,ambiguous_name_only,4,1,5
normalized_name,quantum,ambiguous_name_only,4,1,5
normalized_name,matnet,ambiguous_name_only,4,1,5
normalized_name,csn,ambiguous_name_only,4,1,5
normalized_name,vega,ambiguous_name_only,4,1,5
normalized_name,dmnet,ambiguous_name_only,4,1,5
normalized_name,ghost,ambiguous_name_only,4,1,5
normalized_name,nest,ambiguous_name_only,3,2,5
normalized_name,jass,ambiguous_name_only,3,2,5
normalized_name,sara,ambiguous_name_only,3,2,5
normalized_name,fanet,ambiguous_name_only,4,1,5
normalized_name,minet,ambiguous_name_only,4,1,5
normalized_name,caspr,ambiguous_name_only,3,2,5
normalized_name,sparta,ambiguous_name_only,3,2,5
normalized_name,profit,ambiguous_name_only,2,3,5
normalized_name,astral,ambiguous_name_only,2,3,5
normalized_name,union,ambiguous_name_only,2,3,5
normalized_name,vigor,ambiguous_name_only,3,2,5
normalized_name,crt,ambiguous_name_only,4,1,5
normalized_name,sprint,ambiguous_name_only,3,2,5
normalized_name,tsm,ambiguous_name_only,4,1,5
normalized_name,sift,ambiguous_name_only,3,2,5
normalized_name,match,ambiguous_name_only,4,1,5
normalized_name,dino,ambiguous_name_only,4,1,5
normalized_name,alphafold2,ambiguous_name_only,2,3,5
normalized_name,phusion,ambiguous_name_only,1,4,5
normalized_name,roma,ambiguous_name_only,4,1,5
normalized_name,dial,ambiguous_name_only,4,1,5
normalized_name,neptune,ambiguous_name_only,3,2,5
normalized_name,coke,ambiguous_name_only,4,1,5
normalized_name,prost,ambiguous_name_only,3,2,5
normalized_name,meme,ambiguous_name_only,4,1,5
normalized_name,etna,ambiguous_name_only,4,1,5
normalized_name,mmgl,ambiguous_name_only,4,1,5
normalized_name,lca,ambiguous_name_only,3,2,5
normalized_name,pickle,ambiguous_name_only,1,4,5
normalized_name,cpc,ambiguous_name_only,4,1,5
normalized_name,pathfinder,ambiguous_name_only,3,2,5
normalized_name,mga,ambiguous_name_only,4,1,5
normalized_name,ar2,ambiguous_name_only,4,1,5
normalized_name,agile,ambiguous_name_only,4,1,5
normalized_name,memo,ambiguous_name_only,2,3,5
normalized_name,rave,ambiguous_name_only,4,1,5
normalized_name,parc,ambiguous_name_only,4,1,5
normalized_name,miner,ambiguous_name_only,3,2,5
normalized_name,tempo,ambiguous_name_only,3,2,5
normalized_name,rps,ambiguous_name_only,2,3,5
normalized_name,cai,ambiguous_name_only,2,3,5
normalized_name,mtm,ambiguous_name_only,3,2,5
normalized_name,rvs,ambiguous_name_only,3,2,5
normalized_name,kat,ambiguous_name_only,4,1,5
normalized_name,meteor,ambiguous_name_only,4,1,5
normalized_name,msa,ambiguous_name_only,2,3,5
normalized_name,pcs,ambiguous_name_only,4,1,5
normalized_name,eclipse,ambiguous_name_only,4,1,5
normalized_name,lord,ambiguous_name_only,4,1,5
normalized_name,casa,ambiguous_name_only,4,1,5
normalized_name,ideal,ambiguous_name_only,2,3,5
normalized_name,cod,ambiguous_name_only,4,1,5
normalized_name,vat,ambiguous_name_only,4,1,5
normalized_name,clrs,ambiguous_name_only,4,1,5
normalized_name,fit,ambiguous_name_only,4,1,5
normalized_name,cfa,ambiguous_name_only,4,1,5
normalized_name,gama,ambiguous_name_only,3,2,5
normalized_name,wit,ambiguous_name_only,4,1,5
normalized_name,gmm,ambiguous_name_only,4,1,5
normalized_name,dexter,ambiguous_name_only,4,1,5
normalized_name,magpie,ambiguous_name_only,2,3,5
normalized_name,tips,ambiguous_name_only,3,2,5
normalized_name,depth,ambiguous_name_only,3,2,5
normalized_name,pat,ambiguous_name_only,3,2,5
normalized_name,sda,ambiguous_name_only,4,1,5
normalized_name,map,ambiguous_name_only,4,1,5
normalized_name,lion,ambiguous_name_only,4,1,5
normalized_name,m3d,ambiguous_name_only,4,1,5
normalized_name,cascade,ambiguous_name_only,3,2,5
normalized_name,casper,ambiguous_name_only,3,2,5
normalized_name,abs,ambiguous_name_only,4,1,5
normalized_name,asd,ambiguous_name_only,4,1,5
normalized_name,elm,ambiguous_name_only,4,1,5
normalized_name,viper,ambiguous_name_only,2,3,5
normalized_name,cfm,ambiguous_name_only,4,1,5
normalized_name,cas,ambiguous_name_only,2,3,5
normalized_name,parrot,ambiguous_name_only,4,1,5
normalized_name,guide,ambiguous_name_only,4,1,5
normalized_name,pasa,ambiguous_name_only,3,2,5
normalized_name,strap,ambiguous_name_only,3,2,5
normalized_name,sad,ambiguous_name_only,4,1,5
normalized_name,gorilla,ambiguous_name_only,4,1,5
normalized_name,toast,ambiguous_name_only,1,4,5
normalized_name,prodigy,ambiguous_name_only,1,4,5
normalized_name,jarvis,ambiguous_name_only,4,1,5
normalized_name,catch,ambiguous_name_only,4,1,5
normalized_name,atom,ambiguous_name_only,4,1,5
normalized_name,seas,ambiguous_name_only,3,2,5
normalized_name,monkey,ambiguous_name_only,4,1,5
normalized_name,plato,ambiguous_name_only,2,3,5
normalized_name,magi,ambiguous_name_only,4,1,5
normalized_name,griffin,ambiguous_name_only,4,1,5
normalized_name,imp,ambiguous_name_only,1,4,5
normalized_name,pts,ambiguous_name_only,4,1,5
normalized_name,glimmer,ambiguous_name_only,2,3,5
normalized_name,charge,ambiguous_name_only,1,4,5
normalized_name,cluspro,ambiguous_name_only,1,4,5
normalized_name,multifit,ambiguous_name_only,3,1,4
normalized_name,warp,ambiguous_name_only,3,1,4
normalized_name,cvae,ambiguous_name_only,3,1,4
normalized_name,lap,ambiguous_name_only,3,1,4
normalized_name,vast,ambiguous_name_only,2,2,4
normalized_name,deeppurpose,ambiguous_name_only,3,1,4
normalized_name,acl,ambiguous_name_only,3,1,4
normalized_name,harmonization,ambiguous_name_only,3,1,4
normalized_name,pdnet,ambiguous_name_only,3,1,4
normalized_name,amos,ambiguous_name_only,3,1,4
normalized_name,nlimed,ambiguous_name_only,3,1,4
normalized_name,gad,ambiguous_name_only,3,1,4
normalized_name,reps,ambiguous_name_only,3,1,4
normalized_name,autoencoder,ambiguous_name_only,3,1,4
normalized_name,draw,ambiguous_name_only,3,1,4
normalized_name,sniper,ambiguous_name_only,3,1,4
normalized_name,squirrel,ambiguous_name_only,3,1,4
normalized_name,nlp,ambiguous_name_only,2,2,4
normalized_name,xflow,ambiguous_name_only,2,2,4
normalized_name,scarlet,ambiguous_name_only,3,1,4
normalized_name,quasar,ambiguous_name_only,2,2,4
normalized_name,fusenet,ambiguous_name_only,3,1,4
normalized_name,cnn,ambiguous_name_only,3,1,4
normalized_name,pcp,ambiguous_name_only,3,1,4
normalized_name,gener,ambiguous_name_only,3,1,4
normalized_name,sdp,ambiguous_name_only,3,1,4
normalized_name,basics,ambiguous_name_only,1,3,4
normalized_name,rcnn,ambiguous_name_only,3,1,4
normalized_name,mta,ambiguous_name_only,3,1,4
normalized_name,g2p,ambiguous_name_only,2,2,4
normalized_name,rca,ambiguous_name_only,3,1,4
normalized_name,ccml,ambiguous_name_only,3,1,4
normalized_name,fsa,ambiguous_name_only,3,1,4
normalized_name,sequoia,ambiguous_name_only,2,2,4
normalized_name,onlinefdr,ambiguous_name_only,3,1,4
normalized_name,cssr,ambiguous_name_only,3,1,4
normalized_name,hctsa,ambiguous_name_only,3,1,4
normalized_name,dscn,ambiguous_name_only,3,1,4
normalized_name,flea,ambiguous_name_only,3,1,4
normalized_name,intrepid,ambiguous_name_only,3,1,4
normalized_name,freak,ambiguous_name_only,1,3,4
normalized_name,deepfilter,ambiguous_name_only,3,1,4
normalized_name,claire,ambiguous_name_only,2,2,4
normalized_name,ocnet,ambiguous_name_only,3,1,4
normalized_name,recoder,ambiguous_name_only,1,3,4
normalized_name,metal,ambiguous_name_only,3,1,4
normalized_name,pyvhr,ambiguous_name_only,3,1,4
normalized_name,analyzer,ambiguous_name_only,3,1,4
normalized_name,mulan,ambiguous_name_only,3,1,4
normalized_name,bless,ambiguous_name_only,3,1,4
normalized_name,mpp,ambiguous_name_only,3,1,4
normalized_name,tnt,ambiguous_name_only,3,1,4
normalized_name,moses,ambiguous_name_only,3,1,4
normalized_name,leaf,ambiguous_name_only,3,1,4
normalized_name,meal,ambiguous_name_only,3,1,4
normalized_name,eco,ambiguous_name_only,3,1,4
normalized_name,yass,ambiguous_name_only,1,3,4
normalized_name,facs,ambiguous_name_only,2,2,4
normalized_name,srda,ambiguous_name_only,3,1,4
normalized_name,dense,ambiguous_name_only,3,1,4
normalized_name,vic,ambiguous_name_only,3,1,4
normalized_name,meerkat,ambiguous_name_only,3,1,4
normalized_name,hrnet,ambiguous_name_only,3,1,4
normalized_name,dragonfly,ambiguous_name_only,3,1,4
normalized_name,alpha,ambiguous_name_only,3,1,4
normalized_name,amass,ambiguous_name_only,2,2,4
normalized_name,pcan,ambiguous_name_only,3,1,4
normalized_name,bcm,ambiguous_name_only,3,1,4
normalized_name,lsim,ambiguous_name_only,3,1,4
normalized_name,d2 net,ambiguous_name_only,3,1,4
normalized_name,scda,ambiguous_name_only,3,1,4
normalized_name,gac,ambiguous_name_only,3,1,4
normalized_name,sca,ambiguous_name_only,3,1,4
normalized_name,sema,ambiguous_name_only,2,2,4
normalized_name,dks,ambiguous_name_only,3,1,4
normalized_name,delphi,ambiguous_name_only,3,1,4
normalized_name,castle,ambiguous_name_only,2,2,4
normalized_name,apricot,ambiguous_name_only,2,2,4
normalized_name,sc gan,ambiguous_name_only,3,1,4
normalized_name,dali,ambiguous_name_only,2,2,4
normalized_name,dgl lifesci,ambiguous_name_only,3,1,4
normalized_name,lassonet,ambiguous_name_only,3,1,4
normalized_name,catnet,ambiguous_name_only,3,1,4
normalized_name,cornet,ambiguous_name_only,3,1,4
normalized_name,ants,ambiguous_name_only,3,1,4
normalized_name,cddb,ambiguous_name_only,3,1,4
normalized_name,gold,ambiguous_name_only,2,2,4
normalized_name,impact,ambiguous_name_only,3,1,4
normalized_name,fpc,ambiguous_name_only,2,2,4
normalized_name,perseus,ambiguous_name_only,2,2,4
normalized_name,mib,ambiguous_name_only,3,1,4
normalized_name,s2p,ambiguous_name_only,3,1,4
normalized_name,conifer,ambiguous_name_only,3,1,4
normalized_name,pals,ambiguous_name_only,2,2,4
normalized_name,lge,ambiguous_name_only,3,1,4
normalized_name,asset,ambiguous_name_only,3,1,4
normalized_name,circe,ambiguous_name_only,3,1,4
normalized_name,aesop,ambiguous_name_only,3,1,4
normalized_name,prp,ambiguous_name_only,3,1,4
normalized_name,pica,ambiguous_name_only,3,1,4
normalized_name,cto,ambiguous_name_only,3,1,4
normalized_name,ams,ambiguous_name_only,2,2,4
normalized_name,bifrost,ambiguous_name_only,3,1,4
normalized_name,golem,ambiguous_name_only,3,1,4
normalized_name,mantra,ambiguous_name_only,3,1,4
normalized_name,relate,ambiguous_name_only,3,1,4
normalized_name,holmes,ambiguous_name_only,3,1,4
normalized_name,lol,ambiguous_name_only,3,1,4
normalized_name,sed,ambiguous_name_only,3,1,4
normalized_name,macs,ambiguous_name_only,2,2,4
normalized_name,srf,ambiguous_name_only,3,1,4
normalized_name,grm,ambiguous_name_only,3,1,4
normalized_name,piano,ambiguous_name_only,2,2,4
normalized_name,prs,ambiguous_name_only,3,1,4
normalized_name,codex,ambiguous_name_only,2,2,4
normalized_name,mats,ambiguous_name_only,2,2,4
normalized_name,proteus,ambiguous_name_only,2,2,4
normalized_name,cre,ambiguous_name_only,3,1,4
normalized_name,stan,ambiguous_name_only,3,1,4
normalized_name,eps,ambiguous_name_only,3,1,4
normalized_name,cogs,ambiguous_name_only,3,1,4
normalized_name,marvel,ambiguous_name_only,3,1,4
normalized_name,mesa,ambiguous_name_only,3,1,4
normalized_name,prop,ambiguous_name_only,2,2,4
normalized_name,gca,ambiguous_name_only,3,1,4
normalized_name,ascent,ambiguous_name_only,3,1,4
normalized_name,clipper,ambiguous_name_only,2,2,4
normalized_name,bsnet,ambiguous_name_only,3,1,4
normalized_name,phylodyn,ambiguous_name_only,2,2,4
normalized_name,aide,ambiguous_name_only,2,2,4
normalized_name,ramp,ambiguous_name_only,2,2,4
normalized_name,quip,ambiguous_name_only,3,1,4
normalized_name,bgnet,ambiguous_name_only,3,1,4
normalized_name,eager,ambiguous_name_only,3,1,4
normalized_name,pgt,ambiguous_name_only,3,1,4
normalized_name,tcs,ambiguous_name_only,2,2,4
normalized_name,samtools,ambiguous_name_only,1,3,4
normalized_name,gmt,ambiguous_name_only,3,1,4
normalized_name,ipa,ambiguous_name_only,3,1,4
normalized_name,trust,ambiguous_name_only,3,1,4
normalized_name,gemini,ambiguous_name_only,3,1,4
normalized_name,clam,ambiguous_name_only,3,1,4
normalized_name,rainbow,ambiguous_name_only,3,1,4
normalized_name,psi,ambiguous_name_only,2,2,4
normalized_name,dcnet,ambiguous_name_only,3,1,4
normalized_name,pgx,ambiguous_name_only,3,1,4
normalized_name,gma,ambiguous_name_only,3,1,4
normalized_name,hignn,ambiguous_name_only,3,1,4
normalized_name,qap,ambiguous_name_only,3,1,4
normalized_name,coil,ambiguous_name_only,2,2,4
normalized_name,ctnet,ambiguous_name_only,3,1,4
normalized_name,dadapy,ambiguous_name_only,3,1,4
normalized_name,acorn,ambiguous_name_only,3,1,4
normalized_name,adam,ambiguous_name_only,3,1,4
normalized_name,merit,ambiguous_name_only,3,1,4
normalized_name,pda,ambiguous_name_only,2,2,4
normalized_name,gedi,ambiguous_name_only,2,2,4
normalized_name,sdr,ambiguous_name_only,2,2,4
normalized_name,nast,ambiguous_name_only,2,2,4
normalized_name,milo,ambiguous_name_only,3,1,4
normalized_name,sirius,ambiguous_name_only,3,1,4
normalized_name,matilda,ambiguous_name_only,3,1,4
normalized_name,made,ambiguous_name_only,3,1,4
normalized_name,amt,ambiguous_name_only,3,1,4
normalized_name,tailor,ambiguous_name_only,3,1,4
normalized_name,bats,ambiguous_name_only,2,2,4
normalized_name,slr,ambiguous_name_only,2,2,4
normalized_name,decaf,ambiguous_name_only,3,1,4
normalized_name,bat,ambiguous_name_only,3,1,4
normalized_name,sra,ambiguous_name_only,2,2,4
normalized_name,ferret,ambiguous_name_only,3,1,4
normalized_name,adnet,ambiguous_name_only,3,1,4
normalized_name,lfa,ambiguous_name_only,3,1,4
normalized_name,pdc,ambiguous_name_only,3,1,4
normalized_name,prom,ambiguous_name_only,3,1,4
normalized_name,ito,ambiguous_name_only,3,1,4
normalized_name,vte,ambiguous_name_only,3,1,4
normalized_name,cgd,ambiguous_name_only,3,1,4
normalized_name,mtd,ambiguous_name_only,3,1,4
normalized_name,zebra,ambiguous_name_only,2,2,4
normalized_name,sherlock,ambiguous_name_only,2,2,4
normalized_name,tags,ambiguous_name_only,3,1,4
normalized_name,ssa,ambiguous_name_only,3,1,4
normalized_name,galaxy,ambiguous_name_only,2,2,4
normalized_name,stem,ambiguous_name_only,3,1,4
normalized_name,blend,ambiguous_name_only,3,1,4
normalized_name,tiara,ambiguous_name_only,2,2,4
normalized_name,aida,ambiguous_name_only,2,2,4
normalized_name,poco,ambiguous_name_only,3,1,4
normalized_name,potato,ambiguous_name_only,3,1,4
normalized_name,suprb,ambiguous_name_only,3,1,4
normalized_name,slide,ambiguous_name_only,3,1,4
normalized_name,sms,ambiguous_name_only,2,2,4
normalized_name,logo,ambiguous_name_only,3,1,4
normalized_name,gsc,ambiguous_name_only,3,1,4
normalized_name,rpa,ambiguous_name_only,3,1,4
normalized_name,raptor,ambiguous_name_only,2,2,4
normalized_name,cope,ambiguous_name_only,3,1,4
normalized_name,rex,ambiguous_name_only,3,1,4
normalized_name,colora,ambiguous_name_only,3,1,4
normalized_name,gcnet,ambiguous_name_only,3,1,4
normalized_name,pgd,ambiguous_name_only,3,1,4
normalized_name,omega,ambiguous_name_only,3,1,4
normalized_name,deepliif,ambiguous_name_only,3,1,4
normalized_name,ssm,ambiguous_name_only,3,1,4
normalized_name,bns,ambiguous_name_only,3,1,4
normalized_name,maker,ambiguous_name_only,2,2,4
normalized_name,adc,ambiguous_name_only,3,1,4
normalized_name,rag,ambiguous_name_only,3,1,4
normalized_name,igv,ambiguous_name_only,1,3,4
normalized_name,pisces,ambiguous_name_only,1,3,4
normalized_name,hippo,ambiguous_name_only,3,1,4
normalized_name,zodiac,ambiguous_name_only,2,2,4
normalized_name,near,ambiguous_name_only,3,1,4
normalized_name,spell,ambiguous_name_only,3,1,4
normalized_name,tpp,ambiguous_name_only,3,1,4
normalized_name,cs mil,ambiguous_name_only,3,1,4
normalized_name,pss,ambiguous_name_only,1,3,4
normalized_name,comma,ambiguous_name_only,3,1,4
normalized_name,psa,ambiguous_name_only,2,2,4
normalized_name,cue,ambiguous_name_only,3,1,4
normalized_name,pint,ambiguous_name_only,2,2,4
normalized_name,plot,ambiguous_name_only,1,3,4
normalized_name,diffdock,ambiguous_name_only,2,2,4
normalized_name,scarf,ambiguous_name_only,2,2,4
normalized_name,pap,ambiguous_name_only,2,2,4
normalized_name,phantom,ambiguous_name_only,3,1,4
normalized_name,mico,ambiguous_name_only,3,1,4
normalized_name,croco,ambiguous_name_only,2,2,4
normalized_name,icr,ambiguous_name_only,2,2,4
normalized_name,team,ambiguous_name_only,3,1,4
normalized_name,repair,ambiguous_name_only,2,2,4
normalized_name,mora,ambiguous_name_only,3,1,4
normalized_name,tapir,ambiguous_name_only,2,2,4
normalized_name,crema,ambiguous_name_only,3,1,4
normalized_name,record,ambiguous_name_only,3,1,4
normalized_name,safari,ambiguous_name_only,3,1,4
normalized_name,rawhash,ambiguous_name_only,3,1,4
normalized_name,pen,ambiguous_name_only,3,1,4
normalized_name,sdc,ambiguous_name_only,3,1,4
normalized_name,sinbad,ambiguous_name_only,3,1,4
normalized_name,fits,ambiguous_name_only,3,1,4
normalized_name,mccl,ambiguous_name_only,3,1,4
normalized_name,salad,ambiguous_name_only,3,1,4
normalized_name,vader,ambiguous_name_only,3,1,4
normalized_name,mcf,ambiguous_name_only,3,1,4
normalized_name,density,ambiguous_name_only,1,3,4
normalized_name,cad,ambiguous_name_only,3,1,4
normalized_name,abcd,ambiguous_name_only,3,1,4
normalized_name,mbr,ambiguous_name_only,3,1,4
normalized_name,matcher,ambiguous_name_only,1,3,4
normalized_name,gentle,ambiguous_name_only,3,1,4
normalized_name,grass,ambiguous_name_only,3,1,4
normalized_name,ship,ambiguous_name_only,3,1,4
normalized_name,pga,ambiguous_name_only,3,1,4
normalized_name,focal,ambiguous_name_only,3,1,4
normalized_name,fair,ambiguous_name_only,3,1,4
normalized_name,angle,ambiguous_name_only,3,1,4
normalized_name,clic,ambiguous_name_only,2,2,4
normalized_name,muffin,ambiguous_name_only,2,2,4
normalized_name,salmon,ambiguous_name_only,3,1,4
normalized_name,smarts,ambiguous_name_only,2,2,4
normalized_name,scout,ambiguous_name_only,3,1,4
normalized_name,race,ambiguous_name_only,3,1,4
normalized_name,mlatom,ambiguous_name_only,3,1,4
normalized_name,pepnet,ambiguous_name_only,1,3,4
normalized_name,t rex,ambiguous_name_only,3,1,4
normalized_name,scmd,ambiguous_name_only,1,3,4
normalized_name,cam,ambiguous_name_only,3,1,4
normalized_name,water,ambiguous_name_only,1,3,4
normalized_name,panacea,ambiguous_name_only,3,1,4
normalized_name,casp,ambiguous_name_only,3,1,4
normalized_name,mind,ambiguous_name_only,3,1,4
normalized_name,pir,ambiguous_name_only,3,1,4
normalized_name,mimir,ambiguous_name_only,3,1,4
normalized_name,cops,ambiguous_name_only,3,1,4
normalized_name,caviar,ambiguous_name_only,1,3,4
normalized_name,cedar,ambiguous_name_only,2,2,4
normalized_name,coma,ambiguous_name_only,2,2,4
normalized_name,pairs,ambiguous_name_only,3,1,4
normalized_name,red,ambiguous_name_only,2,2,4
normalized_name,beast,ambiguous_name_only,1,3,4
normalized_name,pepr,ambiguous_name_only,2,2,4
normalized_name,sas,ambiguous_name_only,2,2,4
normalized_name,dove,ambiguous_name_only,2,2,4
normalized_name,prompt,ambiguous_name_only,2,2,4
normalized_name,raid,ambiguous_name_only,3,1,4
normalized_name,price,ambiguous_name_only,2,2,4
normalized_name,hass,ambiguous_name_only,3,1,4
normalized_name,citrus,ambiguous_name_only,3,1,4
normalized_name,rum,ambiguous_name_only,3,1,4
normalized_name,pair,ambiguous_name_only,3,1,4
normalized_name,infoalign,ambiguous_name_only,1,3,4
normalized_name,epd,ambiguous_name_only,2,2,4
normalized_name,swan,ambiguous_name_only,2,2,4
normalized_name,booster,ambiguous_name_only,3,1,4
normalized_name,kaleidoscope,ambiguous_name_only,3,1,4
normalized_name,harp,ambiguous_name_only,3,1,4
normalized_name,arb,ambiguous_name_only,2,2,4
normalized_name,chronos,ambiguous_name_only,2,2,4
normalized_name,poseidon,ambiguous_name_only,2,2,4
normalized_name,saint,ambiguous_name_only,2,2,4
normalized_name,barc,ambiguous_name_only,2,1,3
normalized_name,mapper,ambiguous_name_only,2,1,3
normalized_name,paris,ambiguous_name_only,2,1,3
normalized_name,nam,ambiguous_name_only,2,1,3
normalized_name,magenta,ambiguous_name_only,2,1,3
normalized_name,gdm,ambiguous_name_only,2,1,3
normalized_name,monaco,ambiguous_name_only,2,1,3
normalized_name,pact,ambiguous_name_only,2,1,3
normalized_name,pooling,ambiguous_name_only,2,1,3
normalized_name,segan,ambiguous_name_only,2,1,3
normalized_name,tnet,ambiguous_name_only,2,1,3
normalized_name,hast,ambiguous_name_only,2,1,3
normalized_name,catana,ambiguous_name_only,1,2,3
normalized_name,riddle,ambiguous_name_only,2,1,3
normalized_name,sampling,ambiguous_name_only,2,1,3
normalized_name,simplicity,ambiguous_name_only,2,1,3
normalized_name,dsac,ambiguous_name_only,2,1,3
normalized_name,gnina,ambiguous_name_only,2,1,3
normalized_name,lstd,ambiguous_name_only,2,1,3
normalized_name,spatio temporal,ambiguous_name_only,2,1,3
normalized_name,wge,ambiguous_name_only,2,1,3
normalized_name,mocha,ambiguous_name_only,2,1,3
normalized_name,ring,ambiguous_name_only,1,2,3
normalized_name,gpar,ambiguous_name_only,2,1,3
normalized_name,horovod,ambiguous_name_only,2,1,3
normalized_name,cometa,ambiguous_name_only,2,1,3
normalized_name,ebic,ambiguous_name_only,2,1,3
normalized_name,source,ambiguous_name_only,2,1,3
normalized_name,picard,ambiguous_name_only,2,1,3
normalized_name,spine,ambiguous_name_only,2,1,3
normalized_name,nas,ambiguous_name_only,2,1,3
normalized_name,snapper,ambiguous_name_only,2,1,3
normalized_name,colide,ambiguous_name_only,2,1,3
normalized_name,aster,ambiguous_name_only,2,1,3
normalized_name,amat,ambiguous_name_only,2,1,3
normalized_name,d4,ambiguous_name_only,2,1,3
normalized_name,dentist,ambiguous_name_only,2,1,3
normalized_name,rpf,ambiguous_name_only,2,1,3
normalized_name,aenet,ambiguous_name_only,2,1,3
normalized_name,asc,ambiguous_name_only,2,1,3
normalized_name,yarn,ambiguous_name_only,2,1,3
normalized_name,santa,ambiguous_name_only,2,1,3
normalized_name,cmdsr,ambiguous_name_only,2,1,3
normalized_name,tidd,ambiguous_name_only,2,1,3
normalized_name,sepp,ambiguous_name_only,2,1,3
normalized_name,ukb,ambiguous_name_only,1,2,3
normalized_name,chop,ambiguous_name_only,2,1,3
normalized_name,pmce,ambiguous_name_only,2,1,3
normalized_name,cfsp,ambiguous_name_only,2,1,3
normalized_name,xgboost,ambiguous_name_only,2,1,3
normalized_name,rbm,ambiguous_name_only,1,2,3
normalized_name,ocd,ambiguous_name_only,2,1,3
normalized_name,ursa,ambiguous_name_only,2,1,3
normalized_name,amm,ambiguous_name_only,2,1,3
normalized_name,graphsim,ambiguous_name_only,2,1,3
normalized_name,mason,ambiguous_name_only,1,2,3
normalized_name,minimap2,ambiguous_name_only,2,1,3
normalized_name,arch,ambiguous_name_only,2,1,3
normalized_name,pathnet,ambiguous_name_only,2,1,3
normalized_name,paccmann,ambiguous_name_only,2,1,3
normalized_name,geneva,ambiguous_name_only,2,1,3
normalized_name,mrs,ambiguous_name_only,2,1,3
normalized_name,ibd,ambiguous_name_only,2,1,3
normalized_name,flipper,ambiguous_name_only,2,1,3
normalized_name,melanie,ambiguous_name_only,2,1,3
normalized_name,dkt,ambiguous_name_only,2,1,3
normalized_name,deepad,ambiguous_name_only,2,1,3
normalized_name,pinn,ambiguous_name_only,2,1,3
normalized_name,stig,ambiguous_name_only,2,1,3
normalized_name,trance,ambiguous_name_only,2,1,3
normalized_name,reval,ambiguous_name_only,2,1,3
normalized_name,shepherd,ambiguous_name_only,2,1,3
normalized_name,pram,ambiguous_name_only,2,1,3
normalized_name,logikey,ambiguous_name_only,2,1,3
normalized_name,deepred,ambiguous_name_only,2,1,3
normalized_name,discovery,ambiguous_name_only,2,1,3
normalized_name,stam,ambiguous_name_only,2,1,3
normalized_name,rcnet,ambiguous_name_only,2,1,3
normalized_name,sbm,ambiguous_name_only,2,1,3
normalized_name,super resolution,ambiguous_name_only,2,1,3
normalized_name,ffd,ambiguous_name_only,2,1,3
normalized_name,dsrc,ambiguous_name_only,2,1,3
normalized_name,acme,ambiguous_name_only,2,1,3
normalized_name,mia,ambiguous_name_only,2,1,3
normalized_name,abcnet,ambiguous_name_only,2,1,3
normalized_name,demos,ambiguous_name_only,2,1,3
normalized_name,matcha,ambiguous_name_only,2,1,3
normalized_name,vlad,ambiguous_name_only,2,1,3
normalized_name,mustang,ambiguous_name_only,2,1,3
normalized_name,bic,ambiguous_name_only,2,1,3
normalized_name,neurolib,ambiguous_name_only,2,1,3
normalized_name,gamma,ambiguous_name_only,2,1,3
normalized_name,mustard,ambiguous_name_only,2,1,3
normalized_name,pi net,ambiguous_name_only,2,1,3
normalized_name,med,ambiguous_name_only,2,1,3
normalized_name,aime,ambiguous_name_only,2,1,3
normalized_name,gait,ambiguous_name_only,2,1,3
normalized_name,alchemy,ambiguous_name_only,2,1,3
normalized_name,cdc,ambiguous_name_only,2,1,3
normalized_name,megan,ambiguous_name_only,2,1,3
normalized_name,deap,ambiguous_name_only,2,1,3
normalized_name,deepnc,ambiguous_name_only,1,2,3
normalized_name,csm,ambiguous_name_only,2,1,3
normalized_name,river,ambiguous_name_only,2,1,3
normalized_name,hnn,ambiguous_name_only,2,1,3
normalized_name,mada,ambiguous_name_only,2,1,3
normalized_name,refnet,ambiguous_name_only,2,1,3
normalized_name,maml,ambiguous_name_only,2,1,3
normalized_name,autotune,ambiguous_name_only,2,1,3
normalized_name,nem,ambiguous_name_only,2,1,3
normalized_name,foresee,ambiguous_name_only,2,1,3
normalized_name,deeprank,ambiguous_name_only,2,1,3
normalized_name,cif,ambiguous_name_only,2,1,3
normalized_name,polarmask,ambiguous_name_only,2,1,3
normalized_name,fuse,ambiguous_name_only,2,1,3
normalized_name,power,ambiguous_name_only,2,1,3
normalized_name,amica,ambiguous_name_only,1,2,3
normalized_name,rocket,ambiguous_name_only,2,1,3
normalized_name,simcal,ambiguous_name_only,2,1,3
normalized_name,tableparser,ambiguous_name_only,2,1,3
normalized_name,spag,ambiguous_name_only,2,1,3
normalized_name,blink,ambiguous_name_only,2,1,3
normalized_name,mlc,ambiguous_name_only,2,1,3
normalized_name,actor,ambiguous_name_only,2,1,3
normalized_name,safa,ambiguous_name_only,2,1,3
normalized_name,gaeseq,ambiguous_name_only,1,2,3
normalized_name,gdc,ambiguous_name_only,2,1,3
normalized_name,prince,ambiguous_name_only,1,2,3
normalized_name,hal,ambiguous_name_only,2,1,3
normalized_name,sbml,ambiguous_name_only,1,2,3
normalized_name,posa,ambiguous_name_only,2,1,3
normalized_name,beem,ambiguous_name_only,2,1,3
normalized_name,spades,ambiguous_name_only,1,2,3
normalized_name,arachne,ambiguous_name_only,1,2,3
normalized_name,cosnet,ambiguous_name_only,2,1,3
normalized_name,coot,ambiguous_name_only,1,2,3
normalized_name,abba,ambiguous_name_only,2,1,3
normalized_name,merlot,ambiguous_name_only,2,1,3
normalized_name,mct,ambiguous_name_only,2,1,3
normalized_name,hlp,ambiguous_name_only,2,1,3
normalized_name,torchmd,ambiguous_name_only,2,1,3
normalized_name,gdt,ambiguous_name_only,2,1,3
normalized_name,robust,ambiguous_name_only,2,1,3
normalized_name,penguin,ambiguous_name_only,2,1,3
normalized_name,gambit,ambiguous_name_only,1,2,3
normalized_name,rtn,ambiguous_name_only,2,1,3
normalized_name,relex,ambiguous_name_only,2,1,3
normalized_name,summer,ambiguous_name_only,1,2,3
normalized_name,deepseg,ambiguous_name_only,2,1,3
normalized_name,seek,ambiguous_name_only,2,1,3
normalized_name,dire,ambiguous_name_only,2,1,3
normalized_name,pulse,ambiguous_name_only,1,2,3
normalized_name,wavecnet,ambiguous_name_only,2,1,3
normalized_name,feather,ambiguous_name_only,2,1,3
normalized_name,snr,ambiguous_name_only,2,1,3
normalized_name,tin,ambiguous_name_only,2,1,3
normalized_name,tiger,ambiguous_name_only,1,2,3
normalized_name,orange,ambiguous_name_only,1,2,3
normalized_name,gen,ambiguous_name_only,2,1,3
normalized_name,corgi,ambiguous_name_only,2,1,3
normalized_name,fires,ambiguous_name_only,2,1,3
normalized_name,recover,ambiguous_name_only,2,1,3
normalized_name,fds,ambiguous_name_only,2,1,3
normalized_name,trend,ambiguous_name_only,2,1,3
normalized_name,trove,ambiguous_name_only,2,1,3
normalized_name,atrialjsqnet,ambiguous_name_only,2,1,3
normalized_name,skyline,ambiguous_name_only,1,2,3
normalized_name,smap,ambiguous_name_only,1,2,3
normalized_name,resa,ambiguous_name_only,2,1,3
normalized_name,dissect,ambiguous_name_only,2,1,3
normalized_name,filter,ambiguous_name_only,2,1,3
normalized_name,forecast,ambiguous_name_only,1,2,3
normalized_name,bitenet,ambiguous_name_only,1,2,3
normalized_name,asanet,ambiguous_name_only,2,1,3
normalized_name,olympus,ambiguous_name_only,2,1,3
normalized_name,grade,ambiguous_name_only,2,1,3
normalized_name,garfield,ambiguous_name_only,2,1,3
normalized_name,insnet,ambiguous_name_only,2,1,3
normalized_name,hummingbird,ambiguous_name_only,2,1,3
normalized_name,fae,ambiguous_name_only,2,1,3
normalized_name,dante,ambiguous_name_only,1,2,3
normalized_name,ood,ambiguous_name_only,2,1,3
normalized_name,mix,ambiguous_name_only,2,1,3
normalized_name,grand,ambiguous_name_only,1,2,3
normalized_name,tangle,ambiguous_name_only,2,1,3
normalized_name,commet,ambiguous_name_only,1,2,3
normalized_name,phylo io,ambiguous_name_only,1,2,3
normalized_name,sidco,ambiguous_name_only,2,1,3
normalized_name,compnet,ambiguous_name_only,1,2,3
normalized_name,odam,ambiguous_name_only,2,1,3
normalized_name,sprout,ambiguous_name_only,2,1,3
normalized_name,marge,ambiguous_name_only,2,1,3
normalized_name,text,ambiguous_name_only,2,1,3
normalized_name,sensei,ambiguous_name_only,2,1,3
normalized_name,f5c,ambiguous_name_only,1,2,3
normalized_name,igd,ambiguous_name_only,2,1,3
normalized_name,lpm,ambiguous_name_only,2,1,3
normalized_name,covidhunter,ambiguous_name_only,2,1,3
normalized_name,dgt,ambiguous_name_only,2,1,3
normalized_name,pecanpy,ambiguous_name_only,2,1,3
normalized_name,arks,ambiguous_name_only,2,1,3
normalized_name,gems,ambiguous_name_only,1,2,3
normalized_name,adrenaline,ambiguous_name_only,2,1,3
normalized_name,fba,ambiguous_name_only,2,1,3
normalized_name,crp,ambiguous_name_only,1,2,3
normalized_name,newt,ambiguous_name_only,2,1,3
normalized_name,deepsimulator,ambiguous_name_only,1,2,3
normalized_name,bpnet,ambiguous_name_only,2,1,3
normalized_name,semgraph,ambiguous_name_only,1,2,3
normalized_name,elp,ambiguous_name_only,2,1,3
normalized_name,memes,ambiguous_name_only,2,1,3
normalized_name,broccoli,ambiguous_name_only,1,2,3
normalized_name,pine,ambiguous_name_only,2,1,3
normalized_name,eir,ambiguous_name_only,2,1,3
normalized_name,hrm,ambiguous_name_only,1,2,3
normalized_name,consensus,ambiguous_name_only,2,1,3
normalized_name,pixie,ambiguous_name_only,2,1,3
normalized_name,msf,ambiguous_name_only,2,1,3
normalized_name,ptr,ambiguous_name_only,2,1,3
normalized_name,dmu,ambiguous_name_only,2,1,3
normalized_name,mla,ambiguous_name_only,2,1,3
normalized_name,sire,ambiguous_name_only,2,1,3
normalized_name,ember,ambiguous_name_only,2,1,3
normalized_name,finet,ambiguous_name_only,1,2,3
normalized_name,sgi,ambiguous_name_only,1,2,3
normalized_name,gviz,ambiguous_name_only,2,1,3
normalized_name,bandit,ambiguous_name_only,2,1,3
normalized_name,badge,ambiguous_name_only,2,1,3
normalized_name,millipede,ambiguous_name_only,2,1,3
normalized_name,bingo,ambiguous_name_only,2,1,3
normalized_name,abm,ambiguous_name_only,2,1,3
normalized_name,toa,ambiguous_name_only,2,1,3
normalized_name,minerva,ambiguous_name_only,2,1,3
normalized_name,crosslink net,ambiguous_name_only,2,1,3
normalized_name,spear,ambiguous_name_only,2,1,3
normalized_name,glass,ambiguous_name_only,2,1,3
normalized_name,tres,ambiguous_name_only,2,1,3
normalized_name,vce,ambiguous_name_only,2,1,3
normalized_name,gast,ambiguous_name_only,2,1,3
normalized_name,spd,ambiguous_name_only,2,1,3
normalized_name,xsim,ambiguous_name_only,2,1,3
normalized_name,cgr,ambiguous_name_only,2,1,3
normalized_name,ibis,ambiguous_name_only,1,2,3
normalized_name,hifiasm,ambiguous_name_only,2,1,3
normalized_name,osiris,ambiguous_name_only,2,1,3
normalized_name,mlmc,ambiguous_name_only,2,1,3
normalized_name,igc,ambiguous_name_only,2,1,3
normalized_name,gat,ambiguous_name_only,2,1,3
normalized_name,soma,ambiguous_name_only,2,1,3
normalized_name,serac,ambiguous_name_only,2,1,3
normalized_name,nod,ambiguous_name_only,1,2,3
normalized_name,copo,ambiguous_name_only,2,1,3
normalized_name,simplex,ambiguous_name_only,2,1,3
normalized_name,mak,ambiguous_name_only,2,1,3
normalized_name,cellpose,ambiguous_name_only,2,1,3
normalized_name,glue,ambiguous_name_only,1,2,3
normalized_name,mri,ambiguous_name_only,2,1,3
normalized_name,fish,ambiguous_name_only,2,1,3
normalized_name,mural,ambiguous_name_only,2,1,3
normalized_name,cord,ambiguous_name_only,2,1,3
normalized_name,orchard,ambiguous_name_only,2,1,3
normalized_name,aitl,ambiguous_name_only,1,2,3
normalized_name,mfa,ambiguous_name_only,2,1,3
normalized_name,hive,ambiguous_name_only,2,1,3
normalized_name,ascend,ambiguous_name_only,1,2,3
normalized_name,tracer,ambiguous_name_only,1,2,3
normalized_name,ggd,ambiguous_name_only,2,1,3
normalized_name,condor,ambiguous_name_only,2,1,3
normalized_name,miseval,ambiguous_name_only,2,1,3
normalized_name,mssr,ambiguous_name_only,2,1,3
normalized_name,clinical longformer,ambiguous_name_only,2,1,3
normalized_name,harmony,ambiguous_name_only,2,1,3
normalized_name,ewas,ambiguous_name_only,1,2,3
normalized_name,anthem,ambiguous_name_only,2,1,3
normalized_name,finer,ambiguous_name_only,2,1,3
normalized_name,rvd,ambiguous_name_only,2,1,3
normalized_name,diana,ambiguous_name_only,1,2,3
normalized_name,mspc,ambiguous_name_only,1,2,3
normalized_name,mid,ambiguous_name_only,2,1,3
normalized_name,cicero,ambiguous_name_only,2,1,3
normalized_name,selfies,ambiguous_name_only,2,1,3
normalized_name,smal,ambiguous_name_only,2,1,3
normalized_name,ipf,ambiguous_name_only,2,1,3
normalized_name,biscuit,ambiguous_name_only,2,1,3
normalized_name,cnet,ambiguous_name_only,2,1,3
normalized_name,inform,ambiguous_name_only,2,1,3
normalized_name,mica,ambiguous_name_only,2,1,3
normalized_name,freda,ambiguous_name_only,2,1,3
normalized_name,braingb,ambiguous_name_only,2,1,3
normalized_name,dira,ambiguous_name_only,2,1,3
normalized_name,costa,ambiguous_name_only,2,1,3
normalized_name,gnr,ambiguous_name_only,2,1,3
normalized_name,modi,ambiguous_name_only,2,1,3
normalized_name,green db,ambiguous_name_only,2,1,3
normalized_name,dama,ambiguous_name_only,2,1,3
normalized_name,tie,ambiguous_name_only,2,1,3
normalized_name,smc,ambiguous_name_only,2,1,3
normalized_name,bars,ambiguous_name_only,2,1,3
normalized_name,eman,ambiguous_name_only,1,2,3
normalized_name,rci,ambiguous_name_only,1,2,3
normalized_name,tcc,ambiguous_name_only,2,1,3
normalized_name,quark,ambiguous_name_only,2,1,3
normalized_name,lapis,ambiguous_name_only,2,1,3
normalized_name,action,ambiguous_name_only,2,1,3
normalized_name,gretel,ambiguous_name_only,2,1,3
normalized_name,director,ambiguous_name_only,2,1,3
normalized_name,limo,ambiguous_name_only,2,1,3
normalized_name,pier,ambiguous_name_only,2,1,3
normalized_name,clasp,ambiguous_name_only,2,1,3
normalized_name,grit,ambiguous_name_only,2,1,3
normalized_name,aries,ambiguous_name_only,2,1,3
normalized_name,ppnet,ambiguous_name_only,2,1,3
normalized_name,fec,ambiguous_name_only,2,1,3
normalized_name,tess,ambiguous_name_only,2,1,3
normalized_name,tes,ambiguous_name_only,2,1,3
normalized_name,binder,ambiguous_name_only,2,1,3
normalized_name,matt,ambiguous_name_only,2,1,3
normalized_name,paser,ambiguous_name_only,2,1,3
normalized_name,arena,ambiguous_name_only,2,1,3
normalized_name,robot,ambiguous_name_only,2,1,3
normalized_name,orchid,ambiguous_name_only,2,1,3
normalized_name,gani,ambiguous_name_only,2,1,3
normalized_name,sparse,ambiguous_name_only,2,1,3
normalized_name,dmf,ambiguous_name_only,2,1,3
normalized_name,papa,ambiguous_name_only,2,1,3
normalized_name,dtf,ambiguous_name_only,2,1,3
normalized_name,imas,ambiguous_name_only,2,1,3
normalized_name,domac,ambiguous_name_only,1,2,3
normalized_name,pla,ambiguous_name_only,2,1,3
normalized_name,rho,ambiguous_name_only,2,1,3
normalized_name,luna,ambiguous_name_only,2,1,3
normalized_name,forge,ambiguous_name_only,1,2,3
normalized_name,imos,ambiguous_name_only,2,1,3
normalized_name,petal,ambiguous_name_only,2,1,3
normalized_name,dag,ambiguous_name_only,2,1,3
normalized_name,drda,ambiguous_name_only,2,1,3
normalized_name,vapor,ambiguous_name_only,2,1,3
normalized_name,pma,ambiguous_name_only,2,1,3
normalized_name,spp,ambiguous_name_only,2,1,3
normalized_name,cba,ambiguous_name_only,2,1,3
normalized_name,moat,ambiguous_name_only,2,1,3
normalized_name,bdm,ambiguous_name_only,2,1,3
normalized_name,cma,ambiguous_name_only,2,1,3
normalized_name,esp,ambiguous_name_only,1,2,3
normalized_name,factorizer,ambiguous_name_only,2,1,3
normalized_name,lure,ambiguous_name_only,2,1,3
normalized_name,falco,ambiguous_name_only,1,2,3
normalized_name,patchsearch,ambiguous_name_only,1,2,3
normalized_name,mmr,ambiguous_name_only,2,1,3
normalized_name,shap,ambiguous_name_only,2,1,3
normalized_name,ddt,ambiguous_name_only,2,1,3
normalized_name,canvas,ambiguous_name_only,1,2,3
normalized_name,moda,ambiguous_name_only,2,1,3
normalized_name,isaac,ambiguous_name_only,2,1,3
normalized_name,geia,ambiguous_name_only,2,1,3
normalized_name,mba,ambiguous_name_only,2,1,3
normalized_name,papi,ambiguous_name_only,1,2,3
normalized_name,plip,ambiguous_name_only,1,2,3
normalized_name,tef,ambiguous_name_only,1,2,3
normalized_name,mtr,ambiguous_name_only,2,1,3
normalized_name,mbs,ambiguous_name_only,2,1,3
normalized_name,gsa,ambiguous_name_only,1,2,3
normalized_name,prospect,ambiguous_name_only,1,2,3
normalized_name,pia,ambiguous_name_only,2,1,3
normalized_name,click,ambiguous_name_only,2,1,3
normalized_name,css,ambiguous_name_only,2,1,3
normalized_name,peace,ambiguous_name_only,2,1,3
normalized_name,mwt,ambiguous_name_only,2,1,3
normalized_name,tsfm,ambiguous_name_only,2,1,3
normalized_name,scflow,ambiguous_name_only,1,2,3
normalized_name,lea,ambiguous_name_only,2,1,3
normalized_name,align,ambiguous_name_only,2,1,3
normalized_name,inflect,ambiguous_name_only,1,2,3
normalized_name,lrd,ambiguous_name_only,2,1,3
normalized_name,floss,ambiguous_name_only,2,1,3
normalized_name,brie,ambiguous_name_only,1,2,3
normalized_name,cheetah,ambiguous_name_only,2,1,3
normalized_name,edda,ambiguous_name_only,2,1,3
normalized_name,vta,ambiguous_name_only,2,1,3
normalized_name,platypus,ambiguous_name_only,1,2,3
normalized_name,seda,ambiguous_name_only,1,2,3
normalized_name,alphafold,ambiguous_name_only,1,2,3
normalized_name,mpad,ambiguous_name_only,2,1,3
normalized_name,moose,ambiguous_name_only,2,1,3
normalized_name,totem,ambiguous_name_only,1,2,3
normalized_name,psc,ambiguous_name_only,2,1,3
normalized_name,amplify,ambiguous_name_only,2,1,3
normalized_name,crac,ambiguous_name_only,1,2,3
normalized_name,prose,ambiguous_name_only,2,1,3
normalized_name,skipper,ambiguous_name_only,2,1,3
normalized_name,hiss,ambiguous_name_only,2,1,3
normalized_name,sip,ambiguous_name_only,1,2,3
normalized_name,grapes,ambiguous_name_only,2,1,3
normalized_name,seeds,ambiguous_name_only,2,1,3
normalized_name,pets,ambiguous_name_only,2,1,3
normalized_name,gess,ambiguous_name_only,2,1,3
normalized_name,mlp,ambiguous_name_only,2,1,3
normalized_name,hawkeye,ambiguous_name_only,2,1,3
normalized_name,linc,ambiguous_name_only,2,1,3
normalized_name,rast,ambiguous_name_only,2,1,3
normalized_name,heap,ambiguous_name_only,1,2,3
normalized_name,fred,ambiguous_name_only,2,1,3
normalized_name,talc,ambiguous_name_only,2,1,3
normalized_name,genies,ambiguous_name_only,1,2,3
normalized_name,champ,ambiguous_name_only,2,1,3
normalized_name,dune,ambiguous_name_only,1,2,3
normalized_name,dose,ambiguous_name_only,2,1,3
normalized_name,mess,ambiguous_name_only,2,1,3
normalized_name,triage,ambiguous_name_only,2,1,3
normalized_name,usearch,ambiguous_name_only,1,2,3
normalized_name,cmf,ambiguous_name_only,2,1,3
normalized_name,wham,ambiguous_name_only,1,2,3
normalized_name,gsva,ambiguous_name_only,1,2,3
normalized_name,selex,ambiguous_name_only,2,1,3
normalized_name,waves,ambiguous_name_only,1,2,3
normalized_name,ccnet,ambiguous_name_only,2,1,3
normalized_name,ltm,ambiguous_name_only,2,1,3
normalized_name,trap,ambiguous_name_only,1,2,3
normalized_name,pandas,ambiguous_name_only,2,1,3
normalized_name,sesame,ambiguous_name_only,1,2,3
normalized_name,hac,ambiguous_name_only,2,1,3
normalized_name,traveler,ambiguous_name_only,1,2,3
normalized_name,tpd,ambiguous_name_only,1,2,3
normalized_name,pandora,ambiguous_name_only,1,2,3
normalized_name,umd,ambiguous_name_only,1,2,3
normalized_name,pmg,ambiguous_name_only,2,1,3
normalized_name,sami,ambiguous_name_only,2,1,3
normalized_name,seismic,ambiguous_name_only,2,1,3
normalized_name,simplot,ambiguous_name_only,1,2,3
normalized_name,diamond,ambiguous_name_only,2,1,3
normalized_name,bimm,ambiguous_name_only,1,2,3
normalized_name,slope,ambiguous_name_only,2,1,3
normalized_name,bird,ambiguous_name_only,2,1,3
normalized_name,cega,ambiguous_name_only,2,1,3
normalized_name,crc,ambiguous_name_only,2,1,3
normalized_name,flux,ambiguous_name_only,2,1,3
normalized_name,spectrum,ambiguous_name_only,1,2,3
normalized_name,ipd,ambiguous_name_only,1,2,3
normalized_name,deep,ambiguous_name_only,1,2,3
normalized_name,compact,ambiguous_name_only,2,1,3
normalized_name,livebench,ambiguous_name_only,1,2,3
normalized_name,catt,ambiguous_name_only,1,2,3
normalized_name,cmr,ambiguous_name_only,2,1,3
normalized_name,ncis,ambiguous_name_only,2,1,3
normalized_name,opal,ambiguous_name_only,2,1,3
normalized_name,motifbreakr,ambiguous_name_only,1,2,3
normalized_name,flute,ambiguous_name_only,2,1,3
normalized_name,cmc,ambiguous_name_only,2,1,3
normalized_name,scrna seq,ambiguous_name_only,1,2,3
normalized_name,surf,ambiguous_name_only,2,1,3
normalized_name,msl,ambiguous_name_only,2,1,3
normalized_name,jedi,ambiguous_name_only,1,2,3
normalized_name,glider,ambiguous_name_only,2,1,3
normalized_name,digit,ambiguous_name_only,2,1,3
normalized_name,bento,ambiguous_name_only,1,2,3
normalized_name,taba,ambiguous_name_only,1,2,3
normalized_name,miso,ambiguous_name_only,1,2,3
normalized_name,plink,ambiguous_name_only,1,2,3
normalized_name,tockylocus,ambiguous_name_only,2,1,3
normalized_name,svip,ambiguous_name_only,2,1,3
normalized_name,expath,ambiguous_name_only,1,2,3
normalized_name,tale,ambiguous_name_only,2,1,3
normalized_name,spar,ambiguous_name_only,2,1,3
normalized_name,vtr,ambiguous_name_only,1,2,3
normalized_name,fhir,ambiguous_name_only,1,2,3
normalized_name,dce,ambiguous_name_only,2,1,3
normalized_name,autograph,ambiguous_name_only,1,2,3
normalized_name,icat,ambiguous_name_only,1,2,3
normalized_name,survhive,ambiguous_name_only,2,1,3
normalized_name,karma,ambiguous_name_only,2,1,3
normalized_name,come,ambiguous_name_only,2,1,3
normalized_name,pmat,ambiguous_name_only,1,2,3
normalized_name,muon,ambiguous_name_only,2,1,3
normalized_name,nexus,ambiguous_name_only,2,1,3
normalized_name,fastmap,ambiguous_name_only,2,1,3
normalized_name,mpd,ambiguous_name_only,1,2,3
normalized_name,pave,ambiguous_name_only,1,2,3
normalized_name,fresa,ambiguous_name_only,2,1,3
normalized_name,real,ambiguous_name_only,2,1,3
normalized_name,spotlight,ambiguous_name_only,1,2,3
normalized_name,vica,ambiguous_name_only,2,1,3
normalized_name,elephant,ambiguous_name_only,1,2,3
normalized_name,mosaik,ambiguous_name_only,1,2,3
normalized_name,ibex,ambiguous_name_only,1,2,3
normalized_name,neuron,ambiguous_name_only,1,1,2
normalized_name,sprites,ambiguous_name_only,1,1,2
normalized_name,slalom,ambiguous_name_only,1,1,2
normalized_name,pepper,ambiguous_name_only,1,1,2
normalized_name,sophie,ambiguous_name_only,1,1,2
normalized_name,mps,ambiguous_name_only,1,1,2
normalized_name,mvgcn,ambiguous_name_only,1,1,2
normalized_name,scanner,ambiguous_name_only,1,1,2
normalized_name,cci,ambiguous_name_only,1,1,2
normalized_name,opa2vec,ambiguous_name_only,1,1,2
normalized_name,pcit,ambiguous_name_only,1,1,2
normalized_name,beam,ambiguous_name_only,1,1,2
normalized_name,alignet,ambiguous_name_only,1,1,2
normalized_name,arct,ambiguous_name_only,1,1,2
normalized_name,bamfa,ambiguous_name_only,1,1,2
normalized_name,prm,ambiguous_name_only,1,1,2
normalized_name,megadepth,ambiguous_name_only,1,1,2
normalized_name,rsnet,ambiguous_name_only,1,1,2
normalized_name,mom,ambiguous_name_only,1,1,2
normalized_name,starmap,ambiguous_name_only,1,1,2
normalized_name,network archaeology,ambiguous_name_only,1,1,2
normalized_name,topaz,ambiguous_name_only,1,1,2
normalized_name,mfqe,ambiguous_name_only,1,1,2
normalized_name,pomegranate,ambiguous_name_only,1,1,2
normalized_name,mcnn,ambiguous_name_only,1,1,2
normalized_name,lollipop,ambiguous_name_only,1,1,2
normalized_name,vieclus,ambiguous_name_only,1,1,2
normalized_name,deeptype,ambiguous_name_only,1,1,2
normalized_name,ternarynet,ambiguous_name_only,1,1,2
normalized_name,simlr,ambiguous_name_only,1,1,2
normalized_name,idbp,ambiguous_name_only,1,1,2
normalized_name,minos,ambiguous_name_only,1,1,2
normalized_name,ssnet,ambiguous_name_only,1,1,2
normalized_name,lms,ambiguous_name_only,1,1,2
normalized_name,gmv,ambiguous_name_only,1,1,2
normalized_name,medical relation extraction,ambiguous_name_only,1,1,2
normalized_name,mdp,ambiguous_name_only,1,1,2
normalized_name,mala,ambiguous_name_only,1,1,2
normalized_name,planet,ambiguous_name_only,1,1,2
normalized_name,visual dynamics,ambiguous_name_only,1,1,2
normalized_name,analogy,ambiguous_name_only,1,1,2
normalized_name,reduce,ambiguous_name_only,1,1,2
normalized_name,glint,ambiguous_name_only,1,1,2
normalized_name,bakr,ambiguous_name_only,1,1,2
normalized_name,patternlab,ambiguous_name_only,1,1,2
normalized_name,magnolia,ambiguous_name_only,1,1,2
normalized_name,celltracker,ambiguous_name_only,1,1,2
normalized_name,maca,ambiguous_name_only,1,1,2
normalized_name,adaptest,ambiguous_name_only,1,1,2
normalized_name,causalmgm,ambiguous_name_only,1,1,2
normalized_name,mlrmbo,ambiguous_name_only,1,1,2
normalized_name,scribe,ambiguous_name_only,1,1,2
normalized_name,graph,ambiguous_name_only,1,1,2
normalized_name,mrf,ambiguous_name_only,1,1,2
normalized_name,eugene,ambiguous_name_only,1,1,2
normalized_name,confocalgn,ambiguous_name_only,1,1,2
normalized_name,deepscreening,ambiguous_name_only,1,1,2
normalized_name,ilearn,ambiguous_name_only,1,1,2
normalized_name,reach,ambiguous_name_only,1,1,2
normalized_name,flash,ambiguous_name_only,1,1,2
normalized_name,bindash,ambiguous_name_only,1,1,2
normalized_name,3dcnn,ambiguous_name_only,1,1,2
normalized_name,swish,ambiguous_name_only,1,1,2
normalized_name,expresso,ambiguous_name_only,1,1,2
normalized_name,dsk,ambiguous_name_only,1,1,2
normalized_name,snmf,ambiguous_name_only,1,1,2
normalized_name,sikulix,ambiguous_name_only,1,1,2
normalized_name,ptm,ambiguous_name_only,1,1,2
normalized_name,scikit image,ambiguous_name_only,1,1,2
normalized_name,quac,ambiguous_name_only,1,1,2
normalized_name,matlab,ambiguous_name_only,1,1,2
normalized_name,airlab,ambiguous_name_only,1,1,2
normalized_name,deeptag,ambiguous_name_only,1,1,2
normalized_name,wombat,ambiguous_name_only,1,1,2
normalized_name,nfp,ambiguous_name_only,1,1,2
normalized_name,ssrsc,ambiguous_name_only,1,1,2
normalized_name,aten,ambiguous_name_only,1,1,2
normalized_name,deepathology,ambiguous_name_only,1,1,2
normalized_name,fever,ambiguous_name_only,1,1,2
normalized_name,deepneuro,ambiguous_name_only,1,1,2
normalized_name,collabonet,ambiguous_name_only,1,1,2
normalized_name,uovos,ambiguous_name_only,1,1,2
normalized_name,samsa,ambiguous_name_only,1,1,2
normalized_name,slang,ambiguous_name_only,1,1,2
normalized_name,tis,ambiguous_name_only,1,1,2
normalized_name,elastic,ambiguous_name_only,1,1,2
normalized_name,sepca,ambiguous_name_only,1,1,2
normalized_name,vegan,ambiguous_name_only,1,1,2
normalized_name,pce,ambiguous_name_only,1,1,2
normalized_name,hamster,ambiguous_name_only,1,1,2
normalized_name,dialign,ambiguous_name_only,1,1,2
normalized_name,ican,ambiguous_name_only,1,1,2
normalized_name,ppd,ambiguous_name_only,1,1,2
normalized_name,pvnet,ambiguous_name_only,1,1,2
normalized_name,recview,ambiguous_name_only,1,1,2
normalized_name,clustrviz,ambiguous_name_only,1,1,2
normalized_name,crossbow,ambiguous_name_only,1,1,2
normalized_name,mpact,ambiguous_name_only,1,1,2
normalized_name,remaster,ambiguous_name_only,1,1,2
normalized_name,optimol,ambiguous_name_only,1,1,2
normalized_name,sqn,ambiguous_name_only,1,1,2
normalized_name,naomi,ambiguous_name_only,1,1,2
normalized_name,deepram,ambiguous_name_only,1,1,2
normalized_name,deep z,ambiguous_name_only,1,1,2
normalized_name,astd,ambiguous_name_only,1,1,2
normalized_name,ftk,ambiguous_name_only,1,1,2
normalized_name,ldso,ambiguous_name_only,1,1,2
normalized_name,sde,ambiguous_name_only,1,1,2
normalized_name,boassembler,ambiguous_name_only,1,1,2
normalized_name,graphat,ambiguous_name_only,1,1,2
normalized_name,brainstorm,ambiguous_name_only,1,1,2
normalized_name,hamr,ambiguous_name_only,1,1,2
normalized_name,evidence,ambiguous_name_only,1,1,2
normalized_name,fuma,ambiguous_name_only,1,1,2
normalized_name,timecycle,ambiguous_name_only,1,1,2
normalized_name,liteflownet2,ambiguous_name_only,1,1,2
normalized_name,mcan,ambiguous_name_only,1,1,2
normalized_name,ocelot,ambiguous_name_only,1,1,2
normalized_name,vaal,ambiguous_name_only,1,1,2
normalized_name,chemprop,ambiguous_name_only,1,1,2
normalized_name,scite,ambiguous_name_only,1,1,2
normalized_name,asd diagnet,ambiguous_name_only,1,1,2
normalized_name,klic,ambiguous_name_only,1,1,2
normalized_name,kgcn,ambiguous_name_only,1,1,2
normalized_name,pyro nn,ambiguous_name_only,1,1,2
normalized_name,xdream,ambiguous_name_only,1,1,2
normalized_name,fastcontext,ambiguous_name_only,1,1,2
normalized_name,evntextrc,ambiguous_name_only,1,1,2
normalized_name,metapred,ambiguous_name_only,1,1,2
normalized_name,castnet,ambiguous_name_only,1,1,2
normalized_name,disambiguate,ambiguous_name_only,1,1,2
normalized_name,irg,ambiguous_name_only,1,1,2
normalized_name,mina,ambiguous_name_only,1,1,2
normalized_name,craig,ambiguous_name_only,1,1,2
normalized_name,rbsp,ambiguous_name_only,1,1,2
normalized_name,bionev,ambiguous_name_only,1,1,2
normalized_name,spoc,ambiguous_name_only,1,1,2
normalized_name,noisy as clean,ambiguous_name_only,1,1,2
normalized_name,coval,ambiguous_name_only,1,1,2
normalized_name,lsc cnn,ambiguous_name_only,1,1,2
normalized_name,brainnetclass,ambiguous_name_only,1,1,2
normalized_name,altis,ambiguous_name_only,1,1,2
normalized_name,gnc,ambiguous_name_only,1,1,2
normalized_name,what if tool,ambiguous_name_only,1,1,2
normalized_name,pde stride,ambiguous_name_only,1,1,2
normalized_name,seaview,ambiguous_name_only,1,1,2
normalized_name,nnperm,ambiguous_name_only,1,1,2
normalized_name,explainer,ambiguous_name_only,1,1,2
normalized_name,graphdta,ambiguous_name_only,1,1,2
normalized_name,umis,ambiguous_name_only,1,1,2
normalized_name,fairy,ambiguous_name_only,1,1,2
normalized_name,uap,ambiguous_name_only,1,1,2
normalized_name,pivot,ambiguous_name_only,1,1,2
normalized_name,dgmp,ambiguous_name_only,1,1,2
normalized_name,mimicknet,ambiguous_name_only,1,1,2
normalized_name,deeplytough,ambiguous_name_only,1,1,2
normalized_name,hare,ambiguous_name_only,1,1,2
normalized_name,detect,ambiguous_name_only,1,1,2
normalized_name,metar,ambiguous_name_only,1,1,2
normalized_name,pascal,ambiguous_name_only,1,1,2
normalized_name,uni em,ambiguous_name_only,1,1,2
normalized_name,mpac,ambiguous_name_only,1,1,2
normalized_name,survnet,ambiguous_name_only,1,1,2
normalized_name,s lwsr,ambiguous_name_only,1,1,2
normalized_name,diffgrad,ambiguous_name_only,1,1,2
normalized_name,albert,ambiguous_name_only,1,1,2
normalized_name,nep,ambiguous_name_only,1,1,2
normalized_name,model,ambiguous_name_only,1,1,2
normalized_name,trvae,ambiguous_name_only,1,1,2
normalized_name,mim,ambiguous_name_only,1,1,2
normalized_name,profet,ambiguous_name_only,1,1,2
normalized_name,maven,ambiguous_name_only,1,1,2
normalized_name,s4nn,ambiguous_name_only,1,1,2
normalized_name,mrqa,ambiguous_name_only,1,1,2
normalized_name,miscnn,ambiguous_name_only,1,1,2
normalized_name,tsportnet,ambiguous_name_only,1,1,2
normalized_name,idam,ambiguous_name_only,1,1,2
normalized_name,wasabi,ambiguous_name_only,1,1,2
normalized_name,sams,ambiguous_name_only,1,1,2
normalized_name,j modl,ambiguous_name_only,1,1,2
normalized_name,ampl,ambiguous_name_only,1,1,2
normalized_name,transformer cnn,ambiguous_name_only,1,1,2
normalized_name,dualvd,ambiguous_name_only,1,1,2
normalized_name,enaet,ambiguous_name_only,1,1,2
normalized_name,omnifold,ambiguous_name_only,1,1,2
normalized_name,mude,ambiguous_name_only,1,1,2
normalized_name,aop,ambiguous_name_only,1,1,2
normalized_name,hra,ambiguous_name_only,1,1,2
normalized_name,lgpr,ambiguous_name_only,1,1,2
normalized_name,libmolgrid,ambiguous_name_only,1,1,2
normalized_name,openbiolink,ambiguous_name_only,1,1,2
normalized_name,neurora,ambiguous_name_only,1,1,2
normalized_name,macc,ambiguous_name_only,1,1,2
normalized_name,bioconceptvec,ambiguous_name_only,1,1,2
normalized_name,airlift,ambiguous_name_only,1,1,2
normalized_name,spot rna,ambiguous_name_only,1,1,2
normalized_name,tf3p,ambiguous_name_only,1,1,2
normalized_name,grinch,ambiguous_name_only,1,1,2
normalized_name,tadbit,ambiguous_name_only,1,1,2
normalized_name,montage,ambiguous_name_only,1,1,2
normalized_name,sva,ambiguous_name_only,1,1,2
normalized_name,biont,ambiguous_name_only,1,1,2
normalized_name,flowerpower,ambiguous_name_only,1,1,2
normalized_name,ratlesnetv2,ambiguous_name_only,1,1,2
normalized_name,fromage,ambiguous_name_only,1,1,2
normalized_name,deepsurf,ambiguous_name_only,1,1,2
normalized_name,glu,ambiguous_name_only,1,1,2
normalized_name,autotuner,ambiguous_name_only,1,1,2
normalized_name,metagen,ambiguous_name_only,1,1,2
normalized_name,eclair,ambiguous_name_only,1,1,2
normalized_name,kova,ambiguous_name_only,1,1,2
normalized_name,remp,ambiguous_name_only,1,1,2
normalized_name,rdkit,ambiguous_name_only,1,1,2
normalized_name,cata,ambiguous_name_only,1,1,2
normalized_name,polyfold,ambiguous_name_only,1,1,2
normalized_name,node2vec,ambiguous_name_only,1,1,2
normalized_name,l3fnet,ambiguous_name_only,1,1,2
normalized_name,distnet,ambiguous_name_only,1,1,2
normalized_name,nemar,ambiguous_name_only,1,1,2
normalized_name,andes,ambiguous_name_only,1,1,2
normalized_name,matfr,ambiguous_name_only,1,1,2
normalized_name,sneakysnake,ambiguous_name_only,1,1,2
normalized_name,c3d,ambiguous_name_only,1,1,2
normalized_name,ml sim,ambiguous_name_only,1,1,2
normalized_name,momn,ambiguous_name_only,1,1,2
normalized_name,correlator,ambiguous_name_only,1,1,2
normalized_name,gatgnn,ambiguous_name_only,1,1,2
normalized_name,disir,ambiguous_name_only,1,1,2
normalized_name,n bq nn,ambiguous_name_only,1,1,2
normalized_name,nlt,ambiguous_name_only,1,1,2
normalized_name,giant,ambiguous_name_only,1,1,2
normalized_name,rudrec,ambiguous_name_only,1,1,2
normalized_name,spheremorph,ambiguous_name_only,1,1,2
normalized_name,mrqy,ambiguous_name_only,1,1,2
normalized_name,jcs,ambiguous_name_only,1,1,2
normalized_name,covid19 dataset,ambiguous_name_only,1,1,2
normalized_name,oslnet,ambiguous_name_only,1,1,2
normalized_name,covnet,ambiguous_name_only,1,1,2
normalized_name,teamtat,ambiguous_name_only,1,1,2
normalized_name,moltrans,ambiguous_name_only,1,1,2
normalized_name,scde,ambiguous_name_only,1,1,2
normalized_name,odgi,ambiguous_name_only,1,1,2
normalized_name,covidsim,ambiguous_name_only,1,1,2
normalized_name,fromp,ambiguous_name_only,1,1,2
normalized_name,peca,ambiguous_name_only,1,1,2
normalized_name,scdb,ambiguous_name_only,1,1,2
normalized_name,aideveloper,ambiguous_name_only,1,1,2
normalized_name,covidctnet,ambiguous_name_only,1,1,2
normalized_name,lpf,ambiguous_name_only,1,1,2
normalized_name,grip,ambiguous_name_only,1,1,2
normalized_name,tapestry,ambiguous_name_only,1,1,2
normalized_name,kpi,ambiguous_name_only,1,1,2
normalized_name,covid net,ambiguous_name_only,1,1,2
normalized_name,macer,ambiguous_name_only,1,1,2
normalized_name,expansion,ambiguous_name_only,1,1,2
normalized_name,scot,ambiguous_name_only,1,1,2
normalized_name,weat,ambiguous_name_only,1,1,2
normalized_name,mutex,ambiguous_name_only,1,1,2
normalized_name,recovery,ambiguous_name_only,1,1,2
normalized_name,maw,ambiguous_name_only,1,1,2
normalized_name,procdata,ambiguous_name_only,1,1,2
normalized_name,comir,ambiguous_name_only,1,1,2
normalized_name,covid 19 ct cxr,ambiguous_name_only,1,1,2
normalized_name,nes,ambiguous_name_only,1,1,2
normalized_name,deepstorm3d,ambiguous_name_only,1,1,2
normalized_name,pzres net,ambiguous_name_only,1,1,2
normalized_name,sputnik,ambiguous_name_only,1,1,2
normalized_name,hooknet,ambiguous_name_only,1,1,2
normalized_name,do conv,ambiguous_name_only,1,1,2
normalized_name,covxnet,ambiguous_name_only,1,1,2
normalized_name,isonet,ambiguous_name_only,1,1,2
normalized_name,als,ambiguous_name_only,1,1,2
normalized_name,prer,ambiguous_name_only,1,1,2
normalized_name,easyreg,ambiguous_name_only,1,1,2
normalized_name,deepscreen,ambiguous_name_only,1,1,2
normalized_name,gag,ambiguous_name_only,1,1,2
normalized_name,scp,ambiguous_name_only,1,1,2
normalized_name,clintrajan,ambiguous_name_only,1,1,2
normalized_name,wormpose,ambiguous_name_only,1,1,2
normalized_name,prottrans,ambiguous_name_only,1,1,2
normalized_name,nrl,ambiguous_name_only,1,1,2
normalized_name,tact,ambiguous_name_only,1,1,2
normalized_name,sann,ambiguous_name_only,1,1,2
normalized_name,covidex,ambiguous_name_only,1,1,2
normalized_name,whatif,ambiguous_name_only,1,1,2
normalized_name,fada,ambiguous_name_only,1,1,2
normalized_name,pclean,ambiguous_name_only,1,1,2
normalized_name,metamix,ambiguous_name_only,1,1,2
normalized_name,deeprc,ambiguous_name_only,1,1,2
normalized_name,mlho,ambiguous_name_only,1,1,2
normalized_name,mlm,ambiguous_name_only,1,1,2
normalized_name,idtxl,ambiguous_name_only,1,1,2
normalized_name,drr4covid,ambiguous_name_only,1,1,2
normalized_name,clcl,ambiguous_name_only,1,1,2
normalized_name,mtgcn,ambiguous_name_only,1,1,2
normalized_name,vernal,ambiguous_name_only,1,1,2
normalized_name,circacompare,ambiguous_name_only,1,1,2
normalized_name,fasthan,ambiguous_name_only,1,1,2
normalized_name,bigan,ambiguous_name_only,1,1,2
normalized_name,histofl,ambiguous_name_only,1,1,2
normalized_name,ca net,ambiguous_name_only,1,1,2
normalized_name,microanalyzer,ambiguous_name_only,1,1,2
normalized_name,sg cnn,ambiguous_name_only,1,1,2
normalized_name,gbs,ambiguous_name_only,1,1,2
normalized_name,sts,ambiguous_name_only,1,1,2
normalized_name,hyfi,ambiguous_name_only,1,1,2
normalized_name,llpc,ambiguous_name_only,1,1,2
normalized_name,sumgnn,ambiguous_name_only,1,1,2
normalized_name,mimosa,ambiguous_name_only,1,1,2
normalized_name,desp,ambiguous_name_only,1,1,2
normalized_name,pymia,ambiguous_name_only,1,1,2
normalized_name,pathonet,ambiguous_name_only,1,1,2
normalized_name,dmgn,ambiguous_name_only,1,1,2
normalized_name,ronn,ambiguous_name_only,1,1,2
normalized_name,enigma,ambiguous_name_only,1,1,2
normalized_name,cfbi,ambiguous_name_only,1,1,2
normalized_name,popi,ambiguous_name_only,1,1,2
normalized_name,dep,ambiguous_name_only,1,1,2
normalized_name,jasen,ambiguous_name_only,1,1,2
normalized_name,flint,ambiguous_name_only,1,1,2
normalized_name,imix,ambiguous_name_only,1,1,2
normalized_name,eland,ambiguous_name_only,1,1,2
normalized_name,problm,ambiguous_name_only,1,1,2
normalized_name,eegdenoisenet,ambiguous_name_only,1,1,2
normalized_name,qsar,ambiguous_name_only,1,1,2
normalized_name,gil,ambiguous_name_only,1,1,2
normalized_name,hyppo x,ambiguous_name_only,1,1,2
normalized_name,acda,ambiguous_name_only,1,1,2
normalized_name,meld,ambiguous_name_only,1,1,2
normalized_name,pomo,ambiguous_name_only,1,1,2
normalized_name,flimma,ambiguous_name_only,1,1,2
normalized_name,cancer,ambiguous_name_only,1,1,2
normalized_name,respirenet,ambiguous_name_only,1,1,2
normalized_name,deepeventmine,ambiguous_name_only,1,1,2
normalized_name,mdtnet,ambiguous_name_only,1,1,2
normalized_name,single,ambiguous_name_only,1,1,2
normalized_name,thunder,ambiguous_name_only,1,1,2
normalized_name,fasttrack,ambiguous_name_only,1,1,2
normalized_name,rnasnap2,ambiguous_name_only,1,1,2
normalized_name,tju dhd,ambiguous_name_only,1,1,2
normalized_name,lrt,ambiguous_name_only,1,1,2
normalized_name,psiz,ambiguous_name_only,1,1,2
normalized_name,rfcca,ambiguous_name_only,1,1,2
normalized_name,stim,ambiguous_name_only,1,1,2
normalized_name,metabin,ambiguous_name_only,1,1,2
normalized_name,msmbuilder,ambiguous_name_only,1,1,2
normalized_name,bfc,ambiguous_name_only,1,1,2
normalized_name,mdanalysis,ambiguous_name_only,1,1,2
normalized_name,barnaba,ambiguous_name_only,1,1,2
normalized_name,mistimm,ambiguous_name_only,1,1,2
normalized_name,mpwt,ambiguous_name_only,1,1,2
normalized_name,mefit,ambiguous_name_only,1,1,2
normalized_name,quickprobs,ambiguous_name_only,1,1,2
normalized_name,gatekeeper,ambiguous_name_only,1,1,2
normalized_name,pypanda,ambiguous_name_only,1,1,2
normalized_name,grtools,ambiguous_name_only,1,1,2
normalized_name,findr,ambiguous_name_only,1,1,2
normalized_name,cobra jl,ambiguous_name_only,1,1,2
normalized_name,anf,ambiguous_name_only,1,1,2
normalized_name,intlim,ambiguous_name_only,1,1,2
normalized_name,gemstone,ambiguous_name_only,1,1,2
normalized_name,fodis,ambiguous_name_only,1,1,2
normalized_name,lemon tree,ambiguous_name_only,1,1,2
normalized_name,biosimulator jl,ambiguous_name_only,1,1,2
normalized_name,ddvfa,ambiguous_name_only,1,1,2
normalized_name,mepp,ambiguous_name_only,1,1,2
normalized_name,gamer,ambiguous_name_only,1,1,2
normalized_name,protrank,ambiguous_name_only,1,1,2
normalized_name,minigraph,ambiguous_name_only,1,1,2
normalized_name,sccaf,ambiguous_name_only,1,1,2
normalized_name,mas,ambiguous_name_only,1,1,2
normalized_name,divik,ambiguous_name_only,1,1,2
normalized_name,ale,ambiguous_name_only,1,1,2
normalized_name,mag sd,ambiguous_name_only,1,1,2
normalized_name,dlpalign,ambiguous_name_only,1,1,2
normalized_name,fun,ambiguous_name_only,1,1,2
normalized_name,globetrotter,ambiguous_name_only,1,1,2
normalized_name,trimnet,ambiguous_name_only,1,1,2
normalized_name,stmf,ambiguous_name_only,1,1,2
normalized_name,topofilter,ambiguous_name_only,1,1,2
normalized_name,inspire,ambiguous_name_only,1,1,2
normalized_name,amici,ambiguous_name_only,1,1,2
normalized_name,kwarg,ambiguous_name_only,1,1,2
normalized_name,groot,ambiguous_name_only,1,1,2
normalized_name,biocie,ambiguous_name_only,1,1,2
normalized_name,sbl,ambiguous_name_only,1,1,2
normalized_name,jumper,ambiguous_name_only,1,1,2
normalized_name,img2net,ambiguous_name_only,1,1,2
normalized_name,side effects,ambiguous_name_only,1,1,2
normalized_name,mobilesal,ambiguous_name_only,1,1,2
normalized_name,edn,ambiguous_name_only,1,1,2
normalized_name,epc net,ambiguous_name_only,1,1,2
normalized_name,h2v,ambiguous_name_only,1,1,2
normalized_name,covidprognosis,ambiguous_name_only,1,1,2
normalized_name,epruner,ambiguous_name_only,1,1,2
normalized_name,embedseg,ambiguous_name_only,1,1,2
normalized_name,egfi,ambiguous_name_only,1,1,2
normalized_name,reslt,ambiguous_name_only,1,1,2
normalized_name,hana,ambiguous_name_only,1,1,2
normalized_name,transitivity,ambiguous_name_only,1,1,2
normalized_name,lcc,ambiguous_name_only,1,1,2
normalized_name,midsin,ambiguous_name_only,1,1,2
normalized_name,echo syncnet,ambiguous_name_only,1,1,2
normalized_name,trand,ambiguous_name_only,1,1,2
normalized_name,fusta,ambiguous_name_only,1,1,2
normalized_name,vasp,ambiguous_name_only,1,1,2
normalized_name,geneplexus,ambiguous_name_only,1,1,2
normalized_name,nucls,ambiguous_name_only,1,1,2
normalized_name,flipflop,ambiguous_name_only,1,1,2
normalized_name,transvw,ambiguous_name_only,1,1,2
normalized_name,argo,ambiguous_name_only,1,1,2
normalized_name,snowflake,ambiguous_name_only,1,1,2
normalized_name,g2s,ambiguous_name_only,1,1,2
normalized_name,cox,ambiguous_name_only,1,1,2
normalized_name,ec clem,ambiguous_name_only,1,1,2
normalized_name,aneurysm detection,ambiguous_name_only,1,1,2
normalized_name,openmha,ambiguous_name_only,1,1,2
normalized_name,gfa,ambiguous_name_only,1,1,2
normalized_name,svamp,ambiguous_name_only,1,1,2
normalized_name,r pointhop,ambiguous_name_only,1,1,2
normalized_name,omnipose,ambiguous_name_only,1,1,2
normalized_name,darling,ambiguous_name_only,1,1,2
normalized_name,deepc,ambiguous_name_only,1,1,2
normalized_name,dccov,ambiguous_name_only,1,1,2
normalized_name,ffsd,ambiguous_name_only,1,1,2
normalized_name,mine,ambiguous_name_only,1,1,2
normalized_name,di2,ambiguous_name_only,1,1,2
normalized_name,como,ambiguous_name_only,1,1,2
normalized_name,netgo,ambiguous_name_only,1,1,2
normalized_name,flt,ambiguous_name_only,1,1,2
normalized_name,hsnet,ambiguous_name_only,1,1,2
normalized_name,lilikoi,ambiguous_name_only,1,1,2
normalized_name,aser,ambiguous_name_only,1,1,2
normalized_name,scv,ambiguous_name_only,1,1,2
normalized_name,post,ambiguous_name_only,1,1,2
normalized_name,scpm net,ambiguous_name_only,1,1,2
normalized_name,fibro cosanet,ambiguous_name_only,1,1,2
normalized_name,lstm,ambiguous_name_only,1,1,2
normalized_name,deepsc,ambiguous_name_only,1,1,2
normalized_name,usmpep,ambiguous_name_only,1,1,2
normalized_name,teamid,ambiguous_name_only,1,1,2
normalized_name,deepspectrumlite,ambiguous_name_only,1,1,2
normalized_name,neko,ambiguous_name_only,1,1,2
normalized_name,acrnet,ambiguous_name_only,1,1,2
normalized_name,paradiseo,ambiguous_name_only,1,1,2
normalized_name,snpqt,ambiguous_name_only,1,1,2
normalized_name,lgg,ambiguous_name_only,1,1,2
normalized_name,reder,ambiguous_name_only,1,1,2
normalized_name,pyplutchik,ambiguous_name_only,1,1,2
normalized_name,octseg,ambiguous_name_only,1,1,2
normalized_name,deemd,ambiguous_name_only,1,1,2
normalized_name,momentclosure jl,ambiguous_name_only,1,1,2
normalized_name,attnsleep,ambiguous_name_only,1,1,2
normalized_name,bigl,ambiguous_name_only,1,1,2
normalized_name,zorro,ambiguous_name_only,1,1,2
normalized_name,medvill,ambiguous_name_only,1,1,2
normalized_name,sparq,ambiguous_name_only,1,1,2
normalized_name,transvod,ambiguous_name_only,1,1,2
normalized_name,maria,ambiguous_name_only,1,1,2
normalized_name,ptnet,ambiguous_name_only,1,1,2
normalized_name,ldm,ambiguous_name_only,1,1,2
normalized_name,otters,ambiguous_name_only,1,1,2
normalized_name,phylo,ambiguous_name_only,1,1,2
normalized_name,crabnet,ambiguous_name_only,1,1,2
normalized_name,lora,ambiguous_name_only,1,1,2
normalized_name,gnosis,ambiguous_name_only,1,1,2
normalized_name,boolnet,ambiguous_name_only,1,1,2
normalized_name,autoscore survival,ambiguous_name_only,1,1,2
normalized_name,ust,ambiguous_name_only,1,1,2
normalized_name,quin,ambiguous_name_only,1,1,2
normalized_name,pisa,ambiguous_name_only,1,1,2
normalized_name,tofu,ambiguous_name_only,1,1,2
normalized_name,tobias,ambiguous_name_only,1,1,2
normalized_name,fold2seq,ambiguous_name_only,1,1,2
normalized_name,umic,ambiguous_name_only,1,1,2
normalized_name,cline,ambiguous_name_only,1,1,2
normalized_name,pnc,ambiguous_name_only,1,1,2
normalized_name,casee,ambiguous_name_only,1,1,2
normalized_name,slp,ambiguous_name_only,1,1,2
normalized_name,splitavg,ambiguous_name_only,1,1,2
normalized_name,deepcel0,ambiguous_name_only,1,1,2
normalized_name,bioalbert,ambiguous_name_only,1,1,2
normalized_name,molrep,ambiguous_name_only,1,1,2
normalized_name,vardetect,ambiguous_name_only,1,1,2
normalized_name,gpsr,ambiguous_name_only,1,1,2
normalized_name,pgm,ambiguous_name_only,1,1,2
normalized_name,ms mda,ambiguous_name_only,1,1,2
normalized_name,fist,ambiguous_name_only,1,1,2
normalized_name,clinica,ambiguous_name_only,1,1,2
normalized_name,targetnet,ambiguous_name_only,1,1,2
normalized_name,bam readcount,ambiguous_name_only,1,1,2
normalized_name,portiloop,ambiguous_name_only,1,1,2
normalized_name,oncoenrichr,ambiguous_name_only,1,1,2
normalized_name,onpoint,ambiguous_name_only,1,1,2
normalized_name,ssif,ambiguous_name_only,1,1,2
normalized_name,most dl,ambiguous_name_only,1,1,2
normalized_name,saber,ambiguous_name_only,1,1,2
normalized_name,fpb,ambiguous_name_only,1,1,2
normalized_name,porpoise,ambiguous_name_only,1,1,2
normalized_name,triton,ambiguous_name_only,1,1,2
normalized_name,sp gan,ambiguous_name_only,1,1,2
normalized_name,afst,ambiguous_name_only,1,1,2
normalized_name,graph2mda,ambiguous_name_only,1,1,2
normalized_name,niapu,ambiguous_name_only,1,1,2
normalized_name,tsdd,ambiguous_name_only,1,1,2
normalized_name,unravel,ambiguous_name_only,1,1,2
normalized_name,mobie,ambiguous_name_only,1,1,2
normalized_name,submarine,ambiguous_name_only,1,1,2
normalized_name,tetrad,ambiguous_name_only,1,1,2
normalized_name,birds,ambiguous_name_only,1,1,2
normalized_name,bml,ambiguous_name_only,1,1,2
normalized_name,pmm,ambiguous_name_only,1,1,2
normalized_name,ufloss,ambiguous_name_only,1,1,2
normalized_name,rama,ambiguous_name_only,1,1,2
normalized_name,scikit dimension,ambiguous_name_only,1,1,2
normalized_name,ms dial,ambiguous_name_only,1,1,2
normalized_name,gapit,ambiguous_name_only,1,1,2
normalized_name,tom,ambiguous_name_only,1,1,2
normalized_name,livecell,ambiguous_name_only,1,1,2
normalized_name,aiso,ambiguous_name_only,1,1,2
normalized_name,asgard,ambiguous_name_only,1,1,2
normalized_name,inferbert,ambiguous_name_only,1,1,2
normalized_name,hemi,ambiguous_name_only,1,1,2
normalized_name,trigger,ambiguous_name_only,1,1,2
normalized_name,motilitai,ambiguous_name_only,1,1,2
normalized_name,arf,ambiguous_name_only,1,1,2
normalized_name,cardisort,ambiguous_name_only,1,1,2
normalized_name,lpnet,ambiguous_name_only,1,1,2
normalized_name,coco,ambiguous_name_only,1,1,2
normalized_name,bitr unet,ambiguous_name_only,1,1,2
normalized_name,text2brain,ambiguous_name_only,1,1,2
normalized_name,iglu,ambiguous_name_only,1,1,2
normalized_name,boost rs,ambiguous_name_only,1,1,2
normalized_name,ent,ambiguous_name_only,1,1,2
normalized_name,et net,ambiguous_name_only,1,1,2
normalized_name,cookie,ambiguous_name_only,1,1,2
normalized_name,pyxis,ambiguous_name_only,1,1,2
normalized_name,raindrop,ambiguous_name_only,1,1,2
normalized_name,gdap,ambiguous_name_only,1,1,2
normalized_name,scehr,ambiguous_name_only,1,1,2
normalized_name,codabench,ambiguous_name_only,1,1,2
normalized_name,hyperseed,ambiguous_name_only,1,1,2
normalized_name,moli,ambiguous_name_only,1,1,2
normalized_name,hifiasm meta,ambiguous_name_only,1,1,2
normalized_name,rac,ambiguous_name_only,1,1,2
normalized_name,pest,ambiguous_name_only,1,1,2
normalized_name,topicnet,ambiguous_name_only,1,1,2
normalized_name,dnas,ambiguous_name_only,1,1,2
normalized_name,farnet,ambiguous_name_only,1,1,2
normalized_name,mlconfound,ambiguous_name_only,1,1,2
normalized_name,hap10,ambiguous_name_only,1,1,2
normalized_name,phaseme,ambiguous_name_only,1,1,2
normalized_name,sup,ambiguous_name_only,1,1,2
normalized_name,ara,ambiguous_name_only,1,1,2
normalized_name,treesample,ambiguous_name_only,1,1,2
normalized_name,gene,ambiguous_name_only,1,1,2
normalized_name,spvec,ambiguous_name_only,1,1,2
normalized_name,vapur,ambiguous_name_only,1,1,2
normalized_name,hfa,ambiguous_name_only,1,1,2
normalized_name,beep,ambiguous_name_only,1,1,2
normalized_name,onclass,ambiguous_name_only,1,1,2
normalized_name,mare,ambiguous_name_only,1,1,2
normalized_name,clmb,ambiguous_name_only,1,1,2
normalized_name,glanet,ambiguous_name_only,1,1,2
normalized_name,cris,ambiguous_name_only,1,1,2
normalized_name,fazseg,ambiguous_name_only,1,1,2
normalized_name,dancer,ambiguous_name_only,1,1,2
normalized_name,lassi,ambiguous_name_only,1,1,2
normalized_name,idr,ambiguous_name_only,1,1,2
normalized_name,endhic,ambiguous_name_only,1,1,2
normalized_name,bops,ambiguous_name_only,1,1,2
normalized_name,ganseg,ambiguous_name_only,1,1,2
normalized_name,deepseparator,ambiguous_name_only,1,1,2
normalized_name,htseq,ambiguous_name_only,1,1,2
normalized_name,caver,ambiguous_name_only,1,1,2
normalized_name,dta,ambiguous_name_only,1,1,2
normalized_name,deimos,ambiguous_name_only,1,1,2
normalized_name,birte,ambiguous_name_only,1,1,2
normalized_name,informer,ambiguous_name_only,1,1,2
normalized_name,treemap,ambiguous_name_only,1,1,2
normalized_name,tangram,ambiguous_name_only,1,1,2
normalized_name,sgtr,ambiguous_name_only,1,1,2
normalized_name,peregrine,ambiguous_name_only,1,1,2
normalized_name,velvet,ambiguous_name_only,1,1,2
normalized_name,fcnn,ambiguous_name_only,1,1,2
normalized_name,bern2,ambiguous_name_only,1,1,2
normalized_name,bites,ambiguous_name_only,1,1,2
normalized_name,bioner,ambiguous_name_only,1,1,2
normalized_name,simreg,ambiguous_name_only,1,1,2
normalized_name,awsnet,ambiguous_name_only,1,1,2
normalized_name,finder,ambiguous_name_only,1,1,2
normalized_name,fastremap,ambiguous_name_only,1,1,2
normalized_name,figaro,ambiguous_name_only,1,1,2
normalized_name,gspa,ambiguous_name_only,1,1,2
normalized_name,dcsau net,ambiguous_name_only,1,1,2
normalized_name,mpvnn,ambiguous_name_only,1,1,2
normalized_name,parcel,ambiguous_name_only,1,1,2
normalized_name,hyfactor,ambiguous_name_only,1,1,2
normalized_name,ecrecer,ambiguous_name_only,1,1,2
normalized_name,bpp,ambiguous_name_only,1,1,2
normalized_name,crgnet,ambiguous_name_only,1,1,2
normalized_name,defuse,ambiguous_name_only,1,1,2
normalized_name,m track,ambiguous_name_only,1,1,2
normalized_name,gsda,ambiguous_name_only,1,1,2
normalized_name,clr rnf,ambiguous_name_only,1,1,2
normalized_name,metap,ambiguous_name_only,1,1,2
normalized_name,autoscore ordinal,ambiguous_name_only,1,1,2
normalized_name,gnn surrogate,ambiguous_name_only,1,1,2
normalized_name,weaver,ambiguous_name_only,1,1,2
normalized_name,autoclassweb,ambiguous_name_only,1,1,2
normalized_name,hrel,ambiguous_name_only,1,1,2
normalized_name,bioadapt mrc,ambiguous_name_only,1,1,2
normalized_name,toxicr,ambiguous_name_only,1,1,2
normalized_name,cbna,ambiguous_name_only,1,1,2
normalized_name,sierra,ambiguous_name_only,1,1,2
normalized_name,pdv,ambiguous_name_only,1,1,2
normalized_name,s2o,ambiguous_name_only,1,1,2
normalized_name,lathe,ambiguous_name_only,1,1,2
normalized_name,locater,ambiguous_name_only,1,1,2
normalized_name,grs,ambiguous_name_only,1,1,2
normalized_name,selene,ambiguous_name_only,1,1,2
normalized_name,liger,ambiguous_name_only,1,1,2
normalized_name,acconet,ambiguous_name_only,1,1,2
normalized_name,arcs,ambiguous_name_only,1,1,2
normalized_name,srma,ambiguous_name_only,1,1,2
normalized_name,slidr,ambiguous_name_only,1,1,2
normalized_name,cld,ambiguous_name_only,1,1,2
normalized_name,aco,ambiguous_name_only,1,1,2
normalized_name,ants marking and analysis tools,ambiguous_name_only,1,1,2
normalized_name,agln,ambiguous_name_only,1,1,2
normalized_name,biored,ambiguous_name_only,1,1,2
normalized_name,neors,ambiguous_name_only,1,1,2
normalized_name,rdad,ambiguous_name_only,1,1,2
normalized_name,viga,ambiguous_name_only,1,1,2
normalized_name,radtext,ambiguous_name_only,1,1,2
normalized_name,aau net,ambiguous_name_only,1,1,2
normalized_name,sbmldiagrams,ambiguous_name_only,1,1,2
normalized_name,repro,ambiguous_name_only,1,1,2
normalized_name,ppg,ambiguous_name_only,1,1,2
normalized_name,kec,ambiguous_name_only,1,1,2
normalized_name,dxformer,ambiguous_name_only,1,1,2
normalized_name,treemix,ambiguous_name_only,1,1,2
normalized_name,distilprotbert,ambiguous_name_only,1,1,2
normalized_name,kernelbiome,ambiguous_name_only,1,1,2
normalized_name,amc,ambiguous_name_only,1,1,2
normalized_name,nams,ambiguous_name_only,1,1,2
normalized_name,metanet,ambiguous_name_only,1,1,2
normalized_name,revup,ambiguous_name_only,1,1,2
normalized_name,secuer,ambiguous_name_only,1,1,2
normalized_name,rods,ambiguous_name_only,1,1,2
normalized_name,dltta,ambiguous_name_only,1,1,2
normalized_name,molscribe,ambiguous_name_only,1,1,2
normalized_name,igb,ambiguous_name_only,1,1,2
normalized_name,propeller,ambiguous_name_only,1,1,2
normalized_name,metadock,ambiguous_name_only,1,1,2
normalized_name,rinet,ambiguous_name_only,1,1,2
normalized_name,ideas,ambiguous_name_only,1,1,2
normalized_name,nessie,ambiguous_name_only,1,1,2
normalized_name,synergy,ambiguous_name_only,1,1,2
normalized_name,bde,ambiguous_name_only,1,1,2
normalized_name,escher,ambiguous_name_only,1,1,2
normalized_name,proteinmpnn,ambiguous_name_only,1,1,2
normalized_name,limes,ambiguous_name_only,1,1,2
normalized_name,mkdcnet,ambiguous_name_only,1,1,2
normalized_name,ohm,ambiguous_name_only,1,1,2
normalized_name,champkit,ambiguous_name_only,1,1,2
normalized_name,emalign,ambiguous_name_only,1,1,2
normalized_name,shear,ambiguous_name_only,1,1,2
normalized_name,isee,ambiguous_name_only,1,1,2
normalized_name,smfm,ambiguous_name_only,1,1,2
normalized_name,met,ambiguous_name_only,1,1,2
normalized_name,acg,ambiguous_name_only,1,1,2
normalized_name,scim,ambiguous_name_only,1,1,2
normalized_name,dmea,ambiguous_name_only,1,1,2
normalized_name,transformercpi,ambiguous_name_only,1,1,2
normalized_name,stir,ambiguous_name_only,1,1,2
normalized_name,platon,ambiguous_name_only,1,1,2
normalized_name,gaitforemer,ambiguous_name_only,1,1,2
normalized_name,dials,ambiguous_name_only,1,1,2
normalized_name,mkt,ambiguous_name_only,1,1,2
normalized_name,geneci,ambiguous_name_only,1,1,2
normalized_name,deepcausality,ambiguous_name_only,1,1,2
normalized_name,chext,ambiguous_name_only,1,1,2
normalized_name,cerec,ambiguous_name_only,1,1,2
normalized_name,dropnet,ambiguous_name_only,1,1,2
normalized_name,parseq,ambiguous_name_only,1,1,2
normalized_name,pasha,ambiguous_name_only,1,1,2
normalized_name,strike goldd,ambiguous_name_only,1,1,2
normalized_name,causnet,ambiguous_name_only,1,1,2
normalized_name,earn,ambiguous_name_only,1,1,2
normalized_name,eval,ambiguous_name_only,1,1,2
normalized_name,sampler,ambiguous_name_only,1,1,2
normalized_name,portrait,ambiguous_name_only,1,1,2
normalized_name,octave,ambiguous_name_only,1,1,2
normalized_name,slither,ambiguous_name_only,1,1,2
normalized_name,apis,ambiguous_name_only,1,1,2
normalized_name,aadg,ambiguous_name_only,1,1,2
normalized_name,scyan,ambiguous_name_only,1,1,2
normalized_name,gramm,ambiguous_name_only,1,1,2
normalized_name,ssblazer,ambiguous_name_only,1,1,2
normalized_name,spem,ambiguous_name_only,1,1,2
normalized_name,visdb,ambiguous_name_only,1,1,2
normalized_name,gennet,ambiguous_name_only,1,1,2
normalized_name,mapache,ambiguous_name_only,1,1,2
normalized_name,utr,ambiguous_name_only,1,1,2
normalized_name,zombi,ambiguous_name_only,1,1,2
normalized_name,links,ambiguous_name_only,1,1,2
normalized_name,genomepy,ambiguous_name_only,1,1,2
normalized_name,mmv im2im,ambiguous_name_only,1,1,2
normalized_name,survival,ambiguous_name_only,1,1,2
normalized_name,rea,ambiguous_name_only,1,1,2
normalized_name,rdml,ambiguous_name_only,1,1,2
normalized_name,diffeoraptor,ambiguous_name_only,1,1,2
normalized_name,risk,ambiguous_name_only,1,1,2
normalized_name,hapi,ambiguous_name_only,1,1,2
normalized_name,nico,ambiguous_name_only,1,1,2
normalized_name,hlaminer,ambiguous_name_only,1,1,2
normalized_name,sgcp,ambiguous_name_only,1,1,2
normalized_name,xgr,ambiguous_name_only,1,1,2
normalized_name,music,ambiguous_name_only,1,1,2
normalized_name,pyrea,ambiguous_name_only,1,1,2
normalized_name,tardis,ambiguous_name_only,1,1,2
normalized_name,corset,ambiguous_name_only,1,1,2
normalized_name,rots,ambiguous_name_only,1,1,2
normalized_name,hora,ambiguous_name_only,1,1,2
normalized_name,contra,ambiguous_name_only,1,1,2
normalized_name,volta,ambiguous_name_only,1,1,2
normalized_name,aca,ambiguous_name_only,1,1,2
normalized_name,gsfm,ambiguous_name_only,1,1,2
normalized_name,capl,ambiguous_name_only,1,1,2
normalized_name,ml wpbe,ambiguous_name_only,1,1,2
normalized_name,tidal,ambiguous_name_only,1,1,2
normalized_name,mpda,ambiguous_name_only,1,1,2
normalized_name,pacific,ambiguous_name_only,1,1,2
normalized_name,miniprot,ambiguous_name_only,1,1,2
normalized_name,deepmr,ambiguous_name_only,1,1,2
normalized_name,nerel bio,ambiguous_name_only,1,1,2
normalized_name,racs,ambiguous_name_only,1,1,2
normalized_name,elmer,ambiguous_name_only,1,1,2
normalized_name,stap,ambiguous_name_only,1,1,2
normalized_name,tally,ambiguous_name_only,1,1,2
normalized_name,prosit,ambiguous_name_only,1,1,2
normalized_name,picr,ambiguous_name_only,1,1,2
normalized_name,capt,ambiguous_name_only,1,1,2
normalized_name,stsgt,ambiguous_name_only,1,1,2
normalized_name,stuart,ambiguous_name_only,1,1,2
normalized_name,rlm,ambiguous_name_only,1,1,2
normalized_name,fr unet,ambiguous_name_only,1,1,2
normalized_name,pytrack,ambiguous_name_only,1,1,2
normalized_name,bgmix,ambiguous_name_only,1,1,2
normalized_name,spmm,ambiguous_name_only,1,1,2
normalized_name,ega,ambiguous_name_only,1,1,2
normalized_name,deltanet,ambiguous_name_only,1,1,2
normalized_name,vas,ambiguous_name_only,1,1,2
normalized_name,aioner,ambiguous_name_only,1,1,2
normalized_name,himt,ambiguous_name_only,1,1,2
normalized_name,phylodiamond jl,ambiguous_name_only,1,1,2
normalized_name,dp2,ambiguous_name_only,1,1,2
normalized_name,saim,ambiguous_name_only,1,1,2
normalized_name,dssr,ambiguous_name_only,1,1,2
normalized_name,proteinunetlm,ambiguous_name_only,1,1,2
normalized_name,sushi,ambiguous_name_only,1,1,2
normalized_name,iquery,ambiguous_name_only,1,1,2
normalized_name,pensa,ambiguous_name_only,1,1,2
normalized_name,show,ambiguous_name_only,1,1,2
normalized_name,pypop,ambiguous_name_only,1,1,2
normalized_name,edcnn,ambiguous_name_only,1,1,2
normalized_name,mineprot,ambiguous_name_only,1,1,2
normalized_name,transreg,ambiguous_name_only,1,1,2
normalized_name,visor,ambiguous_name_only,1,1,2
normalized_name,hac net,ambiguous_name_only,1,1,2
normalized_name,mauve,ambiguous_name_only,1,1,2
normalized_name,maud,ambiguous_name_only,1,1,2
normalized_name,agent,ambiguous_name_only,1,1,2
normalized_name,orbit,ambiguous_name_only,1,1,2
normalized_name,instantdl,ambiguous_name_only,1,1,2
normalized_name,circnet,ambiguous_name_only,1,1,2
normalized_name,ntlink,ambiguous_name_only,1,1,2
normalized_name,cellmix,ambiguous_name_only,1,1,2
normalized_name,siglasso,ambiguous_name_only,1,1,2
normalized_name,g rank,ambiguous_name_only,1,1,2
normalized_name,gnome,ambiguous_name_only,1,1,2
normalized_name,phavip,ambiguous_name_only,1,1,2
normalized_name,shrec,ambiguous_name_only,1,1,2
normalized_name,graphreg,ambiguous_name_only,1,1,2
normalized_name,imagenomer,ambiguous_name_only,1,1,2
normalized_name,tempel,ambiguous_name_only,1,1,2
normalized_name,fortuna,ambiguous_name_only,1,1,2
normalized_name,frida,ambiguous_name_only,1,1,2
normalized_name,pwas,ambiguous_name_only,1,1,2
normalized_name,dinosaur,ambiguous_name_only,1,1,2
normalized_name,whc,ambiguous_name_only,1,1,2
normalized_name,lever,ambiguous_name_only,1,1,2
normalized_name,gismo,ambiguous_name_only,1,1,2
normalized_name,gaga,ambiguous_name_only,1,1,2
normalized_name,sand,ambiguous_name_only,1,1,2
normalized_name,coverage,ambiguous_name_only,1,1,2
normalized_name,adaptive,ambiguous_name_only,1,1,2
normalized_name,rbv,ambiguous_name_only,1,1,2
normalized_name,ness,ambiguous_name_only,1,1,2
normalized_name,guidance,ambiguous_name_only,1,1,2
normalized_name,tesla,ambiguous_name_only,1,1,2
normalized_name,siesta,ambiguous_name_only,1,1,2
normalized_name,citl,ambiguous_name_only,1,1,2
normalized_name,mdt,ambiguous_name_only,1,1,2
normalized_name,phabox,ambiguous_name_only,1,1,2
normalized_name,mnhn tree tools,ambiguous_name_only,1,1,2
normalized_name,superdsm,ambiguous_name_only,1,1,2
normalized_name,phase,ambiguous_name_only,1,1,2
normalized_name,ms,ambiguous_name_only,1,1,2
normalized_name,muren,ambiguous_name_only,1,1,2
normalized_name,tacos,ambiguous_name_only,1,1,2
normalized_name,musik,ambiguous_name_only,1,1,2
normalized_name,cipr,ambiguous_name_only,1,1,2
normalized_name,brec,ambiguous_name_only,1,1,2
normalized_name,genegpt,ambiguous_name_only,1,1,2
normalized_name,timer,ambiguous_name_only,1,1,2
normalized_name,deeppocket,ambiguous_name_only,1,1,2
normalized_name,bionoinet,ambiguous_name_only,1,1,2
normalized_name,sisa,ambiguous_name_only,1,1,2
normalized_name,sailer,ambiguous_name_only,1,1,2
normalized_name,duett,ambiguous_name_only,1,1,2
normalized_name,tablet,ambiguous_name_only,1,1,2
normalized_name,roar,ambiguous_name_only,1,1,2
normalized_name,ambient,ambiguous_name_only,1,1,2
normalized_name,bsdd,ambiguous_name_only,1,1,2
normalized_name,moccasin,ambiguous_name_only,1,1,2
normalized_name,supernova,ambiguous_name_only,1,1,2
normalized_name,imap,ambiguous_name_only,1,1,2
normalized_name,cuttlefish,ambiguous_name_only,1,1,2
normalized_name,pypesto,ambiguous_name_only,1,1,2
normalized_name,thor,ambiguous_name_only,1,1,2
normalized_name,wedge,ambiguous_name_only,1,1,2
normalized_name,metafusion,ambiguous_name_only,1,1,2
normalized_name,scprisma,ambiguous_name_only,1,1,2
normalized_name,phylosamp,ambiguous_name_only,1,1,2
normalized_name,almost,ambiguous_name_only,1,1,2
normalized_name,a5,ambiguous_name_only,1,1,2
normalized_name,socket,ambiguous_name_only,1,1,2
normalized_name,camels,ambiguous_name_only,1,1,2
normalized_name,voyager,ambiguous_name_only,1,1,2
normalized_name,qpa,ambiguous_name_only,1,1,2
normalized_name,multiclasspairs,ambiguous_name_only,1,1,2
normalized_name,alfred,ambiguous_name_only,1,1,2
normalized_name,treeman,ambiguous_name_only,1,1,2
normalized_name,pssr,ambiguous_name_only,1,1,2
normalized_name,trid,ambiguous_name_only,1,1,2
normalized_name,ringer,ambiguous_name_only,1,1,2
normalized_name,home,ambiguous_name_only,1,1,2
normalized_name,mice n mates,ambiguous_name_only,1,1,2
normalized_name,assist,ambiguous_name_only,1,1,2
normalized_name,galactic,ambiguous_name_only,1,1,2
normalized_name,scool,ambiguous_name_only,1,1,2
normalized_name,isac,ambiguous_name_only,1,1,2
normalized_name,plastic,ambiguous_name_only,1,1,2
normalized_name,grenedalf,ambiguous_name_only,1,1,2
normalized_name,overlap,ambiguous_name_only,1,1,2
normalized_name,reseq,ambiguous_name_only,1,1,2
normalized_name,iscan,ambiguous_name_only,1,1,2
normalized_name,fog,ambiguous_name_only,1,1,2
normalized_name,rabit,ambiguous_name_only,1,1,2
normalized_name,socs,ambiguous_name_only,1,1,2
normalized_name,gpse,ambiguous_name_only,1,1,2
normalized_name,cdap,ambiguous_name_only,1,1,2
normalized_name,trad,ambiguous_name_only,1,1,2
normalized_name,interest,ambiguous_name_only,1,1,2
normalized_name,deepfeature,ambiguous_name_only,1,1,2
normalized_name,htp,ambiguous_name_only,1,1,2
normalized_name,cotan,ambiguous_name_only,1,1,2
normalized_name,cimap,ambiguous_name_only,1,1,2
normalized_name,quant,ambiguous_name_only,1,1,2
normalized_name,denim,ambiguous_name_only,1,1,2
normalized_name,microbundlecompute,ambiguous_name_only,1,1,2
normalized_name,ptransips,ambiguous_name_only,1,1,2
normalized_name,sccan,ambiguous_name_only,1,1,2
normalized_name,convert,ambiguous_name_only,1,1,2
normalized_name,pines,ambiguous_name_only,1,1,2
normalized_name,mdcs,ambiguous_name_only,1,1,2
normalized_name,gopro,ambiguous_name_only,1,1,2
normalized_name,locate,ambiguous_name_only,1,1,2
normalized_name,reb,ambiguous_name_only,1,1,2
normalized_name,mofa,ambiguous_name_only,1,1,2
normalized_name,hrgcn,ambiguous_name_only,1,1,2
normalized_name,survex,ambiguous_name_only,1,1,2
normalized_name,rtpca,ambiguous_name_only,1,1,2
normalized_name,fimo,ambiguous_name_only,1,1,2
normalized_name,moan,ambiguous_name_only,1,1,2
normalized_name,haystack,ambiguous_name_only,1,1,2
normalized_name,armor,ambiguous_name_only,1,1,2
normalized_name,rgb,ambiguous_name_only,1,1,2
normalized_name,makesbml,ambiguous_name_only,1,1,2
normalized_name,conr,ambiguous_name_only,1,1,2
normalized_name,instanovo,ambiguous_name_only,1,1,2
normalized_name,sepal,ambiguous_name_only,1,1,2
normalized_name,scgeom,ambiguous_name_only,1,1,2
normalized_name,ipp,ambiguous_name_only,1,1,2
normalized_name,camera,ambiguous_name_only,1,1,2
normalized_name,ciri,ambiguous_name_only,1,1,2
normalized_name,ci net,ambiguous_name_only,1,1,2
normalized_name,sliq,ambiguous_name_only,1,1,2
normalized_name,phyloseq,ambiguous_name_only,1,1,2
normalized_name,strong,ambiguous_name_only,1,1,2
normalized_name,mpsc,ambiguous_name_only,1,1,2
normalized_name,guitar,ambiguous_name_only,1,1,2
normalized_name,sieve,ambiguous_name_only,1,1,2
normalized_name,faser,ambiguous_name_only,1,1,2
normalized_name,luminet,ambiguous_name_only,1,1,2
normalized_name,metag,ambiguous_name_only,1,1,2
normalized_name,sle,ambiguous_name_only,1,1,2
normalized_name,rsvp,ambiguous_name_only,1,1,2
normalized_name,clara,ambiguous_name_only,1,1,2
normalized_name,julearn,ambiguous_name_only,1,1,2
normalized_name,cellseg,ambiguous_name_only,1,1,2
normalized_name,vmh,ambiguous_name_only,1,1,2
normalized_name,qsr,ambiguous_name_only,1,1,2
normalized_name,bteval,ambiguous_name_only,1,1,2
normalized_name,proteinpretraining,ambiguous_name_only,1,1,2
normalized_name,scai,ambiguous_name_only,1,1,2
normalized_name,avis,ambiguous_name_only,1,1,2
normalized_name,tbm,ambiguous_name_only,1,1,2
normalized_name,scab,ambiguous_name_only,1,1,2
normalized_name,carot,ambiguous_name_only,1,1,2
normalized_name,rtp,ambiguous_name_only,1,1,2
normalized_name,icv,ambiguous_name_only,1,1,2
normalized_name,pecop,ambiguous_name_only,1,1,2
normalized_name,pema,ambiguous_name_only,1,1,2
normalized_name,ccpe,ambiguous_name_only,1,1,2
normalized_name,sora,ambiguous_name_only,1,1,2
normalized_name,casanovo,ambiguous_name_only,1,1,2
normalized_name,smsnet,ambiguous_name_only,1,1,2
normalized_name,vamos,ambiguous_name_only,1,1,2
normalized_name,nir,ambiguous_name_only,1,1,2
normalized_name,sith,ambiguous_name_only,1,1,2
normalized_name,symphony,ambiguous_name_only,1,1,2
normalized_name,gust,ambiguous_name_only,1,1,2
normalized_name,super,ambiguous_name_only,1,1,2
normalized_name,neuprint,ambiguous_name_only,1,1,2
normalized_name,elvis,ambiguous_name_only,1,1,2
normalized_name,gse,ambiguous_name_only,1,1,2
normalized_name,pde,ambiguous_name_only,1,1,2
normalized_name,openfold,ambiguous_name_only,1,1,2
normalized_name,escort,ambiguous_name_only,1,1,2
normalized_name,corec,ambiguous_name_only,1,1,2
normalized_name,flad,ambiguous_name_only,1,1,2
normalized_name,wgd,ambiguous_name_only,1,1,2
normalized_name,timex,ambiguous_name_only,1,1,2
normalized_name,sickle,ambiguous_name_only,1,1,2
normalized_name,hulk,ambiguous_name_only,1,1,2
normalized_name,andi,ambiguous_name_only,1,1,2
normalized_name,mmist,ambiguous_name_only,1,1,2
normalized_name,usat,ambiguous_name_only,1,1,2
normalized_name,gsad,ambiguous_name_only,1,1,2
normalized_name,cnnarginineme,ambiguous_name_only,1,1,2
normalized_name,moirai,ambiguous_name_only,1,1,2
normalized_name,belt,ambiguous_name_only,1,1,2
normalized_name,s2d,ambiguous_name_only,1,1,2
normalized_name,rms,ambiguous_name_only,1,1,2
normalized_name,evam tools,ambiguous_name_only,1,1,2
normalized_name,disentangler,ambiguous_name_only,1,1,2
normalized_name,pug,ambiguous_name_only,1,1,2
normalized_name,cortex,ambiguous_name_only,1,1,2
normalized_name,dci,ambiguous_name_only,1,1,2
normalized_name,stellar,ambiguous_name_only,1,1,2
normalized_name,igm,ambiguous_name_only,1,1,2
normalized_name,ser,ambiguous_name_only,1,1,2
normalized_name,dsap,ambiguous_name_only,1,1,2
normalized_name,batcheval,ambiguous_name_only,1,1,2
normalized_name,quokka,ambiguous_name_only,1,1,2
normalized_name,cainet,ambiguous_name_only,1,1,2
normalized_name,specseg,ambiguous_name_only,1,1,2
normalized_name,guess,ambiguous_name_only,1,1,2
normalized_name,camml,ambiguous_name_only,1,1,2
normalized_name,ts,ambiguous_name_only,1,1,2
normalized_name,dcon,ambiguous_name_only,1,1,2
normalized_name,qalign,ambiguous_name_only,1,1,2
normalized_name,forum,ambiguous_name_only,1,1,2
normalized_name,ra,ambiguous_name_only,1,1,2
normalized_name,binoculars,ambiguous_name_only,1,1,2
normalized_name,megu,ambiguous_name_only,1,1,2
normalized_name,toppr,ambiguous_name_only,1,1,2
normalized_name,sempl,ambiguous_name_only,1,1,2
normalized_name,spectra,ambiguous_name_only,1,1,2
normalized_name,soi,ambiguous_name_only,1,1,2
normalized_name,bonsai,ambiguous_name_only,1,1,2
normalized_name,mqc,ambiguous_name_only,1,1,2
normalized_name,hypo,ambiguous_name_only,1,1,2
normalized_name,evolsom,ambiguous_name_only,1,1,2
normalized_name,collapse,ambiguous_name_only,1,1,2
normalized_name,prise,ambiguous_name_only,1,1,2
normalized_name,loretta,ambiguous_name_only,1,1,2
normalized_name,mgf,ambiguous_name_only,1,1,2
normalized_name,dnar,ambiguous_name_only,1,1,2
normalized_name,quantest,ambiguous_name_only,1,1,2
normalized_name,stencil,ambiguous_name_only,1,1,2
normalized_name,pbat,ambiguous_name_only,1,1,2
normalized_name,palo,ambiguous_name_only,1,1,2
normalized_name,matte,ambiguous_name_only,1,1,2
normalized_name,mspipe,ambiguous_name_only,1,1,2
normalized_name,bridger,ambiguous_name_only,1,1,2
normalized_name,ceg,ambiguous_name_only,1,1,2
normalized_name,deepdrk,ambiguous_name_only,1,1,2
normalized_name,tttrlib,ambiguous_name_only,1,1,2
normalized_name,tfpred,ambiguous_name_only,1,1,2
normalized_name,iscore,ambiguous_name_only,1,1,2
normalized_name,lors,ambiguous_name_only,1,1,2
normalized_name,rat,ambiguous_name_only,1,1,2
normalized_name,fastv,ambiguous_name_only,1,1,2
normalized_name,restore,ambiguous_name_only,1,1,2
normalized_name,bayesnf,ambiguous_name_only,1,1,2
normalized_name,triplex,ambiguous_name_only,1,1,2
normalized_name,moai,ambiguous_name_only,1,1,2
normalized_name,gfacs,ambiguous_name_only,1,1,2
normalized_name,tacs,ambiguous_name_only,1,1,2
normalized_name,tssr,ambiguous_name_only,1,1,2
normalized_name,ddpc,ambiguous_name_only,1,1,2
normalized_name,chai,ambiguous_name_only,1,1,2
normalized_name,sc3,ambiguous_name_only,1,1,2
normalized_name,thermometer,ambiguous_name_only,1,1,2
normalized_name,fastsam3d,ambiguous_name_only,1,1,2
normalized_name,nmrf,ambiguous_name_only,1,1,2
normalized_name,autode,ambiguous_name_only,1,1,2
normalized_name,genview,ambiguous_name_only,1,1,2
normalized_name,stream,ambiguous_name_only,1,1,2
normalized_name,fresco,ambiguous_name_only,1,1,2
normalized_name,nellie,ambiguous_name_only,1,1,2
normalized_name,stged,ambiguous_name_only,1,1,2
normalized_name,reframe,ambiguous_name_only,1,1,2
normalized_name,graphfp,ambiguous_name_only,1,1,2
normalized_name,vam,ambiguous_name_only,1,1,2
normalized_name,dotter,ambiguous_name_only,1,1,2
normalized_name,speaq,ambiguous_name_only,1,1,2
normalized_name,enfusion,ambiguous_name_only,1,1,2
normalized_name,bamm,ambiguous_name_only,1,1,2
normalized_name,bsrd,ambiguous_name_only,1,1,2
normalized_name,htr,ambiguous_name_only,1,1,2
normalized_name,detector,ambiguous_name_only,1,1,2
normalized_name,pluto,ambiguous_name_only,1,1,2
normalized_name,sliceit,ambiguous_name_only,1,1,2
normalized_name,preon,ambiguous_name_only,1,1,2
normalized_name,jigsaw,ambiguous_name_only,1,1,2
normalized_name,alsace,ambiguous_name_only,1,1,2
normalized_name,toner,ambiguous_name_only,1,1,2
normalized_name,mcpnet,ambiguous_name_only,1,1,2
normalized_name,seva,ambiguous_name_only,1,1,2
normalized_name,homer,ambiguous_name_only,1,1,2
normalized_name,mova,ambiguous_name_only,1,1,2
normalized_name,jpa,ambiguous_name_only,1,1,2
normalized_name,gic,ambiguous_name_only,1,1,2
normalized_name,flowmap,ambiguous_name_only,1,1,2
normalized_name,maggie,ambiguous_name_only,1,1,2
normalized_name,plmcp,ambiguous_name_only,1,1,2
normalized_name,gadem,ambiguous_name_only,1,1,2
normalized_name,gramep,ambiguous_name_only,1,1,2
normalized_name,scimap,ambiguous_name_only,1,1,2
normalized_name,buddy,ambiguous_name_only,1,1,2
normalized_name,pgs,ambiguous_name_only,1,1,2
normalized_name,smurfs,ambiguous_name_only,1,1,2
normalized_name,rene,ambiguous_name_only,1,1,2
normalized_name,cafa,ambiguous_name_only,1,1,2
normalized_name,dema,ambiguous_name_only,1,1,2
normalized_name,microbundlepillartrack,ambiguous_name_only,1,1,2
normalized_name,mog,ambiguous_name_only,1,1,2
normalized_name,hio,ambiguous_name_only,1,1,2
normalized_name,sgs,ambiguous_name_only,1,1,2
normalized_name,mosca,ambiguous_name_only,1,1,2
normalized_name,scsim,ambiguous_name_only,1,1,2
normalized_name,cocktail,ambiguous_name_only,1,1,2
normalized_name,stagewise,ambiguous_name_only,1,1,2
normalized_name,caldera,ambiguous_name_only,1,1,2
normalized_name,console,ambiguous_name_only,1,1,2
normalized_name,capture,ambiguous_name_only,1,1,2
normalized_name,bus,ambiguous_name_only,1,1,2
normalized_name,chimpbehave,ambiguous_name_only,1,1,2
normalized_name,rformer,ambiguous_name_only,1,1,2
normalized_name,gens,ambiguous_name_only,1,1,2
normalized_name,mcot,ambiguous_name_only,1,1,2
normalized_name,nifa,ambiguous_name_only,1,1,2
normalized_name,ratt,ambiguous_name_only,1,1,2
normalized_name,mops,ambiguous_name_only,1,1,2
normalized_name,bts,ambiguous_name_only,1,1,2
normalized_name,bsf,ambiguous_name_only,1,1,2
normalized_name,ssd kd,ambiguous_name_only,1,1,2
normalized_name,pobo,ambiguous_name_only,1,1,2
normalized_name,tacco,ambiguous_name_only,1,1,2
normalized_name,chiron,ambiguous_name_only,1,1,2
normalized_name,mowl,ambiguous_name_only,1,1,2
normalized_name,mca,ambiguous_name_only,1,1,2
normalized_name,ads,ambiguous_name_only,1,1,2
normalized_name,sloctolyzer,ambiguous_name_only,1,1,2
normalized_name,lightmycells,ambiguous_name_only,1,1,2
normalized_name,caspian,ambiguous_name_only,1,1,2
normalized_name,cello,ambiguous_name_only,1,1,2
normalized_name,physiboss,ambiguous_name_only,1,1,2
normalized_name,keller,ambiguous_name_only,1,1,2
normalized_name,batex,ambiguous_name_only,1,1,2
normalized_name,gemo,ambiguous_name_only,1,1,2
normalized_name,ravar,ambiguous_name_only,1,1,2
normalized_name,pkd,ambiguous_name_only,1,1,2
normalized_name,anvil,ambiguous_name_only,1,1,2
normalized_name,civic,ambiguous_name_only,1,1,2
normalized_name,deepmol,ambiguous_name_only,1,1,2
normalized_name,flowlearn,ambiguous_name_only,1,1,2
normalized_name,spss,ambiguous_name_only,1,1,2
normalized_name,sdi,ambiguous_name_only,1,1,2
normalized_name,solo,ambiguous_name_only,1,1,2
normalized_name,lise,ambiguous_name_only,1,1,2
normalized_name,deepimpute,ambiguous_name_only,1,1,2
normalized_name,prodepth,ambiguous_name_only,1,1,2
normalized_name,pmtr,ambiguous_name_only,1,1,2
normalized_name,scs,ambiguous_name_only,1,1,2
normalized_name,busca,ambiguous_name_only,1,1,2
normalized_name,remm,ambiguous_name_only,1,1,2
normalized_name,bgc,ambiguous_name_only,1,1,2
normalized_name,masive,ambiguous_name_only,1,1,2
normalized_name,mariner,ambiguous_name_only,1,1,2
normalized_name,mlde,ambiguous_name_only,1,1,2
normalized_name,passion,ambiguous_name_only,1,1,2
normalized_name,agtc,ambiguous_name_only,1,1,2
normalized_name,eurocropsml,ambiguous_name_only,1,1,2
normalized_name,lambda,ambiguous_name_only,1,1,2
normalized_name,struc2mapgan,ambiguous_name_only,1,1,2
normalized_name,recovar,ambiguous_name_only,1,1,2
normalized_name,prone,ambiguous_name_only,1,1,2
normalized_name,perm,ambiguous_name_only,1,1,2
normalized_name,vector,ambiguous_name_only,1,1,2
normalized_name,q2 boots,ambiguous_name_only,1,1,2
normalized_name,spock,ambiguous_name_only,1,1,2
normalized_name,metagene,ambiguous_name_only,1,1,2
normalized_name,rna,ambiguous_name_only,1,1,2
normalized_name,cipher,ambiguous_name_only,1,1,2
normalized_name,portable cellxgene,ambiguous_name_only,1,1,2
normalized_name,alfie,ambiguous_name_only,1,1,2
normalized_name,ecdb,ambiguous_name_only,1,1,2
normalized_name,great,ambiguous_name_only,1,1,2
normalized_name,apparent,ambiguous_name_only,1,1,2
normalized_name,matisse,ambiguous_name_only,1,1,2
normalized_name,nudge,ambiguous_name_only,1,1,2
normalized_name,snapshot,ambiguous_name_only,1,1,2
normalized_name,bystro,ambiguous_name_only,1,1,2
normalized_name,medkit,ambiguous_name_only,1,1,2
normalized_name,humos,ambiguous_name_only,1,1,2
normalized_name,plantseg,ambiguous_name_only,1,1,2
normalized_name,forester,ambiguous_name_only,1,1,2
normalized_name,favor,ambiguous_name_only,1,1,2
normalized_name,enact,ambiguous_name_only,1,1,2
normalized_name,synthetic4health,ambiguous_name_only,1,1,2
normalized_name,dax,ambiguous_name_only,1,1,2
normalized_name,batcave,ambiguous_name_only,1,1,2
normalized_name,nerdd,ambiguous_name_only,1,1,2
normalized_name,sofi,ambiguous_name_only,1,1,2
normalized_name,drim,ambiguous_name_only,1,1,2
normalized_name,mio,ambiguous_name_only,1,1,2
normalized_name,cnca,ambiguous_name_only,1,1,2
normalized_name,mg net,ambiguous_name_only,1,1,2
normalized_name,geco,ambiguous_name_only,1,1,2
normalized_name,edgar,ambiguous_name_only,1,1,2
normalized_name,mpa,ambiguous_name_only,1,1,2
normalized_name,aucseg,ambiguous_name_only,1,1,2
normalized_name,madnet,ambiguous_name_only,1,1,2
normalized_name,improver,ambiguous_name_only,1,1,2
normalized_name,amf,ambiguous_name_only,1,1,2
normalized_name,flexlmm,ambiguous_name_only,1,1,2
normalized_name,eegunity,ambiguous_name_only,1,1,2
normalized_name,hespi,ambiguous_name_only,1,1,2
normalized_name,mrad,ambiguous_name_only,1,1,2
normalized_name,ern,ambiguous_name_only,1,1,2
normalized_name,orso,ambiguous_name_only,1,1,2
normalized_name,portal,ambiguous_name_only,1,1,2
normalized_name,stac,ambiguous_name_only,1,1,2
normalized_name,autofair,ambiguous_name_only,1,1,2
normalized_name,allegro,ambiguous_name_only,1,1,2
normalized_name,ipo,ambiguous_name_only,1,1,2
normalized_name,tca,ambiguous_name_only,1,1,2
normalized_name,smite,ambiguous_name_only,1,1,2
normalized_name,ebd,ambiguous_name_only,1,1,2
normalized_name,osca,ambiguous_name_only,1,1,2
normalized_name,wormhole,ambiguous_name_only,1,1,2
normalized_name,nnn,ambiguous_name_only,1,1,2
normalized_name,itr,ambiguous_name_only,1,1,2
normalized_name,qcs,ambiguous_name_only,1,1,2
normalized_name,adopt,ambiguous_name_only,1,1,2
normalized_name,explora,ambiguous_name_only,1,1,2
normalized_name,dimsum,ambiguous_name_only,1,1,2
normalized_name,peptideminer,ambiguous_name_only,1,1,2
normalized_name,bayesianfitforecast,ambiguous_name_only,1,1,2
normalized_name,seekr,ambiguous_name_only,1,1,2
normalized_name,lobster,ambiguous_name_only,1,1,2
normalized_name,resolve,ambiguous_name_only,1,1,2
normalized_name,seagull,ambiguous_name_only,1,1,2
normalized_name,path,ambiguous_name_only,1,1,2
normalized_name,mafcounter,ambiguous_name_only,1,1,2
normalized_name,cmsa,ambiguous_name_only,1,1,2
normalized_name,tasr,ambiguous_name_only,1,1,2
normalized_name,queen,ambiguous_name_only,1,1,2
normalized_name,coconut,ambiguous_name_only,1,1,2
normalized_name,neuroxai,ambiguous_name_only,1,1,2
normalized_name,provision,ambiguous_name_only,1,1,2
normalized_name,razor,ambiguous_name_only,1,1,2
normalized_name,ftg,ambiguous_name_only,1,1,2
normalized_name,loma,ambiguous_name_only,1,1,2
normalized_name,imot,ambiguous_name_only,1,1,2
normalized_name,girafe,ambiguous_name_only,1,1,2
normalized_name,trac,ambiguous_name_only,1,1,2
normalized_name,bee,ambiguous_name_only,1,1,2
normalized_name,monti,ambiguous_name_only,1,1,2
normalized_name,promo,ambiguous_name_only,1,1,2
normalized_name,ldb,ambiguous_name_only,1,1,2
normalized_name,annotatability,ambiguous_name_only,1,1,2
normalized_name,noisereduce,ambiguous_name_only,1,1,2
normalized_name,rdmc,ambiguous_name_only,1,1,2
normalized_name,iris,ambiguous_name_only,1,1,2
normalized_name,mitre,ambiguous_name_only,1,1,2
normalized_name,isa,ambiguous_name_only,1,1,2
normalized_name,stata,ambiguous_name_only,1,1,2
normalized_name,mait,ambiguous_name_only,1,1,2
normalized_name,myesl,ambiguous_name_only,1,1,2
normalized_name,rohan,ambiguous_name_only,1,1,2
normalized_name,lighter,ambiguous_name_only,1,1,2
normalized_name,monster,ambiguous_name_only,1,1,2
normalized_name,pype,ambiguous_name_only,1,1,2
normalized_name,brain,ambiguous_name_only,1,1,2
normalized_name,coverm,ambiguous_name_only,1,1,2
normalized_name,seqseg,ambiguous_name_only,1,1,2
normalized_name,lucy,ambiguous_name_only,1,1,2
normalized_name,rdmm,ambiguous_name_only,1,1,2
normalized_name,grn,ambiguous_name_only,1,1,2
normalized_name,cpad,ambiguous_name_only,1,1,2
normalized_name,adabmdca,ambiguous_name_only,1,1,2
normalized_name,cogito,ambiguous_name_only,1,1,2
normalized_name,dinamo,ambiguous_name_only,1,1,2
normalized_name,molscore,ambiguous_name_only,1,1,2
normalized_name,decifer,ambiguous_name_only,1,1,2
normalized_name,fas,ambiguous_name_only,1,1,2
normalized_name,meap,ambiguous_name_only,1,1,2
normalized_name,acd,ambiguous_name_only,1,1,2
normalized_name,magellan,ambiguous_name_only,1,1,2
normalized_name,paragraph,ambiguous_name_only,1,1,2
normalized_name,pecan,ambiguous_name_only,1,1,2
normalized_name,physico,ambiguous_name_only,1,1,2
normalized_name,cordial,ambiguous_name_only,1,1,2
normalized_name,adapts,ambiguous_name_only,1,1,2
normalized_name,maat,ambiguous_name_only,1,1,2
normalized_name,xsi,ambiguous_name_only,1,1,2
normalized_name,divil,ambiguous_name_only,1,1,2
normalized_name,modest,ambiguous_name_only,1,1,2
normalized_name,floral,ambiguous_name_only,1,1,2
normalized_name,comodo,ambiguous_name_only,1,1,2
normalized_name,sdda,ambiguous_name_only,1,1,2
normalized_name,deepep,ambiguous_name_only,1,1,2
normalized_name,meat,ambiguous_name_only,1,1,2
normalized_name,terl,ambiguous_name_only,1,1,2
normalized_name,umit,ambiguous_name_only,1,1,2
normalized_name,grins,ambiguous_name_only,1,1,2
normalized_name,patchworkplot,ambiguous_name_only,1,1,2
normalized_name,semla,ambiguous_name_only,1,1,2
normalized_name,poregen,ambiguous_name_only,1,1,2
normalized_name,spacer,ambiguous_name_only,1,1,2
normalized_name,mindthegap,ambiguous_name_only,1,1,2
normalized_name,mosim,ambiguous_name_only,1,1,2
normalized_name,remedy,ambiguous_name_only,1,1,2
normalized_name,seurat,ambiguous_name_only,1,1,2
normalized_name,companion,ambiguous_name_only,1,1,2
normalized_name,tempura,ambiguous_name_only,1,1,2
normalized_name,cntseg,ambiguous_name_only,1,1,2
normalized_name,eeg dti,ambiguous_name_only,1,1,2
normalized_name,phyloprofile,ambiguous_name_only,1,1,2
normalized_name,omicsq,ambiguous_name_only,1,1,2
normalized_name,scannet,ambiguous_name_only,1,1,2
normalized_name,svad,ambiguous_name_only,1,1,2
normalized_name,icc,ambiguous_name_only,1,1,2
normalized_name,ping,ambiguous_name_only,1,1,2
normalized_name,marigold,ambiguous_name_only,1,1,2
normalized_name,pita,ambiguous_name_only,1,1,2
normalized_name,phare,ambiguous_name_only,1,1,2
normalized_name,parsec,ambiguous_name_only,1,1,2
normalized_name,quartet,ambiguous_name_only,1,1,2
normalized_name,haste,ambiguous_name_only,1,1,2
normalized_name,dimple,ambiguous_name_only,1,1,2
normalized_name,flowcut,ambiguous_name_only,1,1,2
normalized_name,rhapsody,ambiguous_name_only,1,1,2
normalized_name,mapdia,ambiguous_name_only,1,1,2
normalized_name,r2r,ambiguous_name_only,1,1,2
normalized_name,dcs,ambiguous_name_only,1,1,2
normalized_name,samselect,ambiguous_name_only,1,1,2
normalized_name,evinet,ambiguous_name_only,1,1,2
normalized_name,taca,ambiguous_name_only,1,1,2
normalized_name,vireo,ambiguous_name_only,1,1,2
normalized_name,scissor,ambiguous_name_only,1,1,2
normalized_name,lox,ambiguous_name_only,1,1,2
normalized_name,beat,ambiguous_name_only,1,1,2
normalized_name,deepwas,ambiguous_name_only,1,1,2
normalized_name,argus,ambiguous_name_only,1,1,2
normalized_name,noctis,ambiguous_name_only,1,1,2
normalized_name,gcat,ambiguous_name_only,1,1,2
normalized_name,hiphop,ambiguous_name_only,1,1,2
doi,10.1038/s41598-019-48786-x,exact,1,2,3
doi,10.1101/289033,exact,1,1,2
doi,10.1038/s41467-019-13395-9,exact,1,1,2
doi,10.1371/journal.pcbi.1005665,exact,1,1,2
doi,10.1093/bib/bbaa266,exact,1,1,2
doi,10.1186/s12859-020-03584-5,exact,1,1,2
doi,10.1093/bioinformatics/btaa524,exact,1,1,2
doi,10.1016/j.dcn.2022.101068,exact,1,1,2
doi,10.1021/acs.jpclett.1c02506,exact,1,1,2
doi,10.1002/prot.26452,exact,1,1,2
doi,10.1021/acs.jcim.1c00799,exact,1,1,2
doi,10.1186/s13059-022-02780-1,exact,1,1,2
doi,10.1093/bioinformatics/btae085,exact,1,1,2
normalized_repository_url,https://github.com/DeepLabCut/DeepLabCut,exact,4,3,7
normalized_repository_url,https://github.com/pytorch/pytorch,exact,5,1,6
normalized_repository_url,https://github.com/voxelmorph/voxelmorph,exact,4,2,6
normalized_repository_url,https://github.com/AlexTS1980/COVID-CT-Mask-Net,exact,3,3,6
normalized_repository_url,https://github.com/EpistasisLab/tpot,exact,2,3,5
normalized_repository_url,https://github.com/mircare/Porter5,exact,2,3,5
normalized_repository_url,https://github.com/xulabs/aitom,exact,3,2,5
normalized_repository_url,https://github.com/verivital/nnv,exact,4,1,5
normalized_repository_url,https://github.com/freesurfer/freesurfer,exact,3,2,5
normalized_repository_url,https://github.com/MIC-DKFZ/TractSeg,exact,3,1,4
normalized_repository_url,https://github.com/kexinhuang12345/DeepPurpose,exact,3,1,4
normalized_repository_url,https://github.com/napakalas/NLIMED,exact,3,1,4
normalized_repository_url,https://github.com/dsrobertson/onlineFDR,exact,3,1,4
normalized_repository_url,https://github.com/benfulcher/hctsa,exact,3,1,4
normalized_repository_url,https://github.com/phuselab/pyVHR,exact,3,1,4
normalized_repository_url,https://github.com/awslabs/dgl-lifesci,exact,3,1,4
normalized_repository_url,https://github.com/blue-blue272/ImgReID-IAnet,exact,3,1,4
normalized_repository_url,https://github.com/bouracha/OoDMotion,exact,3,1,4
normalized_repository_url,https://github.com/flairNLP/flair,exact,3,1,4
normalized_repository_url,https://github.com/zygurt/TSM,exact,3,1,4
normalized_repository_url,https://github.com/samtools/samtools,exact,1,3,4
normalized_repository_url,https://github.com/tbepler/topaz,exact,1,2,3
normalized_repository_url,https://github.com/gnina/gnina,exact,2,1,3
normalized_repository_url,https://github.com/EpistasisLab/ebic,exact,2,1,3
normalized_repository_url,https://github.com/lh3/minimap2,exact,2,1,3
normalized_repository_url,https://github.com/cbenzmueller/LogiKEy,exact,2,1,3
normalized_repository_url,https://github.com/taozh2017/RGBD-SODsurvey,exact,2,1,3
normalized_repository_url,https://github.com/neurolib-dev/neurolib,exact,2,1,3
normalized_repository_url,https://github.com/kamwoh/DeepIPR,exact,2,1,3
normalized_repository_url,https://github.com/WuLoli/GAEseq,exact,1,2,3
normalized_repository_url,https://github.com/tfzhou/MATNet,exact,2,1,3
normalized_repository_url,https://github.com/scc-usc/ReCOVER-COVID-19,exact,2,1,3
normalized_repository_url,https://github.com/razeineldin/DeepSeg,exact,2,1,3
normalized_repository_url,https://github.com/jeya-maria-jose/KiU-Net-pytorch,exact,2,1,3
normalized_repository_url,https://github.com/CherBass/ICAM,exact,2,1,3
normalized_repository_url,https://github.com/Marie0909/AtrialJSQnet,exact,2,1,3
normalized_repository_url,https://github.com/GanjinZero/CODER,exact,2,1,3
normalized_repository_url,https://github.com/opencobra/cobratoolbox,exact,2,1,3
normalized_repository_url,https://github.com/mdkarcher/phylodyn,exact,2,1,3
normalized_repository_url,https://github.com/pogudingleb/CLUE,exact,2,1,3
normalized_repository_url,https://github.com/hasindu2008/f5c,exact,1,2,3
normalized_repository_url,https://github.com/CMU-SAFARI/COVIDHunter,exact,2,1,3
normalized_repository_url,https://github.com/fernandoPalluzzi/SEMgraph,exact,1,2,3
normalized_repository_url,https://github.com/Qianyu1226/Crosslink-Net,exact,2,1,3
normalized_repository_url,https://github.com/chhylp123/hifiasm,exact,2,1,3
normalized_repository_url,https://github.com/OpenBioLink/ITO,exact,2,1,3
normalized_repository_url,https://github.com/frankkramer-lab/miseval,exact,2,1,3
normalized_repository_url,https://github.com/aspuru-guzik-group/selfies,exact,2,1,3
normalized_repository_url,https://github.com/fedbiomed/fedbiomed,exact,1,2,3
normalized_repository_url,https://github.com/compbiomed-unito/survhive,exact,2,1,3
normalized_repository_url,https://github.com/jaechanglim/CVAE,exact,1,1,2
normalized_repository_url,https://github.com/bio-ontology-research-group/opa2vec,exact,1,1,2
normalized_repository_url,https://github.com/kevinid/molecule_generator,exact,1,1,2
normalized_repository_url,https://github.com/markusheinonen/bamfa,exact,1,1,2
normalized_repository_url,https://github.com/Cassie94/LSTD,exact,1,1,2
normalized_repository_url,https://github.com/BatzoglouLabSU/SIMLR,exact,1,1,2
normalized_repository_url,https://github.com/mawady/DeepRetinalClassification,exact,1,1,2
normalized_repository_url,https://github.com/wilsoncai1992/adaptest,exact,1,1,2
normalized_repository_url,https://github.com/smirarab/sepp,exact,1,1,2
normalized_repository_url,https://github.com/BIMIB-DISCo/PMCE,exact,1,1,2
normalized_repository_url,https://github.com/windweller/DeepTag,exact,1,1,2
normalized_repository_url,https://github.com/UCLOrengoGroup/cath-tools,exact,1,1,2
normalized_repository_url,https://github.com/huckiyang/EvoluGeneNet-Adjacency-Matrix-Visualizer,exact,1,1,2
normalized_repository_url,https://github.com/csjunxu/SSRSC,exact,1,1,2
normalized_repository_url,https://github.com/SharifBioinf/DeePathology,exact,1,1,2
normalized_repository_url,https://github.com/QTIM-Lab/DeepNeuro,exact,1,1,2
normalized_repository_url,https://github.com/andreasmang/claire,exact,1,1,2
normalized_repository_url,https://github.com/wonjininfo/CollaboNet,exact,1,1,2
normalized_repository_url,https://github.com/molecularsets/moses,exact,1,1,2
normalized_repository_url,https://github.com/zhizhenz/sepca,exact,1,1,2
normalized_repository_url,https://github.com/paninski-lab/yass,exact,1,1,2
normalized_repository_url,https://github.com/zju3dv/pvnet,exact,1,1,2
normalized_repository_url,https://github.com/Lowpassfilter/tCNNS-Project,exact,1,1,2
normalized_repository_url,https://github.com/aamir-mustafa/super-resolution-adversarial-defense,exact,1,1,2
normalized_repository_url,https://github.com/DataSlingers/clustRviz,exact,1,1,2
normalized_repository_url,https://github.com/mrazvan22/dkt,exact,1,1,2
normalized_repository_url,https://github.com/KrishnaswamyLab/AAnet,exact,1,1,2
normalized_repository_url,https://github.com/MedChaabane/deepRAM,exact,1,1,2
normalized_repository_url,https://github.com/puppy101puppy/Deep-Z,exact,1,1,2
normalized_repository_url,https://github.com/twhui/LiteFlowNet2,exact,1,1,2
normalized_repository_url,https://github.com/pcdslab/ASD-DiagNet,exact,1,1,2
normalized_repository_url,https://github.com/csyben/PYRO-NN,exact,1,1,2
normalized_repository_url,https://github.com/willwx/XDream,exact,1,1,2
normalized_repository_url,https://github.com/cskyan/evntextrc,exact,1,1,2
normalized_repository_url,https://github.com/sheryl-ai/MetaPred,exact,1,1,2
normalized_repository_url,https://github.com/anirudhsom/PI-Net,exact,1,1,2
normalized_repository_url,https://github.com/csjunxu/Noisy-As-Clean,exact,1,1,2
normalized_repository_url,https://github.com/csjunxu/STAR,exact,1,1,2
normalized_repository_url,https://github.com/val-iisc/lsc-cnn,exact,1,1,2
normalized_repository_url,https://github.com/tianwei-yu/AIME,exact,1,1,2
normalized_repository_url,https://github.com/zzstefan/BrainNetClass,exact,1,1,2
normalized_repository_url,https://github.com/congasix/DeepNC,exact,1,1,2
normalized_repository_url,https://github.com/thinng/GraphDTA,exact,1,1,2
normalized_repository_url,https://github.com/BenevolentAI/DeeplyTough,exact,1,1,2
normalized_repository_url,https://github.com/OSU-slatelab/HARE,exact,1,1,2
normalized_repository_url,https://github.com/urakubo/UNI-EM,exact,1,1,2
normalized_repository_url,https://github.com/Sudo-Biao/s-LWSR,exact,1,1,2
normalized_repository_url,https://github.com/shivram1987/diffGrad,exact,1,1,2
normalized_repository_url,https://github.com/samuelstjean/harmonization,exact,1,1,2
normalized_repository_url,https://github.com/SRKH/S4NN,exact,1,1,2
normalized_repository_url,https://github.com/frankkramer-lab/MIScnn,exact,1,1,2
normalized_repository_url,https://github.com/liuyi1989/TSPORTNet,exact,1,1,2
normalized_repository_url,https://github.com/xmengli999/CANet,exact,1,1,2
normalized_repository_url,https://github.com/hkaggarwal/J-MoDL,exact,1,1,2
normalized_repository_url,https://github.com/bigchem/transformer-cnn,exact,1,1,2
normalized_repository_url,https://github.com/CZHQuality/AAA-Pix2pix,exact,1,1,2
normalized_repository_url,https://github.com/maple-research-lab/EnAET,exact,1,1,2
normalized_repository_url,https://github.com/timo-verstraeten/mats-experiments,exact,1,1,2
normalized_repository_url,https://github.com/gnina/libmolgrid,exact,1,1,2
normalized_repository_url,https://github.com/OpenBioLink/OpenBioLink,exact,1,1,2
normalized_repository_url,https://github.com/HassounLab/PUMA,exact,1,1,2
normalized_repository_url,https://github.com/ncbi-nlp/BioConceptVec,exact,1,1,2
normalized_repository_url,https://github.com/CMU-SAFARI/AirLift,exact,1,1,2
normalized_repository_url,https://github.com/jaswindersingh2/SPOT-RNA,exact,1,1,2
normalized_repository_url,https://github.com/canisw/tf3p,exact,1,1,2
normalized_repository_url,https://github.com/3DGenomes/tadbit,exact,1,1,2
normalized_repository_url,https://github.com/ZexuanSun/DTF-Drug-Synergy,exact,1,1,2
normalized_repository_url,https://github.com/lasigeBioTM/BiONT,exact,1,1,2
normalized_repository_url,https://github.com/jmlipman/RatLesNetv2,exact,1,1,2
normalized_repository_url,https://github.com/Bhattacharya-Lab/PolyFold,exact,1,1,2
normalized_repository_url,https://github.com/NicoYuCN/matFR,exact,1,1,2
normalized_repository_url,https://github.com/CMU-SAFARI/SneakySnake,exact,1,1,2
normalized_repository_url,https://github.com/charlesnchr/ML-SIM,exact,1,1,2
normalized_repository_url,https://github.com/mboboGO/MOMN,exact,1,1,2
normalized_repository_url,https://github.com/superlouis/GATGNN,exact,1,1,2
normalized_repository_url,https://github.com/menghaomiao/aitr,exact,1,1,2
normalized_repository_url,https://github.com/papcjy/n-BQ-NN,exact,1,1,2
normalized_repository_url,https://github.com/taohan10200/NLT,exact,1,1,2
normalized_repository_url,https://github.com/zju3dv/disprcnn,exact,1,1,2
normalized_repository_url,https://github.com/cimm-kzn/RuDReC,exact,1,1,2
normalized_repository_url,https://github.com/voxelmorph/spheremorph,exact,1,1,2
normalized_repository_url,https://github.com/ccipd/MRQy,exact,1,1,2
normalized_repository_url,https://github.com/yuhuan-wu/JCS,exact,1,1,2
normalized_repository_url,https://github.com/MrGiovanni/ModelsGenesis,exact,1,1,2
normalized_repository_url,https://github.com/CMU-SAFARI/Apollo,exact,1,1,2
normalized_repository_url,https://github.com/shervinmin/DeepCovid,exact,1,1,2
normalized_repository_url,https://github.com/dongliangchang/OSLNet,exact,1,1,2
normalized_repository_url,https://github.com/ncbi-nlp/TeamTat,exact,1,1,2
normalized_repository_url,https://github.com/Yingjun-Du/VID,exact,1,1,2
normalized_repository_url,https://github.com/maikherbig/AIDeveloper,exact,1,1,2
normalized_repository_url,https://github.com/JekyllAndHyde8999/AutoTune_CNN_TransferLearning,exact,1,1,2
normalized_repository_url,https://github.com/danjlawson/CLARITY,exact,1,1,2
normalized_repository_url,https://github.com/juntang-zhuang/torch-ACA,exact,1,1,2
normalized_repository_url,https://github.com/sutd-visual-computing-group/dag-gans,exact,1,1,2
normalized_repository_url,https://github.com/xytangtang/ProcData,exact,1,1,2
normalized_repository_url,https://github.com/ncbi-nlp/COVID-19-CT-CXR,exact,1,1,2
normalized_repository_url,https://github.com/EliasNehme/DeepSTORM3D,exact,1,1,2
normalized_repository_url,https://github.com/lnsmith54/BOSS,exact,1,1,2
normalized_repository_url,https://github.com/zbzhzhy/PZRes-Net,exact,1,1,2
normalized_repository_url,https://github.com/petroniocandido/COVID19_AgentBasedSimulation,exact,1,1,2
normalized_repository_url,https://github.com/yangyanli/DO-Conv,exact,1,1,2
normalized_repository_url,https://github.com/LANL-Bioinformatics/EDGE,exact,1,1,2
normalized_repository_url,https://github.com/anbai106/MAGIC,exact,1,1,2
normalized_repository_url,https://github.com/auranic/ClinTrajan,exact,1,1,2
normalized_repository_url,https://github.com/iteal/wormpose,exact,1,1,2
normalized_repository_url,https://github.com/agemagician/ProtTrans,exact,1,1,2
normalized_repository_url,https://github.com/ml-jku/DeepRC,exact,1,1,2
normalized_repository_url,https://github.com/hestiri/mlho,exact,1,1,2
normalized_repository_url,https://github.com/pwollstadt/IDTxl,exact,1,1,2
normalized_repository_url,https://github.com/PengyiZhang/DRR4Covid,exact,1,1,2
normalized_repository_url,https://github.com/cgoliver/vernal,exact,1,1,2
normalized_repository_url,https://github.com/IIT-LAND/reval_clustering,exact,1,1,2
normalized_repository_url,https://github.com/RWParsons/circacompare,exact,1,1,2
normalized_repository_url,https://github.com/wajidarshad/panda,exact,1,1,2
normalized_repository_url,https://github.com/danfenghong/ECCV2018_J-Play,exact,1,1,2
normalized_repository_url,https://github.com/mahmoodlab/HistoFL,exact,1,1,2
normalized_repository_url,https://github.com/QingbeiGuo/SG-CNN,exact,1,1,2
normalized_repository_url,https://github.com/MoreiraLAB/mensadb-open,exact,1,1,2
normalized_repository_url,https://github.com/nachifur/LLPC,exact,1,1,2
normalized_repository_url,https://github.com/yueyu1030/SumGNN,exact,1,1,2
normalized_repository_url,https://github.com/rundherum/pymia,exact,1,1,2
normalized_repository_url,https://github.com/SHIDCenter/PathoNet,exact,1,1,2
normalized_repository_url,https://github.com/z-x-yang/CFBI,exact,1,1,2
normalized_repository_url,https://github.com/kilicogluh/lbd-covid,exact,1,1,2
normalized_repository_url,https://github.com/ncclabsustech/EEGdenoiseNet,exact,1,1,2
normalized_repository_url,https://github.com/riken-aip/pyHSICLasso,exact,1,1,2
normalized_repository_url,https://github.com/microsoft/RespireNet,exact,1,1,2
normalized_repository_url,https://github.com/aistairc/DeepEventMine,exact,1,1,2
normalized_repository_url,https://github.com/conscienceli/MDTNet,exact,1,1,2
normalized_repository_url,https://github.com/FastTrackOrg/FastTrack,exact,1,1,2
normalized_repository_url,https://github.com/jaswindersingh2/RNAsnap2,exact,1,1,2
normalized_repository_url,https://github.com/tjubiit/TJU-DHD,exact,1,1,2
normalized_repository_url,https://github.com/roads/psiz,exact,1,1,2
normalized_repository_url,https://github.com/Murali-group/SARS-CoV-2-network-analysis,exact,1,1,2
normalized_repository_url,https://github.com/mogvision/FFD,exact,1,1,2
normalized_repository_url,https://github.com/lh3/bfc,exact,1,1,2
normalized_repository_url,https://github.com/MDAnalysis/mdanalysis,exact,1,1,2
normalized_repository_url,https://github.com/srnas/barnaba,exact,1,1,2
normalized_repository_url,https://github.com/AuReMe/mpwt,exact,1,1,2
normalized_repository_url,https://github.com/pierrepeterlongo/commet,exact,1,1,2
normalized_repository_url,https://github.com/nisheth/MeFiT,exact,1,1,2
normalized_repository_url,https://github.com/BilkentCompGen/GateKeeper,exact,1,1,2
normalized_repository_url,https://github.com/davidvi/pypanda,exact,1,1,2
normalized_repository_url,https://github.com/fsotoc/grtools,exact,1,1,2
normalized_repository_url,https://github.com/nicolagalvanetto/Fodis,exact,1,1,2
normalized_repository_url,https://github.com/eb00/lemon-tree,exact,1,1,2
normalized_repository_url,https://github.com/alanderos91/BioSimulator.jl,exact,1,1,2
normalized_repository_url,https://github.com/ctlee/gamer,exact,1,1,2
normalized_repository_url,https://github.com/alncat/cryoem,exact,1,1,2
normalized_repository_url,https://github.com/8medom/ProtRank,exact,1,1,2
normalized_repository_url,https://github.com/jdbrunner/surfin_fba,exact,1,1,2
normalized_repository_url,https://github.com/lh3/minigraph,exact,1,1,2
normalized_repository_url,https://github.com/SCCAF/sccaf,exact,1,1,2
normalized_repository_url,https://github.com/gmrukwa/divik,exact,1,1,2
normalized_repository_url,https://github.com/JasonLeeGHub/MAG-SD,exact,1,1,2
normalized_repository_url,https://github.com/kuangmeng/DLPAlign,exact,1,1,2
normalized_repository_url,https://github.com/Ejmric/STMF,exact,1,1,2
normalized_repository_url,https://github.com/lich0031/AIDE,exact,1,1,2
normalized_repository_url,https://github.com/AMICI-dev/AMICI,exact,1,1,2
normalized_repository_url,https://github.com/a-ignatieva/kwarg,exact,1,1,2
normalized_repository_url,https://github.com/mmoradi-iut/BioCIE,exact,1,1,2
normalized_repository_url,https://github.com/torchmd/torchmd,exact,1,1,2
normalized_repository_url,https://github.com/yuhuan-wu/EDN,exact,1,1,2
normalized_repository_url,https://github.com/gregorpatof/nrgten_package,exact,1,1,2
normalized_repository_url,https://github.com/fpthink/EPC-Net,exact,1,1,2
normalized_repository_url,https://github.com/lmbxmu/EPruner,exact,1,1,2
normalized_repository_url,https://github.com/MathLee/OLBPNet4PFOS,exact,1,1,2
normalized_repository_url,https://github.com/juglab/EmbedSeg,exact,1,1,2
normalized_repository_url,https://github.com/Layne-Huang/EGFI,exact,1,1,2
normalized_repository_url,https://github.com/jiequancui/ResLT,exact,1,1,2
normalized_repository_url,https://github.com/cbeauc/midSIN,exact,1,1,2
normalized_repository_url,https://github.com/fatemehtd/Echo-SyncNet,exact,1,1,2
normalized_repository_url,https://github.com/MansoorehMontazerin/Livelayer-Software,exact,1,1,2
normalized_repository_url,https://github.com/krishnanlab/GenePlexus,exact,1,1,2
normalized_repository_url,https://github.com/dermatologist/dicom-dermatology,exact,1,1,2
normalized_repository_url,https://github.com/PathologyDataScience/NuCLS,exact,1,1,2
normalized_repository_url,https://github.com/JLiangLab/TransVW,exact,1,1,2
normalized_repository_url,https://github.com/pranavkdm/R-PointHop,exact,1,1,2
normalized_repository_url,https://github.com/sysbiolux/DCcov,exact,1,1,2
normalized_repository_url,https://github.com/SJLeo/FFSD,exact,1,1,2
normalized_repository_url,https://github.com/JupitersMight/DI2,exact,1,1,2
normalized_repository_url,https://github.com/statbiophys/NoisET,exact,1,1,2
normalized_repository_url,https://github.com/HassounLab/ELP,exact,1,1,2
normalized_repository_url,https://github.com/hjraad/FLT,exact,1,1,2
normalized_repository_url,https://github.com/lanagarmire/lilikoi,exact,1,1,2
normalized_repository_url,https://github.com/guanghaoyin/CMDSR,exact,1,1,2
normalized_repository_url,https://github.com/HiLab-git/SCPM-Net,exact,1,1,2
normalized_repository_url,https://github.com/zabir-nabil/Fibro-CoSANet,exact,1,1,2
normalized_repository_url,https://github.com/nstrodt/USMPep,exact,1,1,2
normalized_repository_url,https://github.com/syp2ysy/CTNet,exact,1,1,2
normalized_repository_url,https://github.com/DeepSpectrum/DeepSpectrumLite,exact,1,1,2
normalized_repository_url,https://github.com/xieenze/PolarMask,exact,1,1,2
normalized_repository_url,https://github.com/nebfield/snpQT,exact,1,1,2
normalized_repository_url,https://github.com/alfonsosemeraro/pyplutchik,exact,1,1,2
normalized_repository_url,https://github.com/augustinas1/MomentClosure.jl,exact,1,1,2
normalized_repository_url,https://github.com/emadeldeen24/AttnSleep,exact,1,1,2
normalized_repository_url,https://github.com/moloud1987/UncertaintyFuseNet-for-COVID-19-Classification,exact,1,1,2
normalized_repository_url,https://github.com/SuperSupermoon/MedViLL,exact,1,1,2
normalized_repository_url,https://github.com/SJTU-LuHe/TransVOD,exact,1,1,2
normalized_repository_url,https://github.com/anthony-wang/CrabNet,exact,1,1,2
normalized_repository_url,https://github.com/nliulab/AutoScore-Survival,exact,1,1,2
normalized_repository_url,https://github.com/cevo-public/cov-spectrum-website,exact,1,1,2
normalized_repository_url,https://github.com/hci-unihd/plant-seg,exact,1,1,2
normalized_repository_url,https://github.com/IBM/fold2seq,exact,1,1,2
normalized_repository_url,https://github.com/zm17943/SplitAVG,exact,1,1,2
normalized_repository_url,https://github.com/sedaboni/DeepCEL0,exact,1,1,2
normalized_repository_url,https://github.com/usmaann/BioALBERT,exact,1,1,2
normalized_repository_url,https://github.com/VoiceBeer/MS-MDA,exact,1,1,2
normalized_repository_url,https://github.com/thiviyanT/torch-rgcn,exact,1,1,2
normalized_repository_url,https://github.com/aramis-lab/clinica,exact,1,1,2
normalized_repository_url,https://github.com/mswzeus/TargetNet,exact,1,1,2
normalized_repository_url,https://github.com/genome/bam-readcount,exact,1,1,2
normalized_repository_url,https://github.com/sigven/oncoEnrichR,exact,1,1,2
normalized_repository_url,https://github.com/alan-s-lee/OnPoint,exact,1,1,2
normalized_repository_url,https://github.com/jmlipman/MedicDeepLabv3Plus,exact,1,1,2
normalized_repository_url,https://github.com/moen-hyb/Graph2MDA,exact,1,1,2
normalized_repository_url,https://github.com/j-bac/scikit-dimension,exact,1,1,2
normalized_repository_url,https://github.com/sartorius-research/LIVECell,exact,1,1,2
normalized_repository_url,https://github.com/StoreyLab/lfa,exact,1,1,2
normalized_repository_url,https://github.com/cianmscannell/cardisort,exact,1,1,2
normalized_repository_url,https://github.com/codalab/codabench,exact,1,1,2
normalized_repository_url,https://github.com/xfengnefx/hifiasm-meta,exact,1,1,2
normalized_repository_url,https://github.com/pni-lab/mlconfound,exact,1,1,2
normalized_repository_url,https://github.com/smajidian/Hap10,exact,1,1,2
normalized_repository_url,https://github.com/smajidian/phaseme,exact,1,1,2
normalized_repository_url,https://github.com/boun-tabi/vapur,exact,1,1,2
normalized_repository_url,https://github.com/wangshenguiuc/OnClass,exact,1,1,2
normalized_repository_url,https://github.com/zpf0117b/CLMB,exact,1,1,2
normalized_repository_url,https://github.com/htseq/htseq,exact,1,1,2
normalized_repository_url,https://github.com/pnnl/deimos,exact,1,1,2
normalized_repository_url,https://github.com/CMU-SAFARI/BLEND,exact,1,1,2
normalized_repository_url,https://github.com/dengzhuo-AI/Real-Fundus,exact,1,1,2
normalized_repository_url,https://github.com/alexjfoote/reetoolbox,exact,1,1,2
normalized_repository_url,https://github.com/henrycousins/gspa,exact,1,1,2
normalized_repository_url,https://github.com/xq141839/DCSAU-Net,exact,1,1,2
normalized_repository_url,https://github.com/kingstdio/ECRECer,exact,1,1,2
normalized_repository_url,https://github.com/pierrepo/autoclassweb,exact,1,1,2
normalized_repository_url,https://github.com/doughtmw/hmd-ego-pose,exact,1,1,2
normalized_repository_url,https://github.com/facaraff/SOS,exact,1,1,2
normalized_repository_url,https://github.com/aL3x-O-o-Hung/CAT-Net,exact,1,1,2
normalized_repository_url,https://github.com/Tan-H-C/DR-GAN-Distribution-Regularization-for-Text-to-Image-Generation,exact,1,1,2
normalized_repository_url,https://github.com/bionlplab/radtext,exact,1,1,2
normalized_repository_url,https://github.com/FETS-AI/Front-End,exact,1,1,2
normalized_repository_url,https://github.com/yarongef/DistilProtBert,exact,1,1,2
normalized_repository_url,https://github.com/dauparas/ProteinMPNN,exact,1,1,2
normalized_repository_url,https://github.com/lifanchen-simm/transformerCPI,exact,1,1,2
normalized_repository_url,https://github.com/vpKumaravel/NEAR,exact,1,1,2
normalized_repository_url,https://github.com/gregorpatof/dynasigml_package,exact,1,1,2
normalized_repository_url,https://github.com/afvillaverde/strike-goldd,exact,1,1,2
normalized_repository_url,https://github.com/ArnovanHilten/GenNet,exact,1,1,2
normalized_repository_url,https://github.com/sneuensc/mapache,exact,1,1,2
normalized_repository_url,https://github.com/idruglab/hignn,exact,1,1,2
normalized_repository_url,https://github.com/vanheeringen-lab/genomepy,exact,1,1,2
normalized_repository_url,https://github.com/zhoulinumass/ML-wPBE,exact,1,1,2
normalized_repository_url,https://github.com/lh3/miniprot,exact,1,1,2
normalized_repository_url,https://github.com/lseventeen/FR-UNet,exact,1,1,2
normalized_repository_url,https://github.com/drorlab/pensa,exact,1,1,2
normalized_repository_url,https://github.com/marrlab/InstantDL,exact,1,1,2
normalized_repository_url,https://github.com/BMCV/SuperDSM,exact,1,1,2
normalized_repository_url,https://github.com/ncbi/GeneGPT,exact,1,1,2
normalized_repository_url,https://github.com/CSBG-LSU/BionoiNet,exact,1,1,2
normalized_repository_url,https://github.com/ICB-DCM/pyPESTO,exact,1,1,2
normalized_repository_url,https://github.com/nitzanlab/scPrisma,exact,1,1,2
normalized_repository_url,https://github.com/NourMarzouka/multiclassPairs,exact,1,1,2
normalized_repository_url,https://github.com/michael-camilleri/Mice-N-Mates,exact,1,1,2
normalized_repository_url,https://github.com/lczech/grenedalf,exact,1,1,2
normalized_repository_url,https://github.com/HibaKob/MicroBundleCompute,exact,1,1,2
normalized_repository_url,https://github.com/modeloriented/survex,exact,1,1,2
normalized_repository_url,https://github.com/juaml/julearn,exact,1,1,2
normalized_repository_url,https://github.com/sb-ncbr/golem,exact,1,1,2
normalized_repository_url,https://github.com/cmb-chula/SMSNet,exact,1,1,2
normalized_repository_url,https://github.com/morrislab/orchard,exact,1,1,2
normalized_repository_url,https://github.com/aqlaboratory/openfold,exact,1,1,2
normalized_repository_url,https://github.com/guoyangzou/CNNArginineMe,exact,1,1,2
normalized_repository_url,https://github.com/google/bayesnf,exact,1,1,2
normalized_repository_url,https://github.com/aelefebv/nellie,exact,1,1,2
normalized_repository_url,https://github.com/ermshaua/preon,exact,1,1,2
normalized_repository_url,https://github.com/acellera/acegen-open,exact,1,1,2
normalized_repository_url,https://github.com/HibaKob/MicroBundlePillarTrack,exact,1,1,2
normalized_repository_url,https://github.com/bio-ontology-research-group/mowl,exact,1,1,2
normalized_repository_url,https://github.com/duaneloh/Dragonfly,exact,1,1,2
normalized_repository_url,https://github.com/dida-do/eurocropsml,exact,1,1,2
normalized_repository_url,https://github.com/medkit-lib/medkit,exact,1,1,2
normalized_repository_url,https://github.com/birneylab/flexlmm,exact,1,1,2
normalized_repository_url,https://github.com/mdppml/FREDA,exact,1,1,2
normalized_repository_url,https://github.com/nitzanlab/Annotatability,exact,1,1,2
normalized_repository_url,https://github.com/timsainb/noisereduce,exact,1,1,2
