source,level,label,support,proportion_of_assignments
bio.tools,level1_high_level,Biosciences,13871,0.43723994
bio.tools,level1_high_level,Data acquisition,6996,0.22052705
bio.tools,level1_high_level,Computer science,3285,0.10354936
bio.tools,level1_high_level,Data management,1954,0.06159375
bio.tools,level1_high_level,Informatics,1236,0.03896104
bio.tools,level1_high_level,Environmental sciences,1153,0.03634472
bio.tools,level1_high_level,Mathematics,1062,0.03347623
bio.tools,level1_high_level,Chemistry,775,0.02442945
bio.tools,level1_high_level,Experimental design and studies,634,0.01998487
bio.tools,level1_high_level,Literature and language,464,0.01462615
bio.tools,level1_high_level,Physics,269,0.00847938
bio.tools,level1_high_level,Open science,25,0.00078805
bio.tools,level2_fine_grained,Machine learning,2504,0.04635406
bio.tools,level2_fine_grained,RNA-Seq,1769,0.03274774
bio.tools,level2_fine_grained,Workflows,1497,0.02771247
bio.tools,level2_fine_grained,Gene expression,1430,0.02647217
bio.tools,level2_fine_grained,"Molecular interactions, pathways and networks",1360,0.02517633
bio.tools,level2_fine_grained,Small molecules,1347,0.02493567
bio.tools,level2_fine_grained,Sequencing,1273,0.02356578
bio.tools,level2_fine_grained,Genotype and phenotype,1234,0.02284381
bio.tools,level2_fine_grained,Imaging,1087,0.02012255
bio.tools,level2_fine_grained,Transcriptomics,1026,0.01899332
bio.tools,level2_fine_grained,Mapping,1001,0.01853052
bio.tools,level2_fine_grained,Gene transcripts,1001,0.01853052
bio.tools,level2_fine_grained,Oncology,998,0.01847498
bio.tools,level2_fine_grained,Cell biology,982,0.01817879
bio.tools,level2_fine_grained,Proteomics,964,0.01784557
bio.tools,level2_fine_grained,Transcription factors and regulatory sites,907,0.01679039
bio.tools,level2_fine_grained,Sequence assembly,900,0.0166608
bio.tools,level2_fine_grained,Sequence analysis,855,0.01582776
bio.tools,level2_fine_grained,Genomics,844,0.01562413
bio.tools,level2_fine_grained,Genetic variation,799,0.01479109
bio.tools,level2_fine_grained,Metagenomics,727,0.01345823
bio.tools,level2_fine_grained,Statistics and probability,721,0.01334716
bio.tools,level2_fine_grained,DNA polymorphism,721,0.01334716
bio.tools,level2_fine_grained,Model organisms,717,0.01327311
bio.tools,level2_fine_grained,Pathology,659,0.01219941
bio.tools,level2_fine_grained,Proteomics experiment,641,0.0118662
bio.tools,level2_fine_grained,"Functional, regulatory and non-coding RNA",613,0.01134786
bio.tools,level2_fine_grained,DNA,532,0.00984839
bio.tools,level2_fine_grained,Plant biology,466,0.00862659
bio.tools,level2_fine_grained,Phylogenetics,457,0.00845999
bio.tools,level2_fine_grained,Bioinformatics,457,0.00845999
bio.tools,level2_fine_grained,Whole genome sequencing,449,0.00831189
bio.tools,level2_fine_grained,Epigenetics,442,0.00818231
bio.tools,level2_fine_grained,Metabolomics,434,0.00803421
bio.tools,level2_fine_grained,Protein interactions,416,0.00770099
bio.tools,level2_fine_grained,Microarray experiment,394,0.00729373
bio.tools,level2_fine_grained,Microbial ecology,381,0.00705307
bio.tools,level2_fine_grained,GWAS study,374,0.00692349
bio.tools,level2_fine_grained,Medical imaging,373,0.00690498
bio.tools,level2_fine_grained,Biomarkers,343,0.00634962
bio.tools,level2_fine_grained,RNA,342,0.00633111
bio.tools,level2_fine_grained,Zoology,327,0.00605343
bio.tools,level2_fine_grained,Ontology and terminology,319,0.00590533
bio.tools,level2_fine_grained,ChIP-seq,318,0.00588682
bio.tools,level2_fine_grained,Mathematics,316,0.00584979
bio.tools,level2_fine_grained,Public health and epidemiology,315,0.00583128
bio.tools,level2_fine_grained,Drug discovery,315,0.00583128
bio.tools,level2_fine_grained,Phylogeny,308,0.0057017
bio.tools,level2_fine_grained,"Sequence sites, features and motifs",307,0.00568319
bio.tools,level2_fine_grained,Exome sequencing,289,0.00534997
bio.tools,level2_fine_grained,MRI,288,0.00533146
bio.tools,level2_fine_grained,Neurobiology,282,0.00522039
bio.tools,level2_fine_grained,Endocrinology and metabolism,273,0.00505378
bio.tools,level2_fine_grained,Literature and language,269,0.00497973
bio.tools,level2_fine_grained,Probes and primers,264,0.00488717
bio.tools,level2_fine_grained,Data visualisation,258,0.0047761
bio.tools,level2_fine_grained,Molecular biology,251,0.00464651
bio.tools,level2_fine_grained,Molecular modelling,251,0.00464651
bio.tools,level2_fine_grained,Genetics,248,0.00459098
bio.tools,level2_fine_grained,Epigenomics,233,0.0043133
bio.tools,level2_fine_grained,Taxonomy,222,0.00410967
bio.tools,level2_fine_grained,Protein expression,218,0.00403562
bio.tools,level2_fine_grained,Evolutionary biology,209,0.00386901
bio.tools,level2_fine_grained,Tomography,209,0.00386901
bio.tools,level2_fine_grained,Molecular dynamics,208,0.0038505
bio.tools,level2_fine_grained,Immunoproteins and antigens,205,0.00379496
bio.tools,level2_fine_grained,Natural language processing,195,0.00360984
bio.tools,level2_fine_grained,RNA splicing,195,0.00360984
bio.tools,level2_fine_grained,Structure prediction,194,0.00359133
bio.tools,level2_fine_grained,Agricultural science,193,0.00357282
bio.tools,level2_fine_grained,Preclinical and clinical studies,192,0.0035543
bio.tools,level2_fine_grained,Computer science,179,0.00331365
bio.tools,level2_fine_grained,Ecology,178,0.00329514
bio.tools,level2_fine_grained,Proteins,177,0.00327662
bio.tools,level2_fine_grained,Protein folds and structural domains,175,0.0032396
bio.tools,level2_fine_grained,Personalised medicine,171,0.00316555
bio.tools,level2_fine_grained,Gene regulation,169,0.00312853
bio.tools,level2_fine_grained,Protein modifications,169,0.00312853
bio.tools,level2_fine_grained,Medicine,167,0.0030915
bio.tools,level2_fine_grained,Systems biology,160,0.00296192
bio.tools,level2_fine_grained,Population genetics,157,0.00290638
bio.tools,level2_fine_grained,Chemistry,156,0.00288787
bio.tools,level2_fine_grained,Phylogenomics,152,0.00281382
bio.tools,level2_fine_grained,Infectious disease,151,0.00279531
bio.tools,level2_fine_grained,NMR,151,0.00279531
bio.tools,level2_fine_grained,Gene and protein families,150,0.0027768
bio.tools,level2_fine_grained,Biology,149,0.00275829
bio.tools,level2_fine_grained,Cytometry,146,0.00270275
bio.tools,level2_fine_grained,Nucleic acid structure analysis,146,0.00270275
bio.tools,level2_fine_grained,Physiology,144,0.00266573
bio.tools,level2_fine_grained,Metagenomic sequencing,142,0.0026287
bio.tools,level2_fine_grained,Physics,139,0.00257317
bio.tools,level2_fine_grained,Cheminformatics,138,0.00255466
bio.tools,level2_fine_grained,Data mining,136,0.00251763
bio.tools,level2_fine_grained,Structure analysis,133,0.0024621
bio.tools,level2_fine_grained,Microbiology,133,0.0024621
bio.tools,level2_fine_grained,Medical informatics,131,0.00242507
bio.tools,level2_fine_grained,Protein structure analysis,130,0.00240656
bio.tools,level2_fine_grained,Software engineering,130,0.00240656
bio.tools,level2_fine_grained,"Protein folding, stability and design",129,0.00238805
bio.tools,level2_fine_grained,Pharmacology,129,0.00238805
bio.tools,level2_fine_grained,Data management,125,0.002314
bio.tools,level2_fine_grained,Biobank,125,0.002314
bio.tools,level2_fine_grained,Chromosome conformation capture,124,0.00229549
bio.tools,level2_fine_grained,Computational biology,123,0.00227698
bio.tools,level2_fine_grained,Medicinal chemistry,123,0.00227698
bio.tools,level2_fine_grained,Biophysics,122,0.00225846
bio.tools,level2_fine_grained,Methylated DNA immunoprecipitation,116,0.00214739
bio.tools,level2_fine_grained,Enzymes,113,0.00209186
bio.tools,level2_fine_grained,Protein structural motifs and surfaces,112,0.00207334
bio.tools,level2_fine_grained,Rare diseases,108,0.0019993
bio.tools,level2_fine_grained,Database management,108,0.0019993
bio.tools,level2_fine_grained,Structural variation,102,0.00188822
bio.tools,level2_fine_grained,Data quality management,101,0.00186971
bio.tools,level2_fine_grained,Mobile genetic elements,99,0.00183269
bio.tools,level2_fine_grained,Biomedical science,99,0.00183269
bio.tools,level2_fine_grained,Informatics,97,0.00179566
bio.tools,level2_fine_grained,Virology,96,0.00177715
bio.tools,level2_fine_grained,Biological databases,95,0.00175864
bio.tools,level2_fine_grained,Human biology,93,0.00172162
bio.tools,level2_fine_grained,RNA immunoprecipitation,89,0.00164757
bio.tools,level2_fine_grained,Drug metabolism,89,0.00164757
bio.tools,level2_fine_grained,Neurology,87,0.00161054
bio.tools,level2_fine_grained,Electron microscopy,87,0.00161054
bio.tools,level2_fine_grained,Biodiversity,84,0.00155501
bio.tools,level2_fine_grained,Drug development,82,0.00151798
bio.tools,level2_fine_grained,Protein binding sites,79,0.00146245
bio.tools,level2_fine_grained,Gene structure,78,0.00144394
bio.tools,level2_fine_grained,PCR experiment,78,0.00144394
bio.tools,level2_fine_grained,Sample collections,78,0.00144394
bio.tools,level2_fine_grained,RNA-seq,78,0.00144394
bio.tools,level2_fine_grained,Lipids,76,0.00140691
bio.tools,level2_fine_grained,ChIP-on-chip,75,0.0013884
bio.tools,level2_fine_grained,Membrane and lipoproteins,74,0.00136989
bio.tools,level2_fine_grained,Nucleic acids,74,0.00136989
bio.tools,level2_fine_grained,Biochemistry,71,0.00131435
bio.tools,level2_fine_grained,Compound libraries and screening,71,0.00131435
bio.tools,level2_fine_grained,Simulation experiment,71,0.00131435
bio.tools,level2_fine_grained,Surgery,70,0.00129584
bio.tools,level2_fine_grained,"Data submission, annotation and curation",70,0.00129584
bio.tools,level2_fine_grained,"Protein sites, features and motifs",69,0.00127733
bio.tools,level2_fine_grained,Data acquisition,67,0.0012403
bio.tools,level2_fine_grained,Experimental design and studies,65,0.00120328
bio.tools,level2_fine_grained,Immunology,65,0.00120328
bio.tools,level2_fine_grained,Protein secondary structure,65,0.00120328
bio.tools,level2_fine_grained,DNA structural variation,63,0.00116626
bio.tools,level2_fine_grained,Comparative genomics,62,0.00114774
bio.tools,level2_fine_grained,Protein interaction experiment,62,0.00114774
bio.tools,level2_fine_grained,Immunogenetics,60,0.00111072
bio.tools,level2_fine_grained,Single-cell sequencing,60,0.00111072
bio.tools,level2_fine_grained,Laboratory techniques,59,0.00109221
bio.tools,level2_fine_grained,Biotechnology,57,0.00105518
bio.tools,level2_fine_grained,"Allergy, clinical immunology and immunotherapeutics",57,0.00105518
bio.tools,level2_fine_grained,Pharmacogenomics,56,0.00103667
bio.tools,level2_fine_grained,"Sequence composition, complexity and repeats",54,0.00099965
bio.tools,level2_fine_grained,Metatranscriptomics,53,0.00098114
bio.tools,level2_fine_grained,"Nucleic acid sites, features and motifs",51,0.00094411
bio.tools,level2_fine_grained,Functional genomics,50,0.0009256
bio.tools,level2_fine_grained,Computational chemistry,50,0.0009256
bio.tools,level2_fine_grained,Copy number variation,50,0.0009256
bio.tools,level2_fine_grained,Cardiology,50,0.0009256
bio.tools,level2_fine_grained,Omics,49,0.00090709
bio.tools,level2_fine_grained,Genetic engineering,49,0.00090709
bio.tools,level2_fine_grained,Multiomics,48,0.00088858
bio.tools,level2_fine_grained,Toxicology,48,0.00088858
bio.tools,level2_fine_grained,X-ray diffraction,47,0.00087006
bio.tools,level2_fine_grained,Population genomics,47,0.00087006
bio.tools,level2_fine_grained,Structural biology,46,0.00085155
bio.tools,level2_fine_grained,Anatomy,44,0.00081453
bio.tools,level2_fine_grained,Function analysis,44,0.00081453
bio.tools,level2_fine_grained,Data integration and warehousing,44,0.00081453
bio.tools,level2_fine_grained,Phenomics,42,0.0007775
bio.tools,level2_fine_grained,Nutritional science,39,0.00072197
bio.tools,level2_fine_grained,Protein targeting and localisation,39,0.00072197
bio.tools,level2_fine_grained,Synthetic biology,38,0.00070346
bio.tools,level2_fine_grained,Environmental science,37,0.00068494
bio.tools,level2_fine_grained,Bioengineering,35,0.00064792
bio.tools,level2_fine_grained,Bioimaging,34,0.00062941
bio.tools,level2_fine_grained,Light microscopy,34,0.00062941
bio.tools,level2_fine_grained,DNA binding sites,33,0.0006109
bio.tools,level2_fine_grained,Molecular evolution,32,0.00059238
bio.tools,level2_fine_grained,Biotherapeutics,32,0.00059238
bio.tools,level2_fine_grained,Echography,31,0.00057387
bio.tools,level2_fine_grained,"Data architecture, analysis and design",30,0.00055536
bio.tools,level2_fine_grained,Proteogenomics,30,0.00055536
bio.tools,level2_fine_grained,Data security,30,0.00055536
bio.tools,level2_fine_grained,Molecular genetics,28,0.00051834
bio.tools,level2_fine_grained,Psychiatry,27,0.00049982
bio.tools,level2_fine_grained,Cladistics,27,0.00049982
bio.tools,level2_fine_grained,Cybersecurity,26,0.00048131
bio.tools,level2_fine_grained,Biological imaging,26,0.00048131
bio.tools,level2_fine_grained,Biomolecular simulation,26,0.00048131
bio.tools,level2_fine_grained,Safety sciences,24,0.00044429
bio.tools,level2_fine_grained,DNA packaging,24,0.00044429
bio.tools,level2_fine_grained,Protein properties,23,0.00042578
bio.tools,level2_fine_grained,DNA mutation,23,0.00042578
bio.tools,level2_fine_grained,<generator object candidate_biotools_records.<locals>.<genexpr> at 0x75258fcba880>,22,0.00040726
bio.tools,level2_fine_grained,Quality affairs,22,0.00040726
bio.tools,level2_fine_grained,Human genetics,22,0.00040726
bio.tools,level2_fine_grained,Epistasis,22,0.00040726
bio.tools,level2_fine_grained,Immunoinformatics,21,0.00038875
bio.tools,level2_fine_grained,DNA replication and recombination,20,0.00037024
bio.tools,level2_fine_grained,<generator object candidate_biotools_records.<locals>.<genexpr> at 0x75258f3b33e0>,20,0.00037024
bio.tools,level2_fine_grained,Data identity and mapping,19,0.00035173
bio.tools,level2_fine_grained,Paediatrics,19,0.00035173
bio.tools,level2_fine_grained,Fluxomics,19,0.00035173
bio.tools,level2_fine_grained,Long-read sequencing,18,0.00033322
bio.tools,level2_fine_grained,Applied mathematics,18,0.00033322
bio.tools,level2_fine_grained,Laboratory information management,18,0.00033322
bio.tools,level2_fine_grained,"Immunoproteins, genes and antigens",18,0.00033322
bio.tools,level2_fine_grained,Antimicrobial resistance,17,0.0003147
bio.tools,level2_fine_grained,Urology and nephrology,17,0.0003147
bio.tools,level2_fine_grained,Musculoskeletal medicine,17,0.0003147
bio.tools,level2_fine_grained,Vaccinology,17,0.0003147
bio.tools,level2_fine_grained,Analytical chemistry,17,0.0003147
bio.tools,level2_fine_grained,Protein variants,17,0.0003147
bio.tools,level2_fine_grained,Geriatric medicine,17,0.0003147
bio.tools,level2_fine_grained,<generator object candidate_biotools_records.<locals>.<genexpr> at 0x75258e22dc40>,17,0.0003147
bio.tools,level2_fine_grained,Data curation and archival,16,0.00029619
bio.tools,level2_fine_grained,Immunoprecipitation experiment,16,0.00029619
bio.tools,level2_fine_grained,Protein disordered structure,16,0.00029619
bio.tools,level2_fine_grained,Genotyping experiment,14,0.00025917
bio.tools,level2_fine_grained,Structural genomics,13,0.00024066
bio.tools,level2_fine_grained,Open science,13,0.00024066
bio.tools,level2_fine_grained,Marine biology,13,0.00024066
bio.tools,level2_fine_grained,Respiratory medicine,13,0.00024066
bio.tools,level2_fine_grained,NGS,13,0.00024066
bio.tools,level2_fine_grained,Quantitative genetics,13,0.00024066
bio.tools,level2_fine_grained,Carbohydrates,13,0.00024066
bio.tools,level2_fine_grained,Translational medicine,13,0.00024066
bio.tools,level2_fine_grained,Paleogenomics,13,0.00024066
bio.tools,level2_fine_grained,Biosciences,12,0.00022214
bio.tools,level2_fine_grained,FAIR data,12,0.00022214
bio.tools,level2_fine_grained,Parasitology,12,0.00022214
bio.tools,level2_fine_grained,Synthetic chemistry,12,0.00022214
bio.tools,level2_fine_grained,Regenerative medicine,12,0.00022214
bio.tools,level2_fine_grained,ATAC-seq,11,0.00020363
bio.tools,level2_fine_grained,<generator object candidate_biotools_records.<locals>.<genexpr> at 0x75258fcbbae0>,11,0.00020363
bio.tools,level2_fine_grained,Medicines research and development,10,0.00018512
bio.tools,level2_fine_grained,Developmental biology,10,0.00018512
bio.tools,level2_fine_grained,Pure mathematics,10,0.00018512
bio.tools,level2_fine_grained,Pharmacovigilance,10,0.00018512
bio.tools,level2_fine_grained,Critical care medicine,10,0.00018512
bio.tools,level2_fine_grained,<generator object candidate_biotools_records.<locals>.<genexpr> at 0x75258cbdb3e0>,10,0.00018512
bio.tools,level2_fine_grained,Tropical medicine,9,0.00016661
bio.tools,level2_fine_grained,<generator object candidate_biotools_records.<locals>.<genexpr> at 0x75258fcb8200>,9,0.00016661
bio.tools,level2_fine_grained,Data governance,9,0.00016661
bio.tools,level2_fine_grained,Gynaecology and obstetrics,9,0.00016661
bio.tools,level2_fine_grained,<generator object candidate_biotools_records.<locals>.<genexpr> at 0x75258e22dfc0>,9,0.00016661
bio.tools,level2_fine_grained,Electroencephalography,8,0.0001481
bio.tools,level2_fine_grained,Animal study,8,0.0001481
bio.tools,level2_fine_grained,Complementary medicine,8,0.0001481
bio.tools,level2_fine_grained,<generator object candidate_biotools_records.<locals>.<genexpr> at 0x752592baace0>,8,0.0001481
bio.tools,level2_fine_grained,<generator object candidate_biotools_records.<locals>.<genexpr> at 0x75258ce93ae0>,8,0.0001481
bio.tools,level2_fine_grained,<generator object candidate_biotools_records.<locals>.<genexpr> at 0x75258ce92f80>,8,0.0001481
bio.tools,level2_fine_grained,<generator object candidate_biotools_records.<locals>.<genexpr> at 0x75258e22e500>,8,0.0001481
bio.tools,level2_fine_grained,Lipidomics,7,0.00012958
bio.tools,level2_fine_grained,Cryogenic electron microscopy,7,0.00012958
bio.tools,level2_fine_grained,Molecular medicine,7,0.00012958
bio.tools,level2_fine_grained,Laboratory animal science,7,0.00012958
bio.tools,level2_fine_grained,<generator object candidate_biotools_records.<locals>.<genexpr> at 0x75258fcbbca0>,7,0.00012958
bio.tools,level2_fine_grained,Chemical biology,7,0.00012958
bio.tools,level2_fine_grained,Genome resequencing,6,0.00011107
bio.tools,level2_fine_grained,Biomaterials,6,0.00011107
bio.tools,level2_fine_grained,Neutron diffraction,6,0.00011107
bio.tools,level2_fine_grained,<generator object candidate_biotools_records.<locals>.<genexpr> at 0x75258fcb84a0>,6,0.00011107
bio.tools,level2_fine_grained,Assembly,6,0.00011107
bio.tools,level2_fine_grained,<generator object candidate_biotools_records.<locals>.<genexpr> at 0x75259047b840>,6,0.00011107
bio.tools,level2_fine_grained,Systems medicine,6,0.00011107
bio.tools,level2_fine_grained,Freshwater biology,6,0.00011107
bio.tools,level2_fine_grained,<generator object candidate_biotools_records.<locals>.<genexpr> at 0x75258ce920a0>,6,0.00011107
bio.tools,level2_fine_grained,<generator object candidate_biotools_records.<locals>.<genexpr> at 0x75258cbda180>,6,0.00011107
bio.tools,level2_fine_grained,<generator object candidate_biotools_records.<locals>.<genexpr> at 0x75258b281d20>,6,0.00011107
bio.tools,level2_fine_grained,Electrocardiography,5,9.256e-05
bio.tools,level2_fine_grained,Hi-C,5,9.256e-05
bio.tools,level2_fine_grained,Ribosome Profiling,5,9.256e-05
bio.tools,level2_fine_grained,<generator object candidate_biotools_records.<locals>.<genexpr> at 0x75258f3b2b20>,5,9.256e-05
bio.tools,level2_fine_grained,<generator object candidate_biotools_records.<locals>.<genexpr> at 0x75258f3b2340>,5,9.256e-05
bio.tools,level2_fine_grained,<generator object candidate_biotools_records.<locals>.<genexpr> at 0x75258fcbb840>,5,9.256e-05
bio.tools,level2_fine_grained,RNAi experiment,5,9.256e-05
bio.tools,level2_fine_grained,Reproductive health,5,9.256e-05
bio.tools,level2_fine_grained,<generator object candidate_biotools_records.<locals>.<genexpr> at 0x75258d3ba180>,5,9.256e-05
bio.tools,level2_fine_grained,Immunomics,5,9.256e-05
bio.tools,level2_fine_grained,<generator object candidate_biotools_records.<locals>.<genexpr> at 0x75258e8903c0>,5,9.256e-05
bio.tools,level2_fine_grained,<generator object candidate_biotools_records.<locals>.<genexpr> at 0x75258cbd8820>,5,9.256e-05
bio.tools,level2_fine_grained,<generator object candidate_biotools_records.<locals>.<genexpr> at 0x75258c80e420>,5,9.256e-05
bio.tools,level2_fine_grained,Data protection,4,7.405e-05
bio.tools,level2_fine_grained,<generator object candidate_biotools_records.<locals>.<genexpr> at 0x75258e891460>,4,7.405e-05
bio.tools,level2_fine_grained,Gender medicine,4,7.405e-05
bio.tools,level2_fine_grained,Carbon cycle,4,7.405e-05
bio.tools,level2_fine_grained,Pain medicine,4,7.405e-05
bio.tools,level2_fine_grained,Metabarcoding,4,7.405e-05
bio.tools,level2_fine_grained,Veterinary medicine,4,7.405e-05
bio.tools,level2_fine_grained,Gastroenterology,4,7.405e-05
bio.tools,level2_fine_grained,<generator object candidate_biotools_records.<locals>.<genexpr> at 0x75258e22c740>,4,7.405e-05
bio.tools,level2_fine_grained,Next generation sequencing,4,7.405e-05
bio.tools,level2_fine_grained,Biological networks,4,7.405e-05
bio.tools,level2_fine_grained,Haematology,4,7.405e-05
bio.tools,level2_fine_grained,<generator object candidate_biotools_records.<locals>.<genexpr> at 0x75258ce92ce0>,4,7.405e-05
bio.tools,level2_fine_grained,<generator object candidate_biotools_records.<locals>.<genexpr> at 0x75258ce93840>,4,7.405e-05
bio.tools,level2_fine_grained,Microbial collection,4,7.405e-05
bio.tools,level2_fine_grained,<generator object candidate_biotools_records.<locals>.<genexpr> at 0x75258cbd9a80>,4,7.405e-05
bio.tools,level2_fine_grained,<generator object candidate_biotools_records.<locals>.<genexpr> at 0x75258c80e5e0>,4,7.405e-05
bio.tools,level2_fine_grained,<generator object candidate_biotools_records.<locals>.<genexpr> at 0x75258e890580>,3,5.554e-05
bio.tools,level2_fine_grained,<generator object candidate_biotools_records.<locals>.<genexpr> at 0x75258e8919a0>,3,5.554e-05
bio.tools,level2_fine_grained,Microfluidics,3,5.554e-05
bio.tools,level2_fine_grained,Mouse clinic,3,5.554e-05
bio.tools,level2_fine_grained,Short-read sequencing,3,5.554e-05
bio.tools,level2_fine_grained,Clone library,3,5.554e-05
bio.tools,level2_fine_grained,<generator object candidate_biotools_records.<locals>.<genexpr> at 0x752590d3edc0>,3,5.554e-05
bio.tools,level2_fine_grained,<generator object candidate_biotools_records.<locals>.<genexpr> at 0x752592268900>,3,5.554e-05
bio.tools,level2_fine_grained,Cancer,3,5.554e-05
bio.tools,level2_fine_grained,<generator object candidate_biotools_records.<locals>.<genexpr> at 0x75258e893060>,3,5.554e-05
bio.tools,level2_fine_grained,Cytogenetics,3,5.554e-05
bio.tools,level2_fine_grained,Dermatology,3,5.554e-05
bio.tools,level2_fine_grained,<generator object candidate_biotools_records.<locals>.<genexpr> at 0x75258ce92b20>,3,5.554e-05
bio.tools,level2_fine_grained,<generator object candidate_biotools_records.<locals>.<genexpr> at 0x75258ce92a40>,3,5.554e-05
bio.tools,level2_fine_grained,<generator object candidate_biotools_records.<locals>.<genexpr> at 0x75258e22fbc0>,3,5.554e-05
bio.tools,level2_fine_grained,Dentistry,3,5.554e-05
bio.tools,level2_fine_grained,<generator object candidate_biotools_records.<locals>.<genexpr> at 0x75258cbd8c80>,3,5.554e-05
bio.tools,level2_fine_grained,<generator object candidate_biotools_records.<locals>.<genexpr> at 0x75258f3b0820>,2,3.702e-05
bio.tools,level2_fine_grained,<generator object candidate_biotools_records.<locals>.<genexpr> at 0x75258e8912a0>,2,3.702e-05
bio.tools,level2_fine_grained,<generator object candidate_biotools_records.<locals>.<genexpr> at 0x75259047a420>,2,3.702e-05
bio.tools,level2_fine_grained,Topic,2,3.702e-05
bio.tools,level2_fine_grained,Acoustics,2,3.702e-05
bio.tools,level2_fine_grained,Ophthalmology,2,3.702e-05
bio.tools,level2_fine_grained,<generator object candidate_biotools_records.<locals>.<genexpr> at 0x75258f3b3a00>,2,3.702e-05
bio.tools,level2_fine_grained,Environmental sciences,2,3.702e-05
bio.tools,level2_fine_grained,<generator object candidate_biotools_records.<locals>.<genexpr> at 0x75258fcb8e40>,2,3.702e-05
bio.tools,level2_fine_grained,Bisulfite sequencing,2,3.702e-05
bio.tools,level2_fine_grained,DNA methylation,2,3.702e-05
bio.tools,level2_fine_grained,Transcription factors,2,3.702e-05
bio.tools,level2_fine_grained,Protein families,2,3.702e-05
bio.tools,level2_fine_grained,Microbiome,2,3.702e-05
bio.tools,level2_fine_grained,"Ear, nose and throat medicine",2,3.702e-05
bio.tools,level2_fine_grained,<generator object candidate_biotools_records.<locals>.<genexpr> at 0x75258d3ba880>,2,3.702e-05
bio.tools,level2_fine_grained,Medical biotechnology,2,3.702e-05
bio.tools,level2_fine_grained,<generator object candidate_biotools_records.<locals>.<genexpr> at 0x75258d3ba5e0>,2,3.702e-05
bio.tools,level2_fine_grained,Hepatic and biliary medicine,2,3.702e-05
bio.tools,level2_fine_grained,<generator object candidate_biotools_records.<locals>.<genexpr> at 0x75258e22e420>,2,3.702e-05
bio.tools,level2_fine_grained,<generator object candidate_biotools_records.<locals>.<genexpr> at 0x75258cbdace0>,2,3.702e-05
bio.tools,level2_fine_grained,<generator object candidate_biotools_records.<locals>.<genexpr> at 0x75258d3b9620>,2,3.702e-05
bio.tools,level2_fine_grained,<generator object candidate_biotools_records.<locals>.<genexpr> at 0x75258ce91e00>,2,3.702e-05
bio.tools,level2_fine_grained,<generator object candidate_biotools_records.<locals>.<genexpr> at 0x75258ce92180>,2,3.702e-05
bio.tools,level2_fine_grained,<generator object candidate_biotools_records.<locals>.<genexpr> at 0x75258ce93760>,2,3.702e-05
bio.tools,level2_fine_grained,<generator object candidate_biotools_records.<locals>.<genexpr> at 0x75258ce93e60>,2,3.702e-05
bio.tools,level2_fine_grained,<generator object candidate_biotools_records.<locals>.<genexpr> at 0x75258cbd92a0>,2,3.702e-05
bio.tools,level2_fine_grained,<generator object candidate_biotools_records.<locals>.<genexpr> at 0x75258cbd9620>,2,3.702e-05
bio.tools,level2_fine_grained,<generator object candidate_biotools_records.<locals>.<genexpr> at 0x75258cbd97e0>,2,3.702e-05
bio.tools,level2_fine_grained,<generator object candidate_biotools_records.<locals>.<genexpr> at 0x75258d3b99a0>,2,3.702e-05
bio.tools,level2_fine_grained,<generator object candidate_biotools_records.<locals>.<genexpr> at 0x75258d3bb3e0>,2,3.702e-05
bio.tools,level2_fine_grained,<generator object candidate_biotools_records.<locals>.<genexpr> at 0x75258c80c040>,2,3.702e-05
bio.tools,level2_fine_grained,<generator object candidate_biotools_records.<locals>.<genexpr> at 0x75258c80dfc0>,2,3.702e-05
bio.tools,level2_fine_grained,<generator object candidate_biotools_records.<locals>.<genexpr> at 0x75258b7f99a0>,2,3.702e-05
bio.tools,level2_fine_grained,<generator object candidate_biotools_records.<locals>.<genexpr> at 0x75258ac15b60>,2,3.702e-05
bio.tools,level2_fine_grained,<generator object candidate_biotools_records.<locals>.<genexpr> at 0x75258ac15540>,2,3.702e-05
bio.tools,level2_fine_grained,Opthalmology,2,3.702e-05
bio.tools,level2_fine_grained,<generator object candidate_biotools_records.<locals>.<genexpr> at 0x75258a8a9000>,2,3.702e-05
bio.tools,level2_fine_grained,Sequences,2,3.702e-05
bio.tools,level2_fine_grained,<generator object candidate_biotools_records.<locals>.<genexpr> at 0x75258e890e40>,1,1.851e-05
bio.tools,level2_fine_grained,<generator object candidate_biotools_records.<locals>.<genexpr> at 0x75258e891d20>,1,1.851e-05
bio.tools,level2_fine_grained,Metabolic engineering,1,1.851e-05
bio.tools,level2_fine_grained,<generator object candidate_biotools_records.<locals>.<genexpr> at 0x75258fcbac00>,1,1.851e-05
bio.tools,level2_fine_grained,Data rescue,1,1.851e-05
bio.tools,level2_fine_grained,<generator object candidate_biotools_records.<locals>.<genexpr> at 0x75258f3b3920>,1,1.851e-05
bio.tools,level2_fine_grained,<generator object candidate_biotools_records.<locals>.<genexpr> at 0x752590d3eea0>,1,1.851e-05
bio.tools,level2_fine_grained,Proteome,1,1.851e-05
bio.tools,level2_fine_grained,<generator object candidate_biotools_records.<locals>.<genexpr> at 0x75258e22d380>,1,1.851e-05
bio.tools,level2_fine_grained,Probability,1,1.851e-05
bio.tools,level2_fine_grained,Amino acids,1,1.851e-05
bio.tools,level2_fine_grained,Peptides,1,1.851e-05
bio.tools,level2_fine_grained,Disease,1,1.851e-05
bio.tools,level2_fine_grained,Networks,1,1.851e-05
bio.tools,level2_fine_grained,Pipelines,1,1.851e-05
bio.tools,level2_fine_grained,RNA alignment,1,1.851e-05
bio.tools,level2_fine_grained,Microsatellites,1,1.851e-05
bio.tools,level2_fine_grained,Enhancers,1,1.851e-05
bio.tools,level2_fine_grained,Transcriptional regulatory sites,1,1.851e-05
bio.tools,level2_fine_grained,Promoters,1,1.851e-05
bio.tools,level2_fine_grained,RNA sequencing,1,1.851e-05
bio.tools,level2_fine_grained,DNA-Seq,1,1.851e-05
bio.tools,level2_fine_grained,Transcription factor binding sites,1,1.851e-05
bio.tools,level2_fine_grained,methyl-seq,1,1.851e-05
bio.tools,level2_fine_grained,Protein structure,1,1.851e-05
bio.tools,level2_fine_grained,Protein hydropathy,1,1.851e-05
bio.tools,level2_fine_grained,Drug targets,1,1.851e-05
bio.tools,level2_fine_grained,<generator object candidate_biotools_records.<locals>.<genexpr> at 0x75258e892a40>,1,1.851e-05
bio.tools,level2_fine_grained,Animals,1,1.851e-05
bio.tools,level2_fine_grained,<generator object candidate_biotools_records.<locals>.<genexpr> at 0x75259047b5a0>,1,1.851e-05
bio.tools,level2_fine_grained,<generator object candidate_biotools_records.<locals>.<genexpr> at 0x75258e893bc0>,1,1.851e-05
bio.tools,level2_fine_grained,<generator object candidate_biotools_records.<locals>.<genexpr> at 0x75258f3b20a0>,1,1.851e-05
bio.tools,level2_fine_grained,<generator object candidate_biotools_records.<locals>.<genexpr> at 0x75258d3baea0>,1,1.851e-05
bio.tools,level2_fine_grained,<generator object candidate_biotools_records.<locals>.<genexpr> at 0x75258e22d460>,1,1.851e-05
bio.tools,level2_fine_grained,<generator object candidate_biotools_records.<locals>.<genexpr> at 0x75258e22e5e0>,1,1.851e-05
bio.tools,level2_fine_grained,<generator object candidate_biotools_records.<locals>.<genexpr> at 0x75258e22eea0>,1,1.851e-05
bio.tools,level2_fine_grained,<generator object candidate_biotools_records.<locals>.<genexpr> at 0x75258d3bb300>,1,1.851e-05
bio.tools,level2_fine_grained,<generator object candidate_biotools_records.<locals>.<genexpr> at 0x75258ce90040>,1,1.851e-05
bio.tools,level2_fine_grained,<generator object candidate_biotools_records.<locals>.<genexpr> at 0x75258c80cf20>,1,1.851e-05
bio.tools,level2_fine_grained,<generator object candidate_biotools_records.<locals>.<genexpr> at 0x75258ce91620>,1,1.851e-05
bio.tools,level2_fine_grained,<generator object candidate_biotools_records.<locals>.<genexpr> at 0x75258ce92ea0>,1,1.851e-05
bio.tools,level2_fine_grained,<generator object candidate_biotools_records.<locals>.<genexpr> at 0x75258ce93220>,1,1.851e-05
bio.tools,level2_fine_grained,<generator object candidate_biotools_records.<locals>.<genexpr> at 0x75258cbd9700>,1,1.851e-05
bio.tools,level2_fine_grained,<generator object candidate_biotools_records.<locals>.<genexpr> at 0x75258cbd9d20>,1,1.851e-05
bio.tools,level2_fine_grained,Cell culture collection,1,1.851e-05
bio.tools,level2_fine_grained,<generator object candidate_biotools_records.<locals>.<genexpr> at 0x75258e893ae0>,1,1.851e-05
bio.tools,level2_fine_grained,<generator object candidate_biotools_records.<locals>.<genexpr> at 0x75258cbdb140>,1,1.851e-05
bio.tools,level2_fine_grained,<generator object candidate_biotools_records.<locals>.<genexpr> at 0x75258c80c2e0>,1,1.851e-05
bio.tools,level2_fine_grained,<generator object candidate_biotools_records.<locals>.<genexpr> at 0x75258bff6500>,1,1.851e-05
bio.tools,level2_fine_grained,<generator object candidate_biotools_records.<locals>.<genexpr> at 0x75258ce93140>,1,1.851e-05
bio.tools,level2_fine_grained,<generator object candidate_biotools_records.<locals>.<genexpr> at 0x75258bb490e0>,1,1.851e-05
bio.tools,level2_fine_grained,<generator object candidate_biotools_records.<locals>.<genexpr> at 0x75258bb49c40>,1,1.851e-05
bio.tools,level2_fine_grained,<generator object candidate_biotools_records.<locals>.<genexpr> at 0x75258cbda6c0>,1,1.851e-05
bio.tools,level2_fine_grained,<generator object candidate_biotools_records.<locals>.<genexpr> at 0x75258c80eea0>,1,1.851e-05
bio.tools,level2_fine_grained,<generator object candidate_biotools_records.<locals>.<genexpr> at 0x75258c80ea40>,1,1.851e-05
bio.tools,level2_fine_grained,<generator object candidate_biotools_records.<locals>.<genexpr> at 0x75258bb4bca0>,1,1.851e-05
bio.tools,level2_fine_grained,<generator object candidate_biotools_records.<locals>.<genexpr> at 0x75258b7f8820>,1,1.851e-05
bio.tools,level2_fine_grained,<generator object candidate_biotools_records.<locals>.<genexpr> at 0x75258b7f8660>,1,1.851e-05
bio.tools,level2_fine_grained,<generator object candidate_biotools_records.<locals>.<genexpr> at 0x75258bff51c0>,1,1.851e-05
bio.tools,level2_fine_grained,<generator object candidate_biotools_records.<locals>.<genexpr> at 0x75258bb4adc0>,1,1.851e-05
bio.tools,level2_fine_grained,<generator object candidate_biotools_records.<locals>.<genexpr> at 0x75258c80f760>,1,1.851e-05
bio.tools,level2_fine_grained,<generator object candidate_biotools_records.<locals>.<genexpr> at 0x75258b7f9000>,1,1.851e-05
bio.tools,level2_fine_grained,<generator object candidate_biotools_records.<locals>.<genexpr> at 0x75258b282f80>,1,1.851e-05
bio.tools,level2_fine_grained,<generator object candidate_biotools_records.<locals>.<genexpr> at 0x75258b7f9380>,1,1.851e-05
bio.tools,level2_fine_grained,<generator object candidate_biotools_records.<locals>.<genexpr> at 0x75258b2833e0>,1,1.851e-05
bio.tools,level2_fine_grained,Trauma medicine,1,1.851e-05
bio.tools,level2_fine_grained,<generator object candidate_biotools_records.<locals>.<genexpr> at 0x75258b7f97e0>,1,1.851e-05
bio.tools,level2_fine_grained,<generator object candidate_biotools_records.<locals>.<genexpr> at 0x75258ad3f300>,1,1.851e-05
bio.tools,level2_fine_grained,Regulatory affairs,1,1.851e-05
bio.tools,level2_fine_grained,<generator object candidate_biotools_records.<locals>.<genexpr> at 0x75258ac152a0>,1,1.851e-05
bio.tools,level2_fine_grained,Protein tertiary structure,1,1.851e-05
bio.tools,level2_fine_grained,<generator object candidate_biotools_records.<locals>.<genexpr> at 0x75258cbd82e0>,1,1.851e-05
bio.tools,level2_fine_grained,<generator object candidate_biotools_records.<locals>.<genexpr> at 0x75258ac17140>,1,1.851e-05
bio.tools,level2_fine_grained,<generator object candidate_biotools_records.<locals>.<genexpr> at 0x75258ac174c0>,1,1.851e-05
bio.tools,level2_fine_grained,<generator object candidate_biotools_records.<locals>.<genexpr> at 0x75258a8a9380>,1,1.851e-05
bio.tools,level2_fine_grained,SNP,1,1.851e-05
bio.tools,level2_fine_grained,Protein-ligand interactions,1,1.851e-05
bio.tools,level2_fine_grained,DNA variation,1,1.851e-05
bio.tools,level2_fine_grained,Metabolic pathways,1,1.851e-05
bio.tools,level2_fine_grained,Statistics,1,1.851e-05
bio.tools,level2_fine_grained,Exons,1,1.851e-05
bio.tools,level2_fine_grained,References,1,1.851e-05
bio.tools,level2_fine_grained,ChiP,1,1.851e-05
bio.tools,level2_fine_grained,Histone modification,1,1.851e-05
bio.tools,level2_fine_grained,Chemical structures,1,1.851e-05
papers_with_code,level1_high_level,Computer Vision,22149,0.45491702
papers_with_code,level1_high_level,Natural Language Processing,16596,0.34086428
papers_with_code,level1_high_level,Graphs,5221,0.10723382
papers_with_code,level1_high_level,Sequential,2287,0.04697256
papers_with_code,level1_high_level,Reinforcement Learning,2213,0.04545268
papers_with_code,level1_high_level,Audio,222,0.00455965
papers_with_code,level2_fine_grained,Language Modelling,6968,0.01702889
papers_with_code,level2_fine_grained,Semantic Segmentation,6609,0.01615154
papers_with_code,level2_fine_grained,Language Modeling,5583,0.01364413
papers_with_code,level2_fine_grained,Retrieval,5238,0.01280099
papers_with_code,level2_fine_grained,Segmentation,5211,0.01273501
papers_with_code,level2_fine_grained,Reinforcement Learning (RL),4712,0.01151552
papers_with_code,level2_fine_grained,Representation Learning,4646,0.01135422
papers_with_code,level2_fine_grained,Object Detection,4624,0.01130046
papers_with_code,level2_fine_grained,Image Classification,4605,0.01125402
papers_with_code,level2_fine_grained,Decoder,4331,0.0105844
papers_with_code,level2_fine_grained,object-detection,4255,0.01039867
papers_with_code,level2_fine_grained,Reinforcement Learning,4154,0.01015184
papers_with_code,level2_fine_grained,Question Answering,4133,0.01010052
papers_with_code,level2_fine_grained,reinforcement-learning,4089,0.00999299
papers_with_code,level2_fine_grained,Object,3962,0.00968261
papers_with_code,level2_fine_grained,General Classification,3909,0.00955309
papers_with_code,level2_fine_grained,Sentence,3758,0.00918406
papers_with_code,level2_fine_grained,Classification,3739,0.00913763
papers_with_code,level2_fine_grained,image-classification,3684,0.00900322
papers_with_code,level2_fine_grained,Translation,3540,0.0086513
papers_with_code,level2_fine_grained,Transfer Learning,3470,0.00848023
papers_with_code,level2_fine_grained,Data Augmentation,3204,0.00783016
papers_with_code,level2_fine_grained,Diversity,3151,0.00770064
papers_with_code,level2_fine_grained,Contrastive Learning,3092,0.00755645
papers_with_code,level2_fine_grained,Image Generation,3087,0.00754423
papers_with_code,level2_fine_grained,Time Series,2923,0.00714343
papers_with_code,level2_fine_grained,Decision Making,2922,0.00714099
papers_with_code,level2_fine_grained,Denoising,2824,0.00690149
papers_with_code,level2_fine_grained,Prediction,2816,0.00688194
papers_with_code,level2_fine_grained,Clustering,2777,0.00678663
papers_with_code,level2_fine_grained,Deep Learning,2667,0.0065178
papers_with_code,level2_fine_grained,Benchmarking,2640,0.00645182
papers_with_code,level2_fine_grained,GPU,2633,0.00643471
papers_with_code,level2_fine_grained,Machine Translation,2416,0.00590439
papers_with_code,level2_fine_grained,regression,2406,0.00587995
papers_with_code,level2_fine_grained,Domain Adaptation,2382,0.0058213
papers_with_code,level2_fine_grained,BIG-bench Machine Learning,2325,0.005682
papers_with_code,level2_fine_grained,Self-Supervised Learning,2278,0.00556714
papers_with_code,level2_fine_grained,Large Language Model,2244,0.00548405
papers_with_code,level2_fine_grained,Autonomous Driving,2078,0.00507836
papers_with_code,level2_fine_grained,Image Segmentation,2066,0.00504904
papers_with_code,level2_fine_grained,Text Generation,2035,0.00497328
papers_with_code,level2_fine_grained,Recommendation Systems,1986,0.00485353
papers_with_code,level2_fine_grained,Time Series Analysis,1959,0.00478754
papers_with_code,level2_fine_grained,Attribute,1915,0.00468001
papers_with_code,level2_fine_grained,Federated Learning,1803,0.0044063
papers_with_code,level2_fine_grained,Knowledge Distillation,1737,0.004245
papers_with_code,level2_fine_grained,Deep Reinforcement Learning,1726,0.00421812
papers_with_code,level2_fine_grained,model,1720,0.00420346
papers_with_code,level2_fine_grained,Anomaly Detection,1708,0.00417413
papers_with_code,level2_fine_grained,Fairness,1701,0.00415702
papers_with_code,level2_fine_grained,Pose Estimation,1669,0.00407882
papers_with_code,level2_fine_grained,Computational Efficiency,1632,0.0039884
papers_with_code,level2_fine_grained,Super-Resolution,1613,0.00394196
papers_with_code,level2_fine_grained,Quantization,1576,0.00385154
papers_with_code,level2_fine_grained,Graph Neural Network,1504,0.00367558
papers_with_code,level2_fine_grained,Sentiment Analysis,1493,0.0036487
papers_with_code,level2_fine_grained,Meta-Learning,1403,0.00342875
papers_with_code,level2_fine_grained,Speech Recognition,1360,0.00332366
papers_with_code,level2_fine_grained,Text Classification,1295,0.00316481
papers_with_code,level2_fine_grained,Multi-Task Learning,1293,0.00315992
papers_with_code,level2_fine_grained,Few-Shot Learning,1286,0.00314282
papers_with_code,level2_fine_grained,speech-recognition,1268,0.00309883
papers_with_code,level2_fine_grained,Knowledge Graphs,1265,0.0030915
papers_with_code,level2_fine_grained,Relation,1227,0.00299863
papers_with_code,level2_fine_grained,Diagnostic,1203,0.00293998
papers_with_code,level2_fine_grained,Management,1201,0.00293509
papers_with_code,level2_fine_grained,Information Retrieval,1176,0.00287399
papers_with_code,level2_fine_grained,Word Embeddings,1151,0.00281289
papers_with_code,level2_fine_grained,Instance Segmentation,1151,0.00281289
papers_with_code,level2_fine_grained,valid,1140,0.00278601
papers_with_code,level2_fine_grained,Continual Learning,1133,0.00276891
papers_with_code,level2_fine_grained,Articles,1115,0.00272492
papers_with_code,level2_fine_grained,Medical Image Segmentation,1078,0.00263449
papers_with_code,level2_fine_grained,text-classification,1075,0.00262716
papers_with_code,level2_fine_grained,counterfactual,1057,0.00258317
papers_with_code,level2_fine_grained,Action Recognition,1051,0.00256851
papers_with_code,level2_fine_grained,Visual Question Answering,1039,0.00253918
papers_with_code,level2_fine_grained,Visual Question Answering (VQA),1035,0.00252941
papers_with_code,level2_fine_grained,Depth Estimation,1024,0.00250252
papers_with_code,level2_fine_grained,Generative Adversarial Network,1004,0.00245365
papers_with_code,level2_fine_grained,In-Context Learning,996,0.00243409
papers_with_code,level2_fine_grained,Node Classification,984,0.00240477
papers_with_code,level2_fine_grained,Named Entity Recognition,965,0.00235833
papers_with_code,level2_fine_grained,Link Prediction,963,0.00235345
papers_with_code,level2_fine_grained,Named Entity Recognition (NER),949,0.00231923
papers_with_code,level2_fine_grained,All,944,0.00230701
papers_with_code,level2_fine_grained,named-entity-recognition,904,0.00220926
papers_with_code,level2_fine_grained,Active Learning,896,0.00218971
papers_with_code,level2_fine_grained,Survey,875,0.00213839
papers_with_code,level2_fine_grained,CPU,873,0.0021335
papers_with_code,level2_fine_grained,Variational Inference,868,0.00212128
papers_with_code,level2_fine_grained,Position,867,0.00211884
papers_with_code,level2_fine_grained,Unsupervised Domain Adaptation,854,0.00208707
papers_with_code,level2_fine_grained,Domain Generalization,852,0.00208218
papers_with_code,level2_fine_grained,Neural Architecture Search,851,0.00207973
papers_with_code,level2_fine_grained,Dimensionality Reduction,840,0.00205285
papers_with_code,level2_fine_grained,Uncertainty Quantification,827,0.00202108
papers_with_code,level2_fine_grained,Image Retrieval,827,0.00202108
papers_with_code,level2_fine_grained,Natural Language Inference,812,0.00198442
papers_with_code,level2_fine_grained,Natural Language Understanding,802,0.00195998
papers_with_code,level2_fine_grained,Optical Flow Estimation,790,0.00193066
papers_with_code,level2_fine_grained,3D Reconstruction,785,0.00191844
papers_with_code,level2_fine_grained,Adversarial Robustness,784,0.00191599
papers_with_code,level2_fine_grained,Zero-Shot Learning,780,0.00190622
papers_with_code,level2_fine_grained,Image Super-Resolution,780,0.00190622
papers_with_code,level2_fine_grained,Retrieval-augmented Generation,774,0.00189156
papers_with_code,level2_fine_grained,Image Captioning,772,0.00188667
papers_with_code,level2_fine_grained,Vocal Bursts Intensity Prediction,765,0.00186956
papers_with_code,level2_fine_grained,Math,764,0.00186712
papers_with_code,level2_fine_grained,3D Object Detection,760,0.00185734
papers_with_code,level2_fine_grained,Object Tracking,759,0.0018549
papers_with_code,level2_fine_grained,RAG,756,0.00184757
papers_with_code,level2_fine_grained,Style Transfer,752,0.00183779
papers_with_code,level2_fine_grained,Hallucination,751,0.00183535
papers_with_code,level2_fine_grained,Privacy Preserving,751,0.00183535
papers_with_code,level2_fine_grained,Code Generation,742,0.00181335
papers_with_code,level2_fine_grained,Adversarial Attack,739,0.00180602
papers_with_code,level2_fine_grained,Disentanglement,736,0.00179869
papers_with_code,level2_fine_grained,Bayesian Inference,732,0.00178891
papers_with_code,level2_fine_grained,Relation Extraction,731,0.00178647
papers_with_code,level2_fine_grained,Scene Understanding,717,0.00175226
papers_with_code,level2_fine_grained,Inductive Bias,711,0.00173759
papers_with_code,level2_fine_grained,Image Reconstruction,706,0.00172537
papers_with_code,level2_fine_grained,Time Series Forecasting,706,0.00172537
papers_with_code,level2_fine_grained,Binary Classification,701,0.00171315
papers_with_code,level2_fine_grained,feature selection,701,0.00171315
papers_with_code,level2_fine_grained,Autonomous Vehicles,691,0.00168871
papers_with_code,level2_fine_grained,Imitation Learning,687,0.00167894
papers_with_code,level2_fine_grained,Semantic Textual Similarity,687,0.00167894
papers_with_code,level2_fine_grained,Graph Learning,681,0.00166428
papers_with_code,level2_fine_grained,Bayesian Optimization,677,0.0016545
papers_with_code,level2_fine_grained,Gaussian Processes,674,0.00164717
papers_with_code,level2_fine_grained,Automatic Speech Recognition,674,0.00164717
papers_with_code,level2_fine_grained,Image Restoration,662,0.00161784
papers_with_code,level2_fine_grained,NER,662,0.00161784
papers_with_code,level2_fine_grained,Triplet,648,0.00158363
papers_with_code,level2_fine_grained,Model Selection,645,0.0015763
papers_with_code,level2_fine_grained,Navigate,641,0.00156652
papers_with_code,level2_fine_grained,Face Recognition,633,0.00154697
papers_with_code,level2_fine_grained,NeRF,631,0.00154208
papers_with_code,level2_fine_grained,Reading Comprehension,624,0.00152498
papers_with_code,level2_fine_grained,Automatic Speech Recognition (ASR),617,0.00150787
papers_with_code,level2_fine_grained,Instruction Following,609,0.00148832
papers_with_code,level2_fine_grained,Emotion Recognition,608,0.00148587
papers_with_code,level2_fine_grained,Metric Learning,607,0.00148343
papers_with_code,level2_fine_grained,Video Generation,605,0.00147854
papers_with_code,level2_fine_grained,Person Re-Identification,583,0.00142478
papers_with_code,level2_fine_grained,EEG,580,0.00141744
papers_with_code,level2_fine_grained,Novel View Synthesis,578,0.00141256
papers_with_code,level2_fine_grained,Object Recognition,574,0.00140278
papers_with_code,level2_fine_grained,Causal Inference,573,0.00140034
papers_with_code,level2_fine_grained,Scheduling,568,0.00138812
papers_with_code,level2_fine_grained,Drug Discovery,561,0.00137101
papers_with_code,level2_fine_grained,Mamba,552,0.00134902
papers_with_code,level2_fine_grained,Text-to-Image Generation,546,0.00133435
papers_with_code,level2_fine_grained,Image-to-Image Translation,543,0.00132702
papers_with_code,level2_fine_grained,Video Understanding,538,0.0013148
papers_with_code,level2_fine_grained,Incremental Learning,537,0.00131236
papers_with_code,level2_fine_grained,Graph Embedding,530,0.00129525
papers_with_code,level2_fine_grained,Semantic Similarity,529,0.00129281
papers_with_code,level2_fine_grained,Medical Image Analysis,526,0.00128548
papers_with_code,level2_fine_grained,NMT,520,0.00127081
papers_with_code,level2_fine_grained,Multi-agent Reinforcement Learning,518,0.00126592
papers_with_code,level2_fine_grained,Mixture-of-Experts,516,0.00126104
papers_with_code,level2_fine_grained,Image Denoising,506,0.0012366
papers_with_code,level2_fine_grained,Specificity,501,0.00122438
papers_with_code,level2_fine_grained,Sensitivity,499,0.00121949
papers_with_code,level2_fine_grained,Continuous Control,494,0.00120727
papers_with_code,level2_fine_grained,Temporal Action Localization,489,0.00119505
papers_with_code,level2_fine_grained,Density Estimation,488,0.00119261
papers_with_code,level2_fine_grained,Multiple-choice,481,0.0011755
papers_with_code,level2_fine_grained,Graph Classification,479,0.00117061
papers_with_code,level2_fine_grained,Graph Representation Learning,479,0.00117061
papers_with_code,level2_fine_grained,Imputation,477,0.00116573
papers_with_code,level2_fine_grained,Feature Engineering,465,0.0011364
papers_with_code,level2_fine_grained,Descriptive,461,0.00112662
papers_with_code,level2_fine_grained,Text to Image Generation,461,0.00112662
papers_with_code,level2_fine_grained,Collaborative Filtering,459,0.00112174
papers_with_code,level2_fine_grained,Q-Learning,458,0.00111929
papers_with_code,level2_fine_grained,Misinformation,453,0.00110707
papers_with_code,level2_fine_grained,Prompt Engineering,453,0.00110707
papers_with_code,level2_fine_grained,continuous-control,452,0.00110463
papers_with_code,level2_fine_grained,Multi-Label Classification,451,0.00110219
papers_with_code,level2_fine_grained,SSIM,451,0.00110219
papers_with_code,level2_fine_grained,Optical Character Recognition (OCR),444,0.00108508
papers_with_code,level2_fine_grained,Image Enhancement,442,0.00108019
papers_with_code,level2_fine_grained,parameter-efficient fine-tuning,439,0.00107286
papers_with_code,level2_fine_grained,Memorization,437,0.00106797
papers_with_code,level2_fine_grained,Out-of-Distribution Detection,437,0.00106797
papers_with_code,level2_fine_grained,Model Compression,436,0.00106553
papers_with_code,level2_fine_grained,Pseudo Label,436,0.00106553
papers_with_code,level2_fine_grained,Text Summarization,434,0.00106064
papers_with_code,level2_fine_grained,Form,431,0.00105331
papers_with_code,level2_fine_grained,Monocular Depth Estimation,428,0.00104598
papers_with_code,level2_fine_grained,Deblurring,423,0.00103376
papers_with_code,level2_fine_grained,Video Semantic Segmentation,415,0.00101421
papers_with_code,level2_fine_grained,Graph Attention,413,0.00100932
papers_with_code,level2_fine_grained,Semantic Parsing,402,0.00098244
papers_with_code,level2_fine_grained,MUlTI-LABEL-ClASSIFICATION,400,0.00097755
papers_with_code,level2_fine_grained,Text to Speech,397,0.00097022
papers_with_code,level2_fine_grained,Combinatorial Optimization,397,0.00097022
papers_with_code,level2_fine_grained,Mathematical Reasoning,395,0.00096533
papers_with_code,level2_fine_grained,text-to-speech,393,0.00096044
papers_with_code,level2_fine_grained,State Space Models,393,0.00096044
papers_with_code,level2_fine_grained,Electroencephalogram (EEG),375,0.00091645
papers_with_code,level2_fine_grained,Anatomy,369,0.00090179
papers_with_code,level2_fine_grained,Response Generation,368,0.00089934
papers_with_code,level2_fine_grained,Change Detection,364,0.00088957
papers_with_code,level2_fine_grained,Abstractive Text Summarization,360,0.00087979
papers_with_code,level2_fine_grained,parameter estimation,360,0.00087979
papers_with_code,level2_fine_grained,Speech Synthesis,359,0.00087735
papers_with_code,level2_fine_grained,Computed Tomography (CT),359,0.00087735
papers_with_code,level2_fine_grained,World Knowledge,358,0.00087491
papers_with_code,level2_fine_grained,Visual Reasoning,354,0.00086513
papers_with_code,level2_fine_grained,3D Human Pose Estimation,352,0.00086024
papers_with_code,level2_fine_grained,Sequential Decision Making,350,0.00085535
papers_with_code,level2_fine_grained,Property Prediction,350,0.00085535
papers_with_code,level2_fine_grained,Face Swapping,340,0.00083092
papers_with_code,level2_fine_grained,Trajectory Prediction,339,0.00082847
papers_with_code,level2_fine_grained,Hyperparameter Optimization,337,0.00082358
papers_with_code,level2_fine_grained,Feature Importance,334,0.00081625
papers_with_code,level2_fine_grained,Stochastic Optimization,333,0.00081381
papers_with_code,level2_fine_grained,Text Retrieval,332,0.00081136
papers_with_code,level2_fine_grained,Image Inpainting,331,0.00080892
papers_with_code,level2_fine_grained,Sentiment Classification,329,0.00080403
papers_with_code,level2_fine_grained,Logical Reasoning,329,0.00080403
papers_with_code,level2_fine_grained,Dependency Parsing,328,0.00080159
papers_with_code,level2_fine_grained,Image Registration,328,0.00080159
papers_with_code,level2_fine_grained,Cross-Lingual Transfer,327,0.00079915
papers_with_code,level2_fine_grained,Activity Recognition,326,0.0007967
papers_with_code,level2_fine_grained,Time Series Classification,324,0.00079181
papers_with_code,level2_fine_grained,Synthetic Data Generation,323,0.00078937
papers_with_code,level2_fine_grained,Graph Generation,323,0.00078937
papers_with_code,level2_fine_grained,Multiple Instance Learning,321,0.00078448
papers_with_code,level2_fine_grained,whole slide images,320,0.00078204
papers_with_code,level2_fine_grained,Prompt Learning,319,0.00077959
papers_with_code,level2_fine_grained,Common Sense Reasoning,318,0.00077715
papers_with_code,level2_fine_grained,Image Quality Assessment,318,0.00077715
papers_with_code,level2_fine_grained,Out of Distribution (OOD) Detection,318,0.00077715
papers_with_code,level2_fine_grained,Ensemble Learning,313,0.00076493
papers_with_code,level2_fine_grained,Image Compression,313,0.00076493
papers_with_code,level2_fine_grained,Atari Games,311,0.00076004
papers_with_code,level2_fine_grained,Tumor Segmentation,311,0.00076004
papers_with_code,level2_fine_grained,Offline RL,309,0.00075516
papers_with_code,level2_fine_grained,TAG,307,0.00075027
papers_with_code,level2_fine_grained,Explainable artificial intelligence,301,0.0007356
papers_with_code,level2_fine_grained,Zero-shot Generalization,300,0.00073316
papers_with_code,level2_fine_grained,Sequential Recommendation,299,0.00073072
papers_with_code,level2_fine_grained,Re-Ranking,298,0.00072827
papers_with_code,level2_fine_grained,Class Incremental Learning,294,0.0007185
papers_with_code,level2_fine_grained,MuJoCo,293,0.00071605
papers_with_code,level2_fine_grained,Visual Grounding,293,0.00071605
papers_with_code,level2_fine_grained,AutoML,293,0.00071605
papers_with_code,level2_fine_grained,Video Object Segmentation,292,0.00071361
papers_with_code,level2_fine_grained,Explainable Artificial Intelligence (XAI),292,0.00071361
papers_with_code,level2_fine_grained,Fact Checking,291,0.00071117
papers_with_code,level2_fine_grained,Causal Discovery,290,0.00070872
papers_with_code,level2_fine_grained,Multi-class Classification,283,0.00069162
papers_with_code,level2_fine_grained,Coreference Resolution,283,0.00069162
papers_with_code,level2_fine_grained,Speech Enhancement,280,0.00068428
papers_with_code,level2_fine_grained,Object Localization,280,0.00068428
papers_with_code,level2_fine_grained,class-incremental learning,279,0.00068184
papers_with_code,level2_fine_grained,Event Detection,278,0.0006794
papers_with_code,level2_fine_grained,Multi-Object Tracking,277,0.00067695
papers_with_code,level2_fine_grained,Action Detection,276,0.00067451
papers_with_code,level2_fine_grained,Conformal Prediction,276,0.00067451
papers_with_code,level2_fine_grained,Entity Linking,275,0.00067206
papers_with_code,level2_fine_grained,Salient Object Detection,273,0.00066718
papers_with_code,level2_fine_grained,POS,272,0.00066473
papers_with_code,level2_fine_grained,Lesion Segmentation,268,0.00065496
papers_with_code,level2_fine_grained,Chatbot,268,0.00065496
papers_with_code,level2_fine_grained,Informativeness,266,0.00065007
papers_with_code,level2_fine_grained,Question Generation,264,0.00064518
papers_with_code,level2_fine_grained,Dialogue Generation,264,0.00064518
papers_with_code,level2_fine_grained,Missing Values,261,0.00063785
papers_with_code,level2_fine_grained,Vocal Bursts Valence Prediction,259,0.00063296
papers_with_code,level2_fine_grained,Model Predictive Control,259,0.00063296
papers_with_code,level2_fine_grained,Out-of-Distribution Generalization,258,0.00063052
papers_with_code,level2_fine_grained,Motion Estimation,257,0.00062807
papers_with_code,level2_fine_grained,Weakly-supervised Learning,256,0.00062563
papers_with_code,level2_fine_grained,Panoptic Segmentation,256,0.00062563
papers_with_code,level2_fine_grained,Surface Reconstruction,256,0.00062563
papers_with_code,level2_fine_grained,Video Retrieval,255,0.00062319
papers_with_code,level2_fine_grained,Sentence Embeddings,253,0.0006183
papers_with_code,level2_fine_grained,Action Classification,251,0.00061341
papers_with_code,level2_fine_grained,Masked Language Modeling,251,0.00061341
papers_with_code,level2_fine_grained,Knowledge Graph Completion,250,0.00061097
papers_with_code,level2_fine_grained,Motion Planning,250,0.00061097
papers_with_code,level2_fine_grained,Text Detection,250,0.00061097
papers_with_code,level2_fine_grained,Multi-Armed Bandits,250,0.00061097
papers_with_code,level2_fine_grained,Question-Generation,250,0.00061097
papers_with_code,level2_fine_grained,Video Question Answering,250,0.00061097
papers_with_code,level2_fine_grained,Community Detection,249,0.00060852
papers_with_code,level2_fine_grained,Cross-Modal Retrieval,244,0.0005963
papers_with_code,level2_fine_grained,compressed sensing,243,0.00059386
papers_with_code,level2_fine_grained,3D geometry,239,0.00058409
papers_with_code,level2_fine_grained,Prognosis,239,0.00058409
papers_with_code,level2_fine_grained,Network Pruning,238,0.00058164
papers_with_code,level2_fine_grained,Evolutionary Algorithms,238,0.00058164
papers_with_code,level2_fine_grained,DeepFake Detection,236,0.00057675
papers_with_code,level2_fine_grained,Model-based Reinforcement Learning,233,0.00056942
papers_with_code,level2_fine_grained,Open-Domain Question Answering,233,0.00056942
papers_with_code,level2_fine_grained,Outlier Detection,231,0.00056453
papers_with_code,level2_fine_grained,Document Classification,230,0.00056209
papers_with_code,level2_fine_grained,motion prediction,230,0.00056209
papers_with_code,level2_fine_grained,Test-time Adaptation,228,0.0005572
papers_with_code,level2_fine_grained,Open-Ended Question Answering,227,0.00055476
papers_with_code,level2_fine_grained,Point Cloud Registration,227,0.00055476
papers_with_code,level2_fine_grained,Topic Models,226,0.00055231
papers_with_code,level2_fine_grained,Part-Of-Speech Tagging,225,0.00054987
papers_with_code,level2_fine_grained,Unsupervised Anomaly Detection,224,0.00054743
papers_with_code,level2_fine_grained,Interpretable Machine Learning,223,0.00054498
papers_with_code,level2_fine_grained,Edge-computing,221,0.0005401
papers_with_code,level2_fine_grained,Document Summarization,221,0.0005401
papers_with_code,level2_fine_grained,Medical Diagnosis,220,0.00053765
papers_with_code,level2_fine_grained,Knowledge Graph Embedding,220,0.00053765
papers_with_code,level2_fine_grained,Few-Shot Image Classification,219,0.00053521
papers_with_code,level2_fine_grained,Skeleton Based Action Recognition,218,0.00053276
papers_with_code,level2_fine_grained,graph construction,216,0.00052788
papers_with_code,level2_fine_grained,Adversarial Defense,215,0.00052543
papers_with_code,level2_fine_grained,Reranking,215,0.00052543
papers_with_code,level2_fine_grained,Backdoor Attack,215,0.00052543
papers_with_code,level2_fine_grained,Earth Observation,214,0.00052299
papers_with_code,level2_fine_grained,coreference-resolution,212,0.0005181
papers_with_code,level2_fine_grained,3D Semantic Segmentation,212,0.0005181
papers_with_code,level2_fine_grained,Learning-To-Rank,210,0.00051321
papers_with_code,level2_fine_grained,Video Captioning,210,0.00051321
papers_with_code,level2_fine_grained,Text-To-SQL,209,0.00051077
papers_with_code,level2_fine_grained,GSM8K,209,0.00051077
papers_with_code,level2_fine_grained,Visual Localization,208,0.00050833
papers_with_code,level2_fine_grained,Video Prediction,207,0.00050588
papers_with_code,level2_fine_grained,Video Classification,203,0.00049611
papers_with_code,level2_fine_grained,Neural Rendering,203,0.00049611
papers_with_code,level2_fine_grained,Depth Prediction,202,0.00049366
papers_with_code,level2_fine_grained,State Estimation,202,0.00049366
papers_with_code,level2_fine_grained,Visual Tracking,202,0.00049366
papers_with_code,level2_fine_grained,Hate Speech Detection,202,0.00049366
papers_with_code,level2_fine_grained,Machine Reading Comprehension,201,0.00049122
papers_with_code,level2_fine_grained,Fake News Detection,201,0.00049122
papers_with_code,level2_fine_grained,Image Manipulation,200,0.00048877
papers_with_code,level2_fine_grained,3DGS,200,0.00048877
papers_with_code,level2_fine_grained,Fine-Grained Image Classification,199,0.00048633
papers_with_code,level2_fine_grained,zero-shot-classification,199,0.00048633
papers_with_code,level2_fine_grained,Molecular Property Prediction,198,0.00048389
papers_with_code,level2_fine_grained,Speaker Verification,197,0.00048144
papers_with_code,level2_fine_grained,Text to SQL,197,0.00048144
papers_with_code,level2_fine_grained,Spatial Reasoning,197,0.00048144
papers_with_code,level2_fine_grained,MRI Reconstruction,197,0.00048144
papers_with_code,level2_fine_grained,Survival Analysis,196,0.000479
papers_with_code,level2_fine_grained,Autonomous Navigation,195,0.00047655
papers_with_code,level2_fine_grained,Experimental Design,193,0.00047167
papers_with_code,level2_fine_grained,Human Activity Recognition,192,0.00046922
papers_with_code,level2_fine_grained,scientific discovery,191,0.00046678
papers_with_code,level2_fine_grained,Structured Prediction,190,0.00046434
papers_with_code,level2_fine_grained,Stereo Matching,190,0.00046434
papers_with_code,level2_fine_grained,Efficient Exploration,188,0.00045945
papers_with_code,level2_fine_grained,Music Generation,187,0.000457
papers_with_code,level2_fine_grained,Self-Driving Cars,186,0.00045456
papers_with_code,level2_fine_grained,Simultaneous Localization and Mapping,186,0.00045456
papers_with_code,level2_fine_grained,Visual Object Tracking,185,0.00045212
papers_with_code,level2_fine_grained,Weather Forecasting,185,0.00045212
papers_with_code,level2_fine_grained,Optical Character Recognition,185,0.00045212
papers_with_code,level2_fine_grained,Aspect-Based Sentiment Analysis (ABSA),183,0.00044723
papers_with_code,level2_fine_grained,Medical Image Classification,183,0.00044723
papers_with_code,level2_fine_grained,Audio Classification,183,0.00044723
papers_with_code,level2_fine_grained,Binarization,181,0.00044234
papers_with_code,level2_fine_grained,Low-Light Image Enhancement,181,0.00044234
papers_with_code,level2_fine_grained,Keypoint Detection,180,0.0004399
papers_with_code,level2_fine_grained,Program Synthesis,179,0.00043745
papers_with_code,level2_fine_grained,Drug Design,179,0.00043745
papers_with_code,level2_fine_grained,Dictionary Learning,178,0.00043501
papers_with_code,level2_fine_grained,Relational Reasoning,177,0.00043257
papers_with_code,level2_fine_grained,Brain Tumor Segmentation,177,0.00043257
papers_with_code,level2_fine_grained,OpenAI Gym,177,0.00043257
papers_with_code,level2_fine_grained,Colorization,176,0.00043012
papers_with_code,level2_fine_grained,Graph Clustering,176,0.00043012
papers_with_code,level2_fine_grained,Voice Conversion,175,0.00042768
papers_with_code,level2_fine_grained,4k,175,0.00042768
papers_with_code,level2_fine_grained,Lifelong learning,172,0.00042035
papers_with_code,level2_fine_grained,Aspect-Based Sentiment Analysis,172,0.00042035
papers_with_code,level2_fine_grained,General Knowledge,172,0.00042035
papers_with_code,level2_fine_grained,Machine Unlearning,172,0.00042035
papers_with_code,level2_fine_grained,Philosophy,171,0.0004179
papers_with_code,level2_fine_grained,Human-Object Interaction Detection,171,0.0004179
papers_with_code,level2_fine_grained,Negation,169,0.00041301
papers_with_code,level2_fine_grained,Weakly-Supervised Semantic Segmentation,169,0.00041301
papers_with_code,level2_fine_grained,Data Poisoning,169,0.00041301
papers_with_code,level2_fine_grained,Video Recognition,168,0.00041057
papers_with_code,level2_fine_grained,Action Localization,168,0.00041057
papers_with_code,level2_fine_grained,Conditional Image Generation,166,0.00040568
papers_with_code,level2_fine_grained,Topological Data Analysis,166,0.00040568
papers_with_code,level2_fine_grained,Image Deblurring,166,0.00040568
papers_with_code,level2_fine_grained,Rain Removal,166,0.00040568
papers_with_code,level2_fine_grained,Click-Through Rate Prediction,165,0.00040324
papers_with_code,level2_fine_grained,Referring Expression,165,0.00040324
papers_with_code,level2_fine_grained,Facial Expression Recognition,164,0.00040079
papers_with_code,level2_fine_grained,Network Embedding,164,0.00040079
papers_with_code,level2_fine_grained,Point Processes,164,0.00040079
papers_with_code,level2_fine_grained,Traffic Prediction,164,0.00040079
papers_with_code,level2_fine_grained,Robot Navigation,163,0.00039835
papers_with_code,level2_fine_grained,Graph Matching,161,0.00039346
papers_with_code,level2_fine_grained,Marketing,161,0.00039346
papers_with_code,level2_fine_grained,Sentence Embedding,160,0.00039102
papers_with_code,level2_fine_grained,Text Matching,160,0.00039102
papers_with_code,level2_fine_grained,Weakly supervised Semantic Segmentation,160,0.00039102
papers_with_code,level2_fine_grained,Multimodal Large Language Model,160,0.00039102
papers_with_code,level2_fine_grained,Generalization Bounds,159,0.00038858
papers_with_code,level2_fine_grained,global-optimization,158,0.00038613
papers_with_code,level2_fine_grained,Video Segmentation,158,0.00038613
papers_with_code,level2_fine_grained,Image Dehazing,157,0.00038369
papers_with_code,level2_fine_grained,Relation Classification,157,0.00038369
papers_with_code,level2_fine_grained,MMLU,156,0.00038124
papers_with_code,level2_fine_grained,Facial Expression Recognition (FER),155,0.0003788
papers_with_code,level2_fine_grained,Symbolic Regression,154,0.00037636
papers_with_code,level2_fine_grained,Fraud Detection,154,0.00037636
papers_with_code,level2_fine_grained,ARC,154,0.00037636
papers_with_code,level2_fine_grained,Sentence-Embedding,153,0.00037391
papers_with_code,level2_fine_grained,3D Pose Estimation,153,0.00037391
papers_with_code,level2_fine_grained,Multivariate Time Series Forecasting,153,0.00037391
papers_with_code,level2_fine_grained,Vocal Bursts Type Prediction,153,0.00037391
papers_with_code,level2_fine_grained,Crowd Counting,153,0.00037391
papers_with_code,level2_fine_grained,Task 2,152,0.00037147
papers_with_code,level2_fine_grained,Video Super-Resolution,152,0.00037147
papers_with_code,level2_fine_grained,Robot Manipulation,152,0.00037147
papers_with_code,level2_fine_grained,Time Series Prediction,151,0.00036902
papers_with_code,level2_fine_grained,Matrix Completion,151,0.00036902
papers_with_code,level2_fine_grained,cross-modal alignment,151,0.00036902
papers_with_code,level2_fine_grained,Scene Graph Generation,150,0.00036658
papers_with_code,level2_fine_grained,Tensor Decomposition,149,0.00036414
papers_with_code,level2_fine_grained,3D Point Cloud Classification,149,0.00036414
papers_with_code,level2_fine_grained,Starcraft,148,0.00036169
papers_with_code,level2_fine_grained,Scene Classification,148,0.00036169
papers_with_code,level2_fine_grained,Event Extraction,148,0.00036169
papers_with_code,level2_fine_grained,Intrusion Detection,147,0.00035925
papers_with_code,level2_fine_grained,Multiple Object Tracking,147,0.00035925
papers_with_code,level2_fine_grained,Word Sense Disambiguation,146,0.00035681
papers_with_code,level2_fine_grained,Video Compression,146,0.00035681
papers_with_code,level2_fine_grained,Face Detection,146,0.00035681
papers_with_code,level2_fine_grained,Model Optimization,146,0.00035681
papers_with_code,level2_fine_grained,Scene Text Recognition,145,0.00035436
papers_with_code,level2_fine_grained,Gesture Recognition,144,0.00035192
papers_with_code,level2_fine_grained,Edge Detection,144,0.00035192
papers_with_code,level2_fine_grained,Dataset Generation,144,0.00035192
papers_with_code,level2_fine_grained,3D Generation,144,0.00035192
papers_with_code,level2_fine_grained,Variable Selection,143,0.00034947
papers_with_code,level2_fine_grained,Learning with noisy labels,143,0.00034947
papers_with_code,level2_fine_grained,Region Proposal,142,0.00034703
papers_with_code,level2_fine_grained,Bilevel Optimization,142,0.00034703
papers_with_code,level2_fine_grained,Grammatical Error Correction,142,0.00034703
papers_with_code,level2_fine_grained,Language Identification,142,0.00034703
papers_with_code,level2_fine_grained,Face Generation,141,0.00034459
papers_with_code,level2_fine_grained,Selection bias,141,0.00034459
papers_with_code,level2_fine_grained,Visual Place Recognition,139,0.0003397
papers_with_code,level2_fine_grained,document understanding,139,0.0003397
papers_with_code,level2_fine_grained,Quantum Machine Learning,139,0.0003397
papers_with_code,level2_fine_grained,Point Cloud Classification,138,0.00033725
papers_with_code,level2_fine_grained,Slot Filling,138,0.00033725
papers_with_code,level2_fine_grained,Scene Segmentation,138,0.00033725
papers_with_code,level2_fine_grained,Learning Theory,138,0.00033725
papers_with_code,level2_fine_grained,Multimodal Reasoning,138,0.00033725
papers_with_code,level2_fine_grained,Saliency Detection,137,0.00033481
papers_with_code,level2_fine_grained,Speech Emotion Recognition,137,0.00033481
papers_with_code,level2_fine_grained,Dialogue State Tracking,136,0.00033237
papers_with_code,level2_fine_grained,Rhythm,136,0.00033237
papers_with_code,level2_fine_grained,Semantic Role Labeling,135,0.00032992
papers_with_code,level2_fine_grained,POS Tagging,134,0.00032748
papers_with_code,level2_fine_grained,Natural Language Queries,134,0.00032748
papers_with_code,level2_fine_grained,Safety Alignment,134,0.00032748
papers_with_code,level2_fine_grained,Thompson Sampling,133,0.00032503
papers_with_code,level2_fine_grained,Face Verification,133,0.00032503
papers_with_code,level2_fine_grained,Real-Time Object Detection,133,0.00032503
papers_with_code,level2_fine_grained,Deep Clustering,133,0.00032503
papers_with_code,level2_fine_grained,HumanEval,133,0.00032503
papers_with_code,level2_fine_grained,Spoken Language Understanding,132,0.00032259
papers_with_code,level2_fine_grained,Camera Pose Estimation,132,0.00032259
papers_with_code,level2_fine_grained,Astronomy,132,0.00032259
papers_with_code,level2_fine_grained,Passage Retrieval,132,0.00032259
papers_with_code,level2_fine_grained,Prediction Intervals,131,0.00032015
papers_with_code,level2_fine_grained,Visual Navigation,131,0.00032015
papers_with_code,level2_fine_grained,Data Compression,131,0.00032015
papers_with_code,level2_fine_grained,Video Editing,131,0.00032015
papers_with_code,level2_fine_grained,Hyperspectral Image Classification,131,0.00032015
papers_with_code,level2_fine_grained,Semi-Supervised Image Classification,130,0.0003177
papers_with_code,level2_fine_grained,Motion Generation,130,0.0003177
papers_with_code,level2_fine_grained,Pedestrian Detection,129,0.00031526
papers_with_code,level2_fine_grained,Data Integration,129,0.00031526
papers_with_code,level2_fine_grained,Image-text Retrieval,129,0.00031526
papers_with_code,level2_fine_grained,Task-Oriented Dialogue Systems,128,0.00031282
papers_with_code,level2_fine_grained,Text Simplification,128,0.00031282
papers_with_code,level2_fine_grained,STS,128,0.00031282
papers_with_code,level2_fine_grained,Image Augmentation,127,0.00031037
papers_with_code,level2_fine_grained,Camera Calibration,127,0.00031037
papers_with_code,level2_fine_grained,Speech-to-Text,127,0.00031037
papers_with_code,level2_fine_grained,Blocking,127,0.00031037
papers_with_code,level2_fine_grained,Dynamic Time Warping,127,0.00031037
papers_with_code,level2_fine_grained,Fact Verification,127,0.00031037
papers_with_code,level2_fine_grained,Motion Synthesis,126,0.00030793
papers_with_code,level2_fine_grained,Unsupervised Pre-training,126,0.00030793
papers_with_code,level2_fine_grained,Time Series Anomaly Detection,126,0.00030793
papers_with_code,level2_fine_grained,2k,125,0.00030548
papers_with_code,level2_fine_grained,Stance Detection,125,0.00030548
papers_with_code,level2_fine_grained,Sensor Fusion,125,0.00030548
papers_with_code,level2_fine_grained,Self-Learning,124,0.00030304
papers_with_code,level2_fine_grained,Audio Generation,124,0.00030304
papers_with_code,level2_fine_grained,Boundary Detection,123,0.0003006
papers_with_code,level2_fine_grained,Organ Segmentation,122,0.00029815
papers_with_code,level2_fine_grained,Robust classification,122,0.00029815
papers_with_code,level2_fine_grained,Music Information Retrieval,122,0.00029815
papers_with_code,level2_fine_grained,Compressive Sensing,121,0.00029571
papers_with_code,level2_fine_grained,Visual Odometry,121,0.00029571
papers_with_code,level2_fine_grained,Intent Detection,121,0.00029571
papers_with_code,level2_fine_grained,Chunking,120,0.00029326
papers_with_code,level2_fine_grained,Collision Avoidance,120,0.00029326
papers_with_code,level2_fine_grained,Knowledge Graph Embeddings,120,0.00029326
papers_with_code,level2_fine_grained,Scene Generation,120,0.00029326
papers_with_code,level2_fine_grained,Operator learning,120,0.00029326
papers_with_code,level2_fine_grained,Dataset Distillation,120,0.00029326
papers_with_code,level2_fine_grained,Caption Generation,119,0.00029082
papers_with_code,level2_fine_grained,Speech Separation,119,0.00029082
papers_with_code,level2_fine_grained,2D Object Detection,118,0.00028838
papers_with_code,level2_fine_grained,6D Pose Estimation,118,0.00028838
papers_with_code,level2_fine_grained,slot-filling,118,0.00028838
papers_with_code,level2_fine_grained,Data Visualization,117,0.00028593
papers_with_code,level2_fine_grained,Graph Regression,117,0.00028593
papers_with_code,level2_fine_grained,Image Clustering,117,0.00028593
papers_with_code,level2_fine_grained,Entity Alignment,117,0.00028593
papers_with_code,level2_fine_grained,Personalized Federated Learning,117,0.00028593
papers_with_code,level2_fine_grained,Word Similarity,116,0.00028349
papers_with_code,level2_fine_grained,Video Quality Assessment,116,0.00028349
papers_with_code,level2_fine_grained,Emotion Classification,115,0.00028105
papers_with_code,level2_fine_grained,Point Cloud Segmentation,114,0.0002786
papers_with_code,level2_fine_grained,Vision and Language Navigation,114,0.0002786
papers_with_code,level2_fine_grained,Inference Attack,114,0.0002786
papers_with_code,level2_fine_grained,Virtual Try-on,113,0.00027616
papers_with_code,level2_fine_grained,Extractive Summarization,113,0.00027616
papers_with_code,level2_fine_grained,Video Frame Interpolation,113,0.00027616
papers_with_code,level2_fine_grained,Sentence Classification,112,0.00027371
papers_with_code,level2_fine_grained,Intent Classification,112,0.00027371
papers_with_code,level2_fine_grained,Keyword Spotting,112,0.00027371
papers_with_code,level2_fine_grained,Arithmetic Reasoning,112,0.00027371
papers_with_code,level2_fine_grained,AI Agent,111,0.00027127
papers_with_code,level2_fine_grained,Video Anomaly Detection,111,0.00027127
papers_with_code,level2_fine_grained,Answer Generation,111,0.00027127
papers_with_code,level2_fine_grained,Open Set Learning,110,0.00026883
papers_with_code,level2_fine_grained,Automated Theorem Proving,110,0.00026883
papers_with_code,level2_fine_grained,Image Matting,110,0.00026883
papers_with_code,level2_fine_grained,Brain Computer Interface,110,0.00026883
papers_with_code,level2_fine_grained,Multi-Document Summarization,110,0.00026883
papers_with_code,level2_fine_grained,Knowledge Tracing,109,0.00026638
papers_with_code,level2_fine_grained,Interactive Segmentation,109,0.00026638
papers_with_code,level2_fine_grained,Data-to-Text Generation,109,0.00026638
papers_with_code,level2_fine_grained,Semi-Supervised Semantic Segmentation,109,0.00026638
papers_with_code,level2_fine_grained,Red Teaming,109,0.00026638
papers_with_code,level2_fine_grained,Superpixels,108,0.00026394
papers_with_code,level2_fine_grained,Story Generation,108,0.00026394
papers_with_code,level2_fine_grained,intent-classification,108,0.00026394
papers_with_code,level2_fine_grained,Code Completion,108,0.00026394
papers_with_code,level2_fine_grained,D4RL,108,0.00026394
papers_with_code,level2_fine_grained,Hierarchical Reinforcement Learning,107,0.00026149
papers_with_code,level2_fine_grained,One-Shot Learning,107,0.00026149
papers_with_code,level2_fine_grained,Face Alignment,106,0.00025905
papers_with_code,level2_fine_grained,8k,105,0.00025661
papers_with_code,level2_fine_grained,Malware Detection,105,0.00025661
papers_with_code,level2_fine_grained,Epidemiology,105,0.00025661
papers_with_code,level2_fine_grained,Model Editing,105,0.00025661
papers_with_code,level2_fine_grained,Texture Synthesis,104,0.00025416
papers_with_code,level2_fine_grained,Medical Image Registration,104,0.00025416
papers_with_code,level2_fine_grained,Policy Gradient Methods,103,0.00025172
papers_with_code,level2_fine_grained,Meta Reinforcement Learning,103,0.00025172
papers_with_code,level2_fine_grained,Object Reconstruction,103,0.00025172
papers_with_code,level2_fine_grained,Hand Pose Estimation,103,0.00025172
papers_with_code,level2_fine_grained,Image to text,103,0.00025172
papers_with_code,level2_fine_grained,No-Reference Image Quality Assessment,103,0.00025172
papers_with_code,level2_fine_grained,Source-Free Domain Adaptation,103,0.00025172
papers_with_code,level2_fine_grained,quantile regression,102,0.00024927
papers_with_code,level2_fine_grained,Text-To-Speech Synthesis,102,0.00024927
papers_with_code,level2_fine_grained,Off-policy evaluation,102,0.00024927
papers_with_code,level2_fine_grained,Saliency Prediction,102,0.00024927
papers_with_code,level2_fine_grained,Lane Detection,102,0.00024927
papers_with_code,level2_fine_grained,Few-Shot Semantic Segmentation,102,0.00024927
papers_with_code,level2_fine_grained,Text to 3D,102,0.00024927
papers_with_code,level2_fine_grained,Speaker Recognition,101,0.00024683
papers_with_code,level2_fine_grained,Image-text matching,101,0.00024683
papers_with_code,level2_fine_grained,LEMMA,100,0.00024439
papers_with_code,level2_fine_grained,text similarity,100,0.00024439
papers_with_code,level2_fine_grained,Task Planning,100,0.00024439
papers_with_code,level2_fine_grained,Ethics,100,0.00024439
papers_with_code,level2_fine_grained,RGB Salient Object Detection,99,0.00024194
papers_with_code,level2_fine_grained,Survival Prediction,99,0.00024194
papers_with_code,level2_fine_grained,Semi-Supervised Video Object Segmentation,98,0.0002395
papers_with_code,level2_fine_grained,Safe Reinforcement Learning,98,0.0002395
papers_with_code,level2_fine_grained,Referring Expression Comprehension,98,0.0002395
papers_with_code,level2_fine_grained,XLM-R,98,0.0002395
papers_with_code,level2_fine_grained,Kolmogorov-Arnold Networks,98,0.0002395
papers_with_code,level2_fine_grained,Few-Shot Object Detection,97,0.00023706
papers_with_code,level2_fine_grained,Real-Time Semantic Segmentation,97,0.00023706
papers_with_code,level2_fine_grained,Scene Text Detection,97,0.00023706
papers_with_code,level2_fine_grained,Action Segmentation,97,0.00023706
papers_with_code,level2_fine_grained,Human Detection,97,0.00023706
papers_with_code,level2_fine_grained,Point Cloud Completion,97,0.00023706
papers_with_code,level2_fine_grained,Referring Expression Segmentation,97,0.00023706
papers_with_code,level2_fine_grained,Self-Supervised Image Classification,97,0.00023706
papers_with_code,level2_fine_grained,Cloud Computing,97,0.00023706
papers_with_code,level2_fine_grained,Argument Mining,97,0.00023706
papers_with_code,level2_fine_grained,Counterfactual Reasoning,97,0.00023706
papers_with_code,level2_fine_grained,Bayesian Optimisation,96,0.00023461
papers_with_code,level2_fine_grained,Depth Completion,96,0.00023461
papers_with_code,level2_fine_grained,Object Discovery,96,0.00023461
papers_with_code,level2_fine_grained,Text-to-Video Generation,96,0.00023461
papers_with_code,level2_fine_grained,Change Point Detection,95,0.00023217
papers_with_code,level2_fine_grained,Multimodal Deep Learning,95,0.00023217
papers_with_code,level2_fine_grained,Sign Language Recognition,95,0.00023217
papers_with_code,level2_fine_grained,Robotic Grasping,94,0.00022972
papers_with_code,level2_fine_grained,Rolling Shutter Correction,94,0.00022972
papers_with_code,level2_fine_grained,Additive models,94,0.00022972
papers_with_code,level2_fine_grained,Minecraft,94,0.00022972
papers_with_code,level2_fine_grained,6D Pose Estimation using RGB,93,0.00022728
papers_with_code,level2_fine_grained,Cultural Vocal Bursts Intensity Prediction,93,0.00022728
papers_with_code,level2_fine_grained,Long-tail Learning,93,0.00022728
papers_with_code,level2_fine_grained,Video Instance Segmentation,93,0.00022728
papers_with_code,level2_fine_grained,Multimodal Sentiment Analysis,92,0.00022484
papers_with_code,level2_fine_grained,Entity Typing,92,0.00022484
papers_with_code,level2_fine_grained,Unity,92,0.00022484
papers_with_code,level2_fine_grained,Speaker Diarization,92,0.00022484
papers_with_code,level2_fine_grained,Multi-hop Question Answering,92,0.00022484
papers_with_code,level2_fine_grained,Open Vocabulary Object Detection,92,0.00022484
papers_with_code,level2_fine_grained,Abstract Meaning Representation,91,0.00022239
papers_with_code,level2_fine_grained,Sound Event Detection,91,0.00022239
papers_with_code,level2_fine_grained,Word Alignment,91,0.00022239
papers_with_code,level2_fine_grained,Traveling Salesman Problem,91,0.00022239
papers_with_code,level2_fine_grained,Explanation Generation,91,0.00022239
papers_with_code,level2_fine_grained,Starcraft II,90,0.00021995
papers_with_code,level2_fine_grained,Multi-Label Learning,89,0.0002175
papers_with_code,level2_fine_grained,Trajectory Forecasting,89,0.0002175
papers_with_code,level2_fine_grained,Text Style Transfer,89,0.0002175
papers_with_code,level2_fine_grained,Probabilistic Programming,89,0.0002175
papers_with_code,level2_fine_grained,Relation Prediction,89,0.0002175
papers_with_code,level2_fine_grained,Stochastic Block Model,88,0.00021506
papers_with_code,level2_fine_grained,Semantic correspondence,88,0.00021506
papers_with_code,level2_fine_grained,Motion Forecasting,88,0.00021506
papers_with_code,level2_fine_grained,Natural Questions,88,0.00021506
papers_with_code,level2_fine_grained,knowledge editing,88,0.00021506
papers_with_code,level2_fine_grained,Inverse Rendering,87,0.00021262
papers_with_code,level2_fine_grained,16k,87,0.00021262
papers_with_code,level2_fine_grained,Video Summarization,87,0.00021262
papers_with_code,level2_fine_grained,3D Hand Pose Estimation,87,0.00021262
papers_with_code,level2_fine_grained,speaker-diarization,87,0.00021262
papers_with_code,level2_fine_grained,Monocular 3D Object Detection,87,0.00021262
papers_with_code,level2_fine_grained,molecular representation,87,0.00021262
papers_with_code,level2_fine_grained,Distributed Optimization,86,0.00021017
papers_with_code,level2_fine_grained,Functional Connectivity,86,0.00021017
papers_with_code,level2_fine_grained,Multi-Person Pose Estimation,86,0.00021017
papers_with_code,level2_fine_grained,Efficient Neural Network,86,0.00021017
papers_with_code,level2_fine_grained,Counterfactual Explanation,86,0.00021017
papers_with_code,level2_fine_grained,Cell Segmentation,85,0.00020773
papers_with_code,level2_fine_grained,Defect Detection,85,0.00020773
papers_with_code,level2_fine_grained,Graph Mining,84,0.00020529
papers_with_code,level2_fine_grained,COVID-19 Diagnosis,84,0.00020529
papers_with_code,level2_fine_grained,3D Face Reconstruction,83,0.00020284
papers_with_code,level2_fine_grained,Novelty Detection,83,0.00020284
papers_with_code,level2_fine_grained,Gaze Estimation,83,0.00020284
papers_with_code,level2_fine_grained,Face Reconstruction,83,0.00020284
papers_with_code,level2_fine_grained,Session-Based Recommendations,83,0.00020284
papers_with_code,level2_fine_grained,Two-sample testing,82,0.0002004
papers_with_code,level2_fine_grained,Weakly-Supervised Object Localization,82,0.0002004
papers_with_code,level2_fine_grained,Age Estimation,82,0.0002004
papers_with_code,level2_fine_grained,Distributed Computing,81,0.00019795
papers_with_code,level2_fine_grained,Emotion Recognition in Conversation,81,0.00019795
papers_with_code,level2_fine_grained,Code Summarization,81,0.00019795
papers_with_code,level2_fine_grained,Language Acquisition,80,0.00019551
papers_with_code,level2_fine_grained,Object Counting,80,0.00019551
papers_with_code,level2_fine_grained,Motor Imagery,80,0.00019551
papers_with_code,level2_fine_grained,Scene Flow Estimation,80,0.00019551
papers_with_code,level2_fine_grained,Cross-Domain Few-Shot,80,0.00019551
papers_with_code,level2_fine_grained,Fault Detection,80,0.00019551
papers_with_code,level2_fine_grained,Math Word Problem Solving,80,0.00019551
papers_with_code,level2_fine_grained,Multimodal Emotion Recognition,79,0.00019307
papers_with_code,level2_fine_grained,Constituency Parsing,79,0.00019307
papers_with_code,level2_fine_grained,Scene Parsing,79,0.00019307
papers_with_code,level2_fine_grained,imbalanced classification,79,0.00019307
papers_with_code,level2_fine_grained,Semi-supervised Medical Image Segmentation,79,0.00019307
papers_with_code,level2_fine_grained,Membership Inference Attack,78,0.00019062
papers_with_code,level2_fine_grained,Multi-Label Text Classification,78,0.00019062
papers_with_code,level2_fine_grained,Hippocampus,78,0.00019062
papers_with_code,level2_fine_grained,Face Anti-Spoofing,78,0.00019062
papers_with_code,level2_fine_grained,Bias Detection,78,0.00019062
papers_with_code,level2_fine_grained,Zero-Shot Cross-Lingual Transfer,77,0.00018818
papers_with_code,level2_fine_grained,Systematic Generalization,77,0.00018818
papers_with_code,level2_fine_grained,3D Scene Reconstruction,77,0.00018818
papers_with_code,level2_fine_grained,Linear evaluation,77,0.00018818
papers_with_code,level2_fine_grained,Weakly supervised segmentation,76,0.00018573
papers_with_code,level2_fine_grained,Neural Network Compression,76,0.00018573
papers_with_code,level2_fine_grained,Skin Lesion Segmentation,76,0.00018573
papers_with_code,level2_fine_grained,Entity Embeddings,76,0.00018573
papers_with_code,level2_fine_grained,Pose Tracking,76,0.00018573
papers_with_code,level2_fine_grained,Temporal Localization,76,0.00018573
papers_with_code,level2_fine_grained,Mortality Prediction,76,0.00018573
papers_with_code,level2_fine_grained,Sentence Similarity,76,0.00018573
papers_with_code,level2_fine_grained,Paraphrase Identification,75,0.00018329
papers_with_code,level2_fine_grained,News Recommendation,75,0.00018329
papers_with_code,level2_fine_grained,Temporal Sequences,75,0.00018329
papers_with_code,level2_fine_grained,Activity Detection,75,0.00018329
papers_with_code,level2_fine_grained,Heuristic Search,75,0.00018329
papers_with_code,level2_fine_grained,Anomaly Segmentation,74,0.00018085
papers_with_code,level2_fine_grained,Object Detection In Aerial Images,74,0.00018085
papers_with_code,level2_fine_grained,MULTI-VIEW LEARNING,74,0.00018085
papers_with_code,level2_fine_grained,LIDAR Semantic Segmentation,74,0.00018085
papers_with_code,level2_fine_grained,Oriented Object Detection,74,0.00018085
papers_with_code,level2_fine_grained,Conversational Search,74,0.00018085
papers_with_code,level2_fine_grained,Moment Retrieval,74,0.00018085
papers_with_code,level2_fine_grained,Disease Prediction,73,0.0001784
papers_with_code,level2_fine_grained,3D Object Reconstruction,73,0.0001784
papers_with_code,level2_fine_grained,Morphological Analysis,73,0.0001784
papers_with_code,level2_fine_grained,Speaker Identification,73,0.0001784
papers_with_code,level2_fine_grained,3D Part Segmentation,73,0.0001784
papers_with_code,level2_fine_grained,Claim Verification,73,0.0001784
papers_with_code,level2_fine_grained,3D Instance Segmentation,73,0.0001784
papers_with_code,level2_fine_grained,Topic Classification,73,0.0001784
papers_with_code,level2_fine_grained,Zero-Shot Video Question Answer,73,0.0001784
papers_with_code,level2_fine_grained,geo-localization,73,0.0001784
papers_with_code,level2_fine_grained,Face Model,72,0.00017596
papers_with_code,level2_fine_grained,Sarcasm Detection,72,0.00017596
papers_with_code,level2_fine_grained,Video Object Detection,72,0.00017596
papers_with_code,level2_fine_grained,Protein Design,72,0.00017596
papers_with_code,level2_fine_grained,Video Object Tracking,72,0.00017596
papers_with_code,level2_fine_grained,Motion Compensation,72,0.00017596
papers_with_code,level2_fine_grained,Node Clustering,72,0.00017596
papers_with_code,level2_fine_grained,Paraphrase Generation,71,0.00017351
papers_with_code,level2_fine_grained,Lesion Detection,71,0.00017351
papers_with_code,level2_fine_grained,Homography Estimation,71,0.00017351
papers_with_code,level2_fine_grained,Shadow Removal,71,0.00017351
papers_with_code,level2_fine_grained,Action Recognition In Videos,71,0.00017351
papers_with_code,level2_fine_grained,Graph structure learning,71,0.00017351
papers_with_code,level2_fine_grained,Open-vocabulary object detection,71,0.00017351
papers_with_code,level2_fine_grained,Open Vocabulary Semantic Segmentation,71,0.00017351
papers_with_code,level2_fine_grained,Unsupervised Image-To-Image Translation,70,0.00017107
papers_with_code,level2_fine_grained,One-Class Classification,70,0.00017107
papers_with_code,level2_fine_grained,Monocular 3D Human Pose Estimation,70,0.00017107
papers_with_code,level2_fine_grained,Pose Prediction,70,0.00017107
papers_with_code,level2_fine_grained,Vulnerability Detection,70,0.00017107
papers_with_code,level2_fine_grained,Zero Shot Segmentation,70,0.00017107
papers_with_code,level2_fine_grained,Fault Diagnosis,70,0.00017107
papers_with_code,level2_fine_grained,Thermal Image Segmentation,69,0.00016863
papers_with_code,level2_fine_grained,graph partitioning,69,0.00016863
papers_with_code,level2_fine_grained,Long-range modeling,69,0.00016863
papers_with_code,level2_fine_grained,Tensor Networks,68,0.00016618
papers_with_code,level2_fine_grained,2D Human Pose Estimation,68,0.00016618
papers_with_code,level2_fine_grained,Scene Recognition,68,0.00016618
papers_with_code,level2_fine_grained,Gait Recognition,68,0.00016618
papers_with_code,level2_fine_grained,Knowledge Base Completion,67,0.00016374
papers_with_code,level2_fine_grained,Numerical Integration,67,0.00016374
papers_with_code,level2_fine_grained,Supervised Anomaly Detection,67,0.00016374
papers_with_code,level2_fine_grained,Knowledge Base Question Answering,67,0.00016374
papers_with_code,level2_fine_grained,CT Reconstruction,67,0.00016374
papers_with_code,level2_fine_grained,MRI segmentation,67,0.00016374
papers_with_code,level2_fine_grained,Drift Detection,67,0.00016374
papers_with_code,level2_fine_grained,Human motion prediction,67,0.00016374
papers_with_code,level2_fine_grained,Protein Structure Prediction,67,0.00016374
papers_with_code,level2_fine_grained,mbpp,67,0.00016374
papers_with_code,level2_fine_grained,Single Image Dehazing,66,0.0001613
papers_with_code,level2_fine_grained,Open Information Extraction,66,0.0001613
papers_with_code,level2_fine_grained,3D Shape Reconstruction,66,0.0001613
papers_with_code,level2_fine_grained,Inductive Learning,66,0.0001613
papers_with_code,level2_fine_grained,Lemmatization,66,0.0001613
papers_with_code,level2_fine_grained,Trajectory Planning,66,0.0001613
papers_with_code,level2_fine_grained,Network Intrusion Detection,65,0.00015885
papers_with_code,level2_fine_grained,Novel Concepts,65,0.00015885
papers_with_code,level2_fine_grained,Document Ranking,65,0.00015885
papers_with_code,level2_fine_grained,Unsupervised Semantic Segmentation,65,0.00015885
papers_with_code,level2_fine_grained,Document-level Relation Extraction,65,0.00015885
papers_with_code,level2_fine_grained,Template Matching,64,0.00015641
papers_with_code,level2_fine_grained,Brain Segmentation,64,0.00015641
papers_with_code,level2_fine_grained,Counterfactual Inference,64,0.00015641
papers_with_code,level2_fine_grained,Image Description,64,0.00015641
papers_with_code,level2_fine_grained,Opinion Mining,64,0.00015641
papers_with_code,level2_fine_grained,Disparity Estimation,64,0.00015641
papers_with_code,level2_fine_grained,Speech-to-Text Translation,64,0.00015641
papers_with_code,level2_fine_grained,Zero-Shot Image Classification,64,0.00015641
papers_with_code,level2_fine_grained,Image Colorization,63,0.00015396
papers_with_code,level2_fine_grained,Entity Disambiguation,63,0.00015396
papers_with_code,level2_fine_grained,Event-based vision,63,0.00015396
papers_with_code,level2_fine_grained,Conversational Question Answering,63,0.00015396
papers_with_code,level2_fine_grained,Demosaicking,62,0.00015152
papers_with_code,level2_fine_grained,Motion Segmentation,62,0.00015152
papers_with_code,level2_fine_grained,Human Parsing,62,0.00015152
papers_with_code,level2_fine_grained,Friction,62,0.00015152
papers_with_code,level2_fine_grained,Text Spotting,62,0.00015152
papers_with_code,level2_fine_grained,Physics-informed machine learning,62,0.00015152
papers_with_code,level2_fine_grained,Audio captioning,62,0.00015152
papers_with_code,level2_fine_grained,Land Cover Classification,61,0.00014908
papers_with_code,level2_fine_grained,GPR,61,0.00014908
papers_with_code,level2_fine_grained,Generalized Zero-Shot Learning,61,0.00014908
papers_with_code,level2_fine_grained,RGB-D Salient Object Detection,61,0.00014908
papers_with_code,level2_fine_grained,Unsupervised Person Re-Identification,61,0.00014908
papers_with_code,level2_fine_grained,Dialogue Evaluation,61,0.00014908
papers_with_code,level2_fine_grained,Visual Speech Recognition,61,0.00014908
papers_with_code,level2_fine_grained,Traffic Signal Control,61,0.00014908
papers_with_code,level2_fine_grained,Cell Detection,60,0.00014663
papers_with_code,level2_fine_grained,MS-SSIM,60,0.00014663
papers_with_code,level2_fine_grained,Feature Correlation,60,0.00014663
papers_with_code,level2_fine_grained,Board Games,60,0.00014663
papers_with_code,level2_fine_grained,Small Object Detection,60,0.00014663
papers_with_code,level2_fine_grained,Portfolio Optimization,60,0.00014663
papers_with_code,level2_fine_grained,Authorship Attribution,60,0.00014663
papers_with_code,level2_fine_grained,Point Tracking,60,0.00014663
papers_with_code,level2_fine_grained,Code Search,60,0.00014663
papers_with_code,level2_fine_grained,Visual Prompting,60,0.00014663
papers_with_code,level2_fine_grained,Sound Classification,59,0.00014419
papers_with_code,level2_fine_grained,Diffusion MRI,59,0.00014419
papers_with_code,level2_fine_grained,Video Inpainting,59,0.00014419
papers_with_code,level2_fine_grained,Retinal Vessel Segmentation,59,0.00014419
papers_with_code,level2_fine_grained,Noise Estimation,59,0.00014419
papers_with_code,level2_fine_grained,TriviaQA,59,0.00014419
papers_with_code,level2_fine_grained,Relation Network,59,0.00014419
papers_with_code,level2_fine_grained,Single Image Deraining,59,0.00014419
papers_with_code,level2_fine_grained,3D Human Reconstruction,59,0.00014419
papers_with_code,level2_fine_grained,Point Cloud Generation,59,0.00014419
papers_with_code,level2_fine_grained,Person Search,59,0.00014419
papers_with_code,level2_fine_grained,Vehicle Re-Identification,59,0.00014419
papers_with_code,level2_fine_grained,Video-Text Retrieval,59,0.00014419
papers_with_code,level2_fine_grained,Music Source Separation,58,0.00014174
papers_with_code,level2_fine_grained,SMAC+,58,0.00014174
papers_with_code,level2_fine_grained,Synthetic-to-Real Translation,58,0.00014174
papers_with_code,level2_fine_grained,Small Data Image Classification,58,0.00014174
papers_with_code,level2_fine_grained,backdoor defense,58,0.00014174
papers_with_code,level2_fine_grained,Weakly Supervised Object Detection,57,0.0001393
papers_with_code,level2_fine_grained,Retrosynthesis,57,0.0001393
papers_with_code,level2_fine_grained,Deep Hashing,56,0.00013686
papers_with_code,level2_fine_grained,Decision Making Under Uncertainty,56,0.00013686
papers_with_code,level2_fine_grained,Multi-Label Image Classification,56,0.00013686
papers_with_code,level2_fine_grained,Joint Entity and Relation Extraction,56,0.00013686
papers_with_code,level2_fine_grained,Lesion Classification,56,0.00013686
papers_with_code,level2_fine_grained,Cancer Classification,56,0.00013686
papers_with_code,level2_fine_grained,Conversational Recommendation,56,0.00013686
papers_with_code,level2_fine_grained,Sign Language Translation,56,0.00013686
papers_with_code,level2_fine_grained,Semi-supervised Domain Adaptation,56,0.00013686
papers_with_code,level2_fine_grained,Video Grounding,56,0.00013686
papers_with_code,level2_fine_grained,Visual Dialog,55,0.00013441
papers_with_code,level2_fine_grained,Head Pose Estimation,55,0.00013441
papers_with_code,level2_fine_grained,Video Reconstruction,55,0.00013441
papers_with_code,level2_fine_grained,Handwritten Text Recognition,55,0.00013441
papers_with_code,level2_fine_grained,Entity Resolution,55,0.00013441
papers_with_code,level2_fine_grained,Model extraction,55,0.00013441
papers_with_code,level2_fine_grained,Few-Shot Class-Incremental Learning,55,0.00013441
papers_with_code,level2_fine_grained,Medical Question Answering,55,0.00013441
papers_with_code,level2_fine_grained,Mathematical Problem-Solving,55,0.00013441
papers_with_code,level2_fine_grained,Misconceptions,54,0.00013197
papers_with_code,level2_fine_grained,Node Property Prediction,54,0.00013197
papers_with_code,level2_fine_grained,Audio Source Separation,54,0.00013197
papers_with_code,level2_fine_grained,3D Shape Generation,54,0.00013197
papers_with_code,level2_fine_grained,Future prediction,54,0.00013197
papers_with_code,level2_fine_grained,Inductive logic programming,54,0.00013197
papers_with_code,level2_fine_grained,Transliteration,54,0.00013197
papers_with_code,level2_fine_grained,Stereo Depth Estimation,54,0.00013197
papers_with_code,level2_fine_grained,Audio Synthesis,54,0.00013197
papers_with_code,level2_fine_grained,Mixed Reality,54,0.00013197
papers_with_code,level2_fine_grained,Video Enhancement,54,0.00013197
papers_with_code,level2_fine_grained,Discourse Parsing,54,0.00013197
papers_with_code,level2_fine_grained,vehicle detection,54,0.00013197
papers_with_code,level2_fine_grained,SMAC,54,0.00013197
papers_with_code,level2_fine_grained,Multi-Objective Reinforcement Learning,54,0.00013197
papers_with_code,level2_fine_grained,Open-Vocabulary Semantic Segmentation,54,0.00013197
papers_with_code,level2_fine_grained,Long-Context Understanding,54,0.00013197
papers_with_code,level2_fine_grained,De-identification,53,0.00012953
papers_with_code,level2_fine_grained,Explainable Models,53,0.00012953
papers_with_code,level2_fine_grained,Handwriting Recognition,53,0.00012953
papers_with_code,level2_fine_grained,Human Mesh Recovery,53,0.00012953
papers_with_code,level2_fine_grained,Data Valuation,53,0.00012953
papers_with_code,level2_fine_grained,Image to 3D,53,0.00012953
papers_with_code,level2_fine_grained,multimodal generation,53,0.00012953
papers_with_code,level2_fine_grained,Code Translation,53,0.00012953
papers_with_code,level2_fine_grained,Hand Gesture Recognition,52,0.00012708
papers_with_code,level2_fine_grained,Camera Localization,52,0.00012708
papers_with_code,level2_fine_grained,Facial Landmark Detection,52,0.00012708
papers_with_code,level2_fine_grained,Second-order methods,52,0.00012708
papers_with_code,level2_fine_grained,Keyphrase Extraction,52,0.00012708
papers_with_code,level2_fine_grained,Answer Selection,52,0.00012708
papers_with_code,level2_fine_grained,Sparse Learning,52,0.00012708
papers_with_code,level2_fine_grained,Spelling Correction,52,0.00012708
papers_with_code,level2_fine_grained,Image Animation,52,0.00012708
papers_with_code,level2_fine_grained,Clinical Knowledge,52,0.00012708
papers_with_code,level2_fine_grained,blind source separation,51,0.00012464
papers_with_code,level2_fine_grained,Adversarial Text,51,0.00012464
papers_with_code,level2_fine_grained,AMR Parsing,51,0.00012464
papers_with_code,level2_fine_grained,Unsupervised Video Object Segmentation,51,0.00012464
papers_with_code,level2_fine_grained,Phrase Grounding,51,0.00012464
papers_with_code,level2_fine_grained,Genre classification,51,0.00012464
papers_with_code,level2_fine_grained,Physical Simulations,51,0.00012464
papers_with_code,level2_fine_grained,Protein Folding,51,0.00012464
papers_with_code,level2_fine_grained,Abusive Language,51,0.00012464
papers_with_code,level2_fine_grained,Disaster Response,51,0.00012464
papers_with_code,level2_fine_grained,Single-View 3D Reconstruction,51,0.00012464
papers_with_code,level2_fine_grained,Talking Head Generation,51,0.00012464
papers_with_code,level2_fine_grained,Text to Video Retrieval,51,0.00012464
papers_with_code,level2_fine_grained,Semi-Supervised Object Detection,51,0.00012464
papers_with_code,level2_fine_grained,Load Forecasting,50,0.00012219
papers_with_code,level2_fine_grained,Graph Similarity,50,0.00012219
papers_with_code,level2_fine_grained,Missing Labels,50,0.00012219
papers_with_code,level2_fine_grained,Robust Object Detection,50,0.00012219
papers_with_code,level2_fine_grained,Program Repair,50,0.00012219
papers_with_code,level2_fine_grained,Spatio-Temporal Forecasting,50,0.00012219
papers_with_code,level2_fine_grained,Humanitarian,50,0.00012219
papers_with_code,level2_fine_grained,Referring Video Object Segmentation,50,0.00012219
papers_with_code,level2_fine_grained,Linguistic Acceptability,49,0.00011975
papers_with_code,level2_fine_grained,Action Generation,49,0.00011975
papers_with_code,level2_fine_grained,Lip Reading,49,0.00011975
papers_with_code,level2_fine_grained,Riemannian optimization,49,0.00011975
papers_with_code,level2_fine_grained,Action Anticipation,49,0.00011975
papers_with_code,level2_fine_grained,Systematic Literature Review,49,0.00011975
papers_with_code,level2_fine_grained,Chinese Word Segmentation,49,0.00011975
papers_with_code,level2_fine_grained,domain classification,49,0.00011975
papers_with_code,level2_fine_grained,Multi Label Text Classification,49,0.00011975
papers_with_code,level2_fine_grained,Audio Tagging,49,0.00011975
papers_with_code,level2_fine_grained,Graph Anomaly Detection,49,0.00011975
papers_with_code,level2_fine_grained,Vision-Language-Action,49,0.00011975
papers_with_code,level2_fine_grained,Community Question Answering,48,0.00011731
papers_with_code,level2_fine_grained,Indoor Localization,48,0.00011731
papers_with_code,level2_fine_grained,2D Semantic Segmentation,48,0.00011731
papers_with_code,level2_fine_grained,3D Multi-Object Tracking,48,0.00011731
papers_with_code,level2_fine_grained,Avg,48,0.00011731
papers_with_code,level2_fine_grained,Sentence Completion,48,0.00011731
papers_with_code,level2_fine_grained,ECG Classification,48,0.00011731
papers_with_code,level2_fine_grained,Layout Generation,48,0.00011731
papers_with_code,level2_fine_grained,energy management,48,0.00011731
papers_with_code,level2_fine_grained,Irregular Time Series,48,0.00011731
papers_with_code,level2_fine_grained,Speech Representation Learning,47,0.00011486
papers_with_code,level2_fine_grained,Document Layout Analysis,47,0.00011486
papers_with_code,level2_fine_grained,3D Object Classification,47,0.00011486
papers_with_code,level2_fine_grained,Computational chemistry,47,0.00011486
papers_with_code,level2_fine_grained,Graph Property Prediction,47,0.00011486
papers_with_code,level2_fine_grained,MME,47,0.00011486
papers_with_code,level2_fine_grained,Medical Visual Question Answering,47,0.00011486
papers_with_code,level2_fine_grained,Protein Language Model,47,0.00011486
papers_with_code,level2_fine_grained,Pose Transfer,46,0.00011242
papers_with_code,level2_fine_grained,Infrared And Visible Image Fusion,46,0.00011242
papers_with_code,level2_fine_grained,Few-Shot Text Classification,46,0.00011242
papers_with_code,level2_fine_grained,Sleep Staging,46,0.00011242
papers_with_code,level2_fine_grained,Shadow Detection,46,0.00011242
papers_with_code,level2_fine_grained,Surface Normal Estimation,46,0.00011242
papers_with_code,level2_fine_grained,Malware Classification,46,0.00011242
papers_with_code,level2_fine_grained,Line Detection,46,0.00011242
papers_with_code,level2_fine_grained,2D Pose Estimation,46,0.00011242
papers_with_code,level2_fine_grained,Image Harmonization,46,0.00011242
papers_with_code,level2_fine_grained,Pedestrian Trajectory Prediction,46,0.00011242
papers_with_code,level2_fine_grained,Gesture Generation,46,0.00011242
papers_with_code,level2_fine_grained,Tabular Data Generation,46,0.00011242
papers_with_code,level2_fine_grained,Anomaly Localization,46,0.00011242
papers_with_code,level2_fine_grained,token-classification,46,0.00011242
papers_with_code,level2_fine_grained,Token Classification,46,0.00011242
papers_with_code,level2_fine_grained,Music Transcription,45,0.00010997
papers_with_code,level2_fine_grained,Electrocardiography (ECG),45,0.00010997
papers_with_code,level2_fine_grained,Face Identification,45,0.00010997
papers_with_code,level2_fine_grained,Point cloud reconstruction,45,0.00010997
papers_with_code,level2_fine_grained,Nested Named Entity Recognition,45,0.00010997
papers_with_code,level2_fine_grained,Vertical Federated Learning,45,0.00010997
papers_with_code,level2_fine_grained,Term Extraction,44,0.00010753
papers_with_code,level2_fine_grained,Human Pose Forecasting,44,0.00010753
papers_with_code,level2_fine_grained,Blind Super-Resolution,44,0.00010753
papers_with_code,level2_fine_grained,Anomaly Detection In Surveillance Videos,44,0.00010753
papers_with_code,level2_fine_grained,Deep Attention,44,0.00010753
papers_with_code,level2_fine_grained,Graph Sampling,44,0.00010753
papers_with_code,level2_fine_grained,Multi-task Language Understanding,44,0.00010753
papers_with_code,level2_fine_grained,Semantic Communication,44,0.00010753
papers_with_code,level2_fine_grained,Traffic Sign Recognition,43,0.00010509
papers_with_code,level2_fine_grained,Distributional Reinforcement Learning,43,0.00010509
papers_with_code,level2_fine_grained,Type prediction,43,0.00010509
papers_with_code,level2_fine_grained,Text Categorization,43,0.00010509
papers_with_code,level2_fine_grained,Video Alignment,43,0.00010509
papers_with_code,level2_fine_grained,Tone Mapping,43,0.00010509
papers_with_code,level2_fine_grained,Mutual Information Estimation,43,0.00010509
papers_with_code,level2_fine_grained,Medical Report Generation,43,0.00010509
papers_with_code,level2_fine_grained,Fine-Grained Visual Recognition,43,0.00010509
papers_with_code,level2_fine_grained,Keyphrase Generation,43,0.00010509
papers_with_code,level2_fine_grained,Extractive Question-Answering,43,0.00010509
papers_with_code,level2_fine_grained,Patch Matching,42,0.00010264
papers_with_code,level2_fine_grained,Brain Decoding,42,0.00010264
papers_with_code,level2_fine_grained,Cell Tracking,42,0.00010264
papers_with_code,level2_fine_grained,Talking Face Generation,42,0.00010264
papers_with_code,level2_fine_grained,Video Deblurring,42,0.00010264
papers_with_code,level2_fine_grained,3D Classification,42,0.00010264
papers_with_code,level2_fine_grained,Safe Exploration,42,0.00010264
papers_with_code,level2_fine_grained,Stock Market Prediction,42,0.00010264
papers_with_code,level2_fine_grained,Table-to-Text Generation,42,0.00010264
papers_with_code,level2_fine_grained,Graph Question Answering,42,0.00010264
papers_with_code,level2_fine_grained,Acoustic Scene Classification,42,0.00010264
papers_with_code,level2_fine_grained,Audio-Visual Speech Recognition,42,0.00010264
papers_with_code,level2_fine_grained,Object Hallucination,42,0.00010264
papers_with_code,level2_fine_grained,Video Restoration,42,0.00010264
papers_with_code,level2_fine_grained,Few-shot NER,42,0.00010264
papers_with_code,level2_fine_grained,Unsupervised Monocular Depth Estimation,41,0.0001002
papers_with_code,level2_fine_grained,Hard Attention,41,0.0001002
papers_with_code,level2_fine_grained,Text Augmentation,41,0.0001002
papers_with_code,level2_fine_grained,Weakly-supervised Temporal Action Localization,41,0.0001002
papers_with_code,level2_fine_grained,Medical Image Generation,41,0.0001002
papers_with_code,level2_fine_grained,Multilingual NLP,41,0.0001002
papers_with_code,level2_fine_grained,multimodal interaction,41,0.0001002
papers_with_code,level2_fine_grained,3D Shape Representation,41,0.0001002
papers_with_code,level2_fine_grained,Skin Lesion Classification,41,0.0001002
papers_with_code,level2_fine_grained,Transductive Learning,41,0.0001002
papers_with_code,level2_fine_grained,Speech-to-Speech Translation,41,0.0001002
papers_with_code,level2_fine_grained,Small Language Model,41,0.0001002
papers_with_code,level2_fine_grained,Hand-Gesture Recognition,40,9.775e-05
papers_with_code,level2_fine_grained,Cardiac Segmentation,40,9.775e-05
papers_with_code,level2_fine_grained,Image Forensics,40,9.775e-05
papers_with_code,level2_fine_grained,High-Level Synthesis,40,9.775e-05
papers_with_code,level2_fine_grained,Highlight Detection,40,9.775e-05
papers_with_code,level2_fine_grained,HTR,40,9.775e-05
papers_with_code,level2_fine_grained,Breast Cancer Detection,40,9.775e-05
papers_with_code,level2_fine_grained,Color Constancy,40,9.775e-05
papers_with_code,level2_fine_grained,General Reinforcement Learning,40,9.775e-05
papers_with_code,level2_fine_grained,Sketch-Based Image Retrieval,40,9.775e-05
papers_with_code,level2_fine_grained,Video Denoising,40,9.775e-05
papers_with_code,level2_fine_grained,Product Recommendation,40,9.775e-05
papers_with_code,level2_fine_grained,Zero-Shot Action Recognition,40,9.775e-05
papers_with_code,level2_fine_grained,Graph Reconstruction,40,9.775e-05
papers_with_code,level2_fine_grained,Fine-Grained Image Recognition,39,9.531e-05
papers_with_code,level2_fine_grained,Zero-Shot Object Detection,39,9.531e-05
papers_with_code,level2_fine_grained,Seizure Detection,39,9.531e-05
papers_with_code,level2_fine_grained,Text Segmentation,39,9.531e-05
papers_with_code,level2_fine_grained,Dense Video Captioning,39,9.531e-05
papers_with_code,level2_fine_grained,Sound Source Localization,39,9.531e-05
papers_with_code,level2_fine_grained,Image Cropping,39,9.531e-05
papers_with_code,level2_fine_grained,Photoplethysmography (PPG),39,9.531e-05
papers_with_code,level2_fine_grained,3D Object Tracking,39,9.531e-05
papers_with_code,level2_fine_grained,software testing,39,9.531e-05
papers_with_code,level2_fine_grained,Source Code Summarization,39,9.531e-05
papers_with_code,level2_fine_grained,Key Information Extraction,39,9.531e-05
papers_with_code,level2_fine_grained,Novel Class Discovery,39,9.531e-05
papers_with_code,level2_fine_grained,3D visual grounding,39,9.531e-05
papers_with_code,level2_fine_grained,Exemplar-Free,39,9.531e-05
papers_with_code,level2_fine_grained,Spam detection,38,9.287e-05
papers_with_code,level2_fine_grained,Reflection Removal,38,9.287e-05
papers_with_code,level2_fine_grained,Morphological Inflection,38,9.287e-05
papers_with_code,level2_fine_grained,3D Action Recognition,38,9.287e-05
papers_with_code,level2_fine_grained,CoLA,38,9.287e-05
papers_with_code,level2_fine_grained,Chinese Named Entity Recognition,38,9.287e-05
papers_with_code,level2_fine_grained,text annotation,38,9.287e-05
papers_with_code,level2_fine_grained,Sequential Image Classification,38,9.287e-05
papers_with_code,level2_fine_grained,Steganalysis,38,9.287e-05
papers_with_code,level2_fine_grained,Word Translation,38,9.287e-05
papers_with_code,level2_fine_grained,Vision-Language Navigation,38,9.287e-05
papers_with_code,level2_fine_grained,Multimodal Machine Translation,38,9.287e-05
papers_with_code,level2_fine_grained,Video-Based Person Re-Identification,38,9.287e-05
papers_with_code,level2_fine_grained,Multi-Agent Path Finding,38,9.287e-05
papers_with_code,level2_fine_grained,Molecular Docking,38,9.287e-05
papers_with_code,level2_fine_grained,Multiobjective Optimization,38,9.287e-05
papers_with_code,level2_fine_grained,Image to Video Generation,38,9.287e-05
papers_with_code,level2_fine_grained,Camouflaged Object Segmentation,38,9.287e-05
papers_with_code,level2_fine_grained,Depression Detection,38,9.287e-05
papers_with_code,level2_fine_grained,News Summarization,38,9.287e-05
papers_with_code,level2_fine_grained,Partial Label Learning,38,9.287e-05
papers_with_code,level2_fine_grained,UIE,38,9.287e-05
papers_with_code,level2_fine_grained,Explainable Recommendation,37,9.042e-05
papers_with_code,level2_fine_grained,Visual Storytelling,37,9.042e-05
papers_with_code,level2_fine_grained,Headline Generation,37,9.042e-05
papers_with_code,level2_fine_grained,Semi-supervised Anomaly Detection,37,9.042e-05
papers_with_code,level2_fine_grained,RTE,37,9.042e-05
papers_with_code,level2_fine_grained,Image Manipulation Detection,37,9.042e-05
papers_with_code,level2_fine_grained,Keypoint Estimation,37,9.042e-05
papers_with_code,level2_fine_grained,Vector Graphics,37,9.042e-05
papers_with_code,level2_fine_grained,Transparent objects,37,9.042e-05
papers_with_code,level2_fine_grained,Image-to-Text Retrieval,37,9.042e-05
papers_with_code,level2_fine_grained,Data-free Knowledge Distillation,37,9.042e-05
papers_with_code,level2_fine_grained,Remote Sensing Image Classification,37,9.042e-05
papers_with_code,level2_fine_grained,Text Clustering,37,9.042e-05
papers_with_code,level2_fine_grained,Multiple Choice Question Answering (MCQA),37,9.042e-05
papers_with_code,level2_fine_grained,Unconditional Image Generation,37,9.042e-05
papers_with_code,level2_fine_grained,cross-domain few-shot learning,37,9.042e-05
papers_with_code,level2_fine_grained,Token Reduction,37,9.042e-05
papers_with_code,level2_fine_grained,TruthfulQA,37,9.042e-05
papers_with_code,level2_fine_grained,Visual Prompt Tuning,37,9.042e-05
papers_with_code,level2_fine_grained,Voice Cloning,36,8.798e-05
papers_with_code,level2_fine_grained,Time Series Generation,36,8.798e-05
papers_with_code,level2_fine_grained,Animal Pose Estimation,36,8.798e-05
papers_with_code,level2_fine_grained,Econometrics,36,8.798e-05
papers_with_code,level2_fine_grained,Sentence Retrieval,36,8.798e-05
papers_with_code,level2_fine_grained,Spectral Reconstruction,36,8.798e-05
papers_with_code,level2_fine_grained,Stereo Matching Hand,36,8.798e-05
papers_with_code,level2_fine_grained,point cloud upsampling,36,8.798e-05
papers_with_code,level2_fine_grained,MORPH,36,8.798e-05
papers_with_code,level2_fine_grained,Lipreading,36,8.798e-05
papers_with_code,level2_fine_grained,text-based games,36,8.798e-05
papers_with_code,level2_fine_grained,Probabilistic Time Series Forecasting,36,8.798e-05
papers_with_code,level2_fine_grained,Action Quality Assessment,36,8.798e-05
papers_with_code,level2_fine_grained,Multi-View 3D Reconstruction,36,8.798e-05
papers_with_code,level2_fine_grained,Opinion Summarization,36,8.798e-05
papers_with_code,level2_fine_grained,Self-Knowledge Distillation,36,8.798e-05
papers_with_code,level2_fine_grained,Pansharpening,36,8.798e-05
papers_with_code,level2_fine_grained,Time Series Clustering,35,8.554e-05
papers_with_code,level2_fine_grained,Dialogue Understanding,35,8.554e-05
papers_with_code,level2_fine_grained,Conversational Response Selection,35,8.554e-05
papers_with_code,level2_fine_grained,TAR,35,8.554e-05
papers_with_code,level2_fine_grained,Weakly Supervised Action Localization,35,8.554e-05
papers_with_code,level2_fine_grained,3D Medical Imaging Segmentation,35,8.554e-05
papers_with_code,level2_fine_grained,Sociology,35,8.554e-05
papers_with_code,level2_fine_grained,Pedestrian Attribute Recognition,35,8.554e-05
papers_with_code,level2_fine_grained,Person Retrieval,35,8.554e-05
papers_with_code,level2_fine_grained,Visual Relationship Detection,35,8.554e-05
papers_with_code,level2_fine_grained,Self-Supervised Action Recognition,35,8.554e-05
papers_with_code,level2_fine_grained,Music Recommendation,35,8.554e-05
papers_with_code,level2_fine_grained,Job Shop Scheduling,35,8.554e-05
papers_with_code,level2_fine_grained,Passage Ranking,35,8.554e-05
papers_with_code,level2_fine_grained,Sound Event Localization and Detection,35,8.554e-05
papers_with_code,level2_fine_grained,Dataset Condensation,35,8.554e-05
papers_with_code,level2_fine_grained,Audio Deepfake Detection,35,8.554e-05
papers_with_code,level2_fine_grained,Data Summarization,34,8.309e-05
papers_with_code,level2_fine_grained,Video Description,34,8.309e-05
papers_with_code,level2_fine_grained,Road Segmentation,34,8.309e-05
papers_with_code,level2_fine_grained,Aspect Extraction,34,8.309e-05
papers_with_code,level2_fine_grained,Probabilistic Deep Learning,34,8.309e-05
papers_with_code,level2_fine_grained,Content-Based Image Retrieval,34,8.309e-05
papers_with_code,level2_fine_grained,Extractive Text Summarization,34,8.309e-05
papers_with_code,level2_fine_grained,3D Multi-Person Pose Estimation,34,8.309e-05
papers_with_code,level2_fine_grained,Time Series Regression,34,8.309e-05
papers_with_code,level2_fine_grained,Demand Forecasting,34,8.309e-05
papers_with_code,level2_fine_grained,Action Understanding,34,8.309e-05
papers_with_code,level2_fine_grained,Equation Discovery,34,8.309e-05
papers_with_code,level2_fine_grained,Event Argument Extraction,34,8.309e-05
papers_with_code,level2_fine_grained,Continual Pretraining,34,8.309e-05
papers_with_code,level2_fine_grained,text-guided-image-editing,34,8.309e-05
papers_with_code,level2_fine_grained,Visual Commonsense Reasoning,33,8.065e-05
papers_with_code,level2_fine_grained,Unsupervised Machine Translation,33,8.065e-05
papers_with_code,level2_fine_grained,C++ code,33,8.065e-05
papers_with_code,level2_fine_grained,Image Stitching,33,8.065e-05
papers_with_code,level2_fine_grained,Activity Prediction,33,8.065e-05
papers_with_code,level2_fine_grained,Temporal Action Segmentation,33,8.065e-05
papers_with_code,level2_fine_grained,Dialect Identification,33,8.065e-05
papers_with_code,level2_fine_grained,3D human pose and shape estimation,33,8.065e-05
papers_with_code,level2_fine_grained,Model Discovery,33,8.065e-05
papers_with_code,level2_fine_grained,Bilingual Lexicon Induction,33,8.065e-05
papers_with_code,level2_fine_grained,Visual Entailment,33,8.065e-05
papers_with_code,level2_fine_grained,News Classification,33,8.065e-05
papers_with_code,level2_fine_grained,Nutrition,33,8.065e-05
papers_with_code,level2_fine_grained,Zero-Shot Video Retrieval,33,8.065e-05
papers_with_code,level2_fine_grained,Multimodal Recommendation,33,8.065e-05
papers_with_code,level2_fine_grained,AudioCaps,33,8.065e-05
papers_with_code,level2_fine_grained,Color Image Denoising,32,7.82e-05
papers_with_code,level2_fine_grained,Gender Classification,32,7.82e-05
papers_with_code,level2_fine_grained,3D Object Recognition,32,7.82e-05
papers_with_code,level2_fine_grained,Texture Classification,32,7.82e-05
papers_with_code,level2_fine_grained,Artificial Life,32,7.82e-05
papers_with_code,level2_fine_grained,Dense Captioning,32,7.82e-05
papers_with_code,level2_fine_grained,L2 Regularization,32,7.82e-05
papers_with_code,level2_fine_grained,Sokoban,32,7.82e-05
papers_with_code,level2_fine_grained,Image Relighting,32,7.82e-05
papers_with_code,level2_fine_grained,Abuse Detection,32,7.82e-05
papers_with_code,level2_fine_grained,Speech Denoising,32,7.82e-05
papers_with_code,level2_fine_grained,de-en,32,7.82e-05
papers_with_code,level2_fine_grained,3D Semantic Scene Completion,32,7.82e-05
papers_with_code,level2_fine_grained,Temporal Relation Extraction,32,7.82e-05
papers_with_code,level2_fine_grained,Conditional Text Generation,32,7.82e-05
papers_with_code,level2_fine_grained,Surface Normals Estimation,32,7.82e-05
papers_with_code,level2_fine_grained,Keyword Extraction,32,7.82e-05
papers_with_code,level2_fine_grained,Anomaly Classification,32,7.82e-05
papers_with_code,level2_fine_grained,Long Form Question Answering,32,7.82e-05
papers_with_code,level2_fine_grained,MedQA,32,7.82e-05
papers_with_code,level2_fine_grained,Fine-Grained Visual Categorization,31,7.576e-05
papers_with_code,level2_fine_grained,Formation Energy,31,7.576e-05
papers_with_code,level2_fine_grained,Extreme Multi-Label Classification,31,7.576e-05
papers_with_code,level2_fine_grained,Montezuma's Revenge,31,7.576e-05
papers_with_code,level2_fine_grained,Density Ratio Estimation,31,7.576e-05
papers_with_code,level2_fine_grained,Compositional Zero-Shot Learning,31,7.576e-05
papers_with_code,level2_fine_grained,Authorship Verification,31,7.576e-05
papers_with_code,level2_fine_grained,Image Steganography,31,7.576e-05
papers_with_code,level2_fine_grained,Loop Closure Detection,31,7.576e-05
papers_with_code,level2_fine_grained,Traffic Classification,31,7.576e-05
papers_with_code,level2_fine_grained,nlg evaluation,31,7.576e-05
papers_with_code,level2_fine_grained,Open-Domain Dialog,31,7.576e-05
papers_with_code,level2_fine_grained,dialog state tracking,31,7.576e-05
papers_with_code,level2_fine_grained,Sports Analytics,31,7.576e-05
papers_with_code,level2_fine_grained,Protein Function Prediction,31,7.576e-05
papers_with_code,level2_fine_grained,Bug fixing,31,7.576e-05
papers_with_code,level2_fine_grained,Few Shot Action Recognition,31,7.576e-05
papers_with_code,level2_fine_grained,Universal Domain Adaptation,31,7.576e-05
papers_with_code,level2_fine_grained,Language Model Evaluation,31,7.576e-05
papers_with_code,level2_fine_grained,Personalized Image Generation,31,7.576e-05
papers_with_code,level2_fine_grained,Stock Price Prediction,30,7.332e-05
papers_with_code,level2_fine_grained,Event Coreference Resolution,30,7.332e-05
papers_with_code,level2_fine_grained,3D Shape Classification,30,7.332e-05
papers_with_code,level2_fine_grained,Citation Recommendation,30,7.332e-05
papers_with_code,level2_fine_grained,Relationship Detection,30,7.332e-05
papers_with_code,level2_fine_grained,Arrhythmia Detection,30,7.332e-05
papers_with_code,level2_fine_grained,Auxiliary Learning,30,7.332e-05
papers_with_code,level2_fine_grained,Unsupervised Image Classification,30,7.332e-05
papers_with_code,level2_fine_grained,Image Stylization,30,7.332e-05
papers_with_code,level2_fine_grained,Legal Reasoning,30,7.332e-05
papers_with_code,level2_fine_grained,Text based Person Retrieval,30,7.332e-05
papers_with_code,level2_fine_grained,Knowledge Base Population,30,7.332e-05
papers_with_code,level2_fine_grained,Privacy Preserving Deep Learning,30,7.332e-05
papers_with_code,level2_fine_grained,Active Speaker Detection,30,7.332e-05
papers_with_code,level2_fine_grained,Meme Classification,30,7.332e-05
papers_with_code,level2_fine_grained,Open World Object Detection,30,7.332e-05
papers_with_code,level2_fine_grained,Multi-domain Dialogue State Tracking,29,7.087e-05
papers_with_code,level2_fine_grained,Multivariate Time Series Imputation,29,7.087e-05
papers_with_code,level2_fine_grained,Unsupervised Reinforcement Learning,29,7.087e-05
papers_with_code,level2_fine_grained,Miscellaneous,29,7.087e-05
papers_with_code,level2_fine_grained,Hyperspectral Unmixing,29,7.087e-05
papers_with_code,level2_fine_grained,Graph-to-Sequence,29,7.087e-05
papers_with_code,level2_fine_grained,Cross-Lingual Word Embeddings,29,7.087e-05
papers_with_code,level2_fine_grained,Online Multi-Object Tracking,29,7.087e-05
papers_with_code,level2_fine_grained,Blind Face Restoration,29,7.087e-05
papers_with_code,level2_fine_grained,4D reconstruction,29,7.087e-05
papers_with_code,level2_fine_grained,Node Classification on Non-Homophilic (Heterophilic) Graphs,29,7.087e-05
papers_with_code,level2_fine_grained,Constrained Clustering,29,7.087e-05
papers_with_code,level2_fine_grained,Cloud Removal,29,7.087e-05
papers_with_code,level2_fine_grained,Few-Shot 3D Point Cloud Classification,29,7.087e-05
papers_with_code,level2_fine_grained,Plant Phenotyping,29,7.087e-05
papers_with_code,level2_fine_grained,Volumetric Medical Image Segmentation,29,7.087e-05
papers_with_code,level2_fine_grained,Medical Object Detection,29,7.087e-05
papers_with_code,level2_fine_grained,Mathematical Proofs,29,7.087e-05
papers_with_code,level2_fine_grained,Natural Language Visual Grounding,29,7.087e-05
papers_with_code,level2_fine_grained,Movie Recommendation,29,7.087e-05
papers_with_code,level2_fine_grained,Stock Prediction,29,7.087e-05
papers_with_code,level2_fine_grained,ERP,29,7.087e-05
papers_with_code,level2_fine_grained,Band Gap,29,7.087e-05
papers_with_code,level2_fine_grained,Zero-Shot Semantic Segmentation,29,7.087e-05
papers_with_code,level2_fine_grained,tabular-classification,29,7.087e-05
papers_with_code,level2_fine_grained,Empathetic Response Generation,29,7.087e-05
papers_with_code,level2_fine_grained,severity prediction,29,7.087e-05
papers_with_code,level2_fine_grained,Aspect Sentiment Triplet Extraction,29,7.087e-05
papers_with_code,level2_fine_grained,Text-based Image Editing,29,7.087e-05
papers_with_code,level2_fine_grained,Hallucination Evaluation,29,7.087e-05
papers_with_code,level2_fine_grained,Liver Segmentation,28,6.843e-05
papers_with_code,level2_fine_grained,Molecular Graph Generation,28,6.843e-05
papers_with_code,level2_fine_grained,Video Stabilization,28,6.843e-05
papers_with_code,level2_fine_grained,Cloze Test,28,6.843e-05
papers_with_code,level2_fine_grained,Handwritten Digit Recognition,28,6.843e-05
papers_with_code,level2_fine_grained,Univariate Time Series Forecasting,28,6.843e-05
papers_with_code,level2_fine_grained,Intrinsic Image Decomposition,28,6.843e-05
papers_with_code,level2_fine_grained,Feature Compression,28,6.843e-05
papers_with_code,level2_fine_grained,Entity Retrieval,28,6.843e-05
papers_with_code,level2_fine_grained,Low-Resource Neural Machine Translation,28,6.843e-05
papers_with_code,level2_fine_grained,Persuasiveness,28,6.843e-05
papers_with_code,level2_fine_grained,Model Poisoning,28,6.843e-05
papers_with_code,level2_fine_grained,Face Reenactment,28,6.843e-05
papers_with_code,level2_fine_grained,Surgical phase recognition,28,6.843e-05
papers_with_code,level2_fine_grained,Cloud Detection,28,6.843e-05
papers_with_code,level2_fine_grained,Zero-Shot Text Classification,28,6.843e-05
papers_with_code,level2_fine_grained,Singing Voice Synthesis,28,6.843e-05
papers_with_code,level2_fine_grained,Foreground Segmentation,27,6.598e-05
papers_with_code,level2_fine_grained,Text Normalization,27,6.598e-05
papers_with_code,level2_fine_grained,6D Pose Estimation using RGBD,27,6.598e-05
papers_with_code,level2_fine_grained,License Plate Recognition,27,6.598e-05
papers_with_code,level2_fine_grained,Automated Essay Scoring,27,6.598e-05
papers_with_code,level2_fine_grained,Chart Understanding,27,6.598e-05
papers_with_code,level2_fine_grained,Ad-Hoc Information Retrieval,27,6.598e-05
papers_with_code,level2_fine_grained,Knowledge Base Construction,27,6.598e-05
papers_with_code,level2_fine_grained,channel selection,27,6.598e-05
papers_with_code,level2_fine_grained,Low-Rank Matrix Completion,27,6.598e-05
papers_with_code,level2_fine_grained,Edge Classification,27,6.598e-05
papers_with_code,level2_fine_grained,Cross-Lingual NER,27,6.598e-05
papers_with_code,level2_fine_grained,Malware Analysis,27,6.598e-05
papers_with_code,level2_fine_grained,Story Visualization,27,6.598e-05
papers_with_code,level2_fine_grained,Heart rate estimation,27,6.598e-05
papers_with_code,level2_fine_grained,Semantic Retrieval,27,6.598e-05
papers_with_code,level2_fine_grained,TextVQA,27,6.598e-05
papers_with_code,level2_fine_grained,Table Recognition,27,6.598e-05
papers_with_code,level2_fine_grained,Few-Shot action recognition,27,6.598e-05
papers_with_code,level2_fine_grained,Clone Detection,27,6.598e-05
papers_with_code,level2_fine_grained,Image Defocus Deblurring,27,6.598e-05
papers_with_code,level2_fine_grained,Adversarial Purification,27,6.598e-05
papers_with_code,level2_fine_grained,3D-Aware Image Synthesis,27,6.598e-05
papers_with_code,level2_fine_grained,X-ray Classification,27,6.598e-05
papers_with_code,level2_fine_grained,Facial Emotion Recognition,27,6.598e-05
papers_with_code,level2_fine_grained,Efficient ViTs,27,6.598e-05
papers_with_code,level2_fine_grained,PICO,26,6.354e-05
papers_with_code,level2_fine_grained,Environmental Sound Classification,26,6.354e-05
papers_with_code,level2_fine_grained,Normalising Flows,26,6.354e-05
papers_with_code,level2_fine_grained,Morphological Tagging,26,6.354e-05
papers_with_code,level2_fine_grained,Referring expression generation,26,6.354e-05
papers_with_code,level2_fine_grained,Online Clustering,26,6.354e-05
papers_with_code,level2_fine_grained,Playing the Game of 2048,26,6.354e-05
papers_with_code,level2_fine_grained,Multi-Source Unsupervised Domain Adaptation,26,6.354e-05
papers_with_code,level2_fine_grained,Dichotomous Image Segmentation,26,6.354e-05
papers_with_code,level2_fine_grained,Unsupervised Image Segmentation,26,6.354e-05
papers_with_code,level2_fine_grained,Electromyography (EMG),26,6.354e-05
papers_with_code,level2_fine_grained,Geometric Matching,26,6.354e-05
papers_with_code,level2_fine_grained,Phoneme Recognition,26,6.354e-05
papers_with_code,level2_fine_grained,Instrument Recognition,26,6.354e-05
papers_with_code,level2_fine_grained,Single Particle Analysis,26,6.354e-05
papers_with_code,level2_fine_grained,One-shot visual object segmentation,26,6.354e-05
papers_with_code,level2_fine_grained,Alzheimer's Disease Detection,26,6.354e-05
papers_with_code,level2_fine_grained,Hyperspectral Image Super-Resolution,26,6.354e-05
papers_with_code,level2_fine_grained,Single-Source Domain Generalization,26,6.354e-05
papers_with_code,level2_fine_grained,ISAC,26,6.354e-05
papers_with_code,level2_fine_grained,SST-2,26,6.354e-05
papers_with_code,level2_fine_grained,Robust Speech Recognition,25,6.11e-05
papers_with_code,level2_fine_grained,Object Categorization,25,6.11e-05
papers_with_code,level2_fine_grained,Predictive Process Monitoring,25,6.11e-05
papers_with_code,level2_fine_grained,Stance Classification,25,6.11e-05
papers_with_code,level2_fine_grained,One-class classifier,25,6.11e-05
papers_with_code,level2_fine_grained,Hyperspectral Image Denoising,25,6.11e-05
papers_with_code,level2_fine_grained,Dialogue Management,25,6.11e-05
papers_with_code,level2_fine_grained,Chart Question Answering,25,6.11e-05
papers_with_code,level2_fine_grained,Music Genre Classification,25,6.11e-05
papers_with_code,level2_fine_grained,Document Image Classification,25,6.11e-05
papers_with_code,level2_fine_grained,Underwater Image Restoration,25,6.11e-05
papers_with_code,level2_fine_grained,Weakly Supervised Classification,25,6.11e-05
papers_with_code,level2_fine_grained,User Simulation,25,6.11e-05
papers_with_code,level2_fine_grained,Automatic Post-Editing,25,6.11e-05
papers_with_code,level2_fine_grained,Multispectral Object Detection,25,6.11e-05
papers_with_code,level2_fine_grained,Font Generation,25,6.11e-05
papers_with_code,level2_fine_grained,Crack Segmentation,25,6.11e-05
papers_with_code,level2_fine_grained,Audio Signal Processing,25,6.11e-05
papers_with_code,level2_fine_grained,Line Segment Detection,25,6.11e-05
papers_with_code,level2_fine_grained,Rgb-T Tracking,25,6.11e-05
papers_with_code,level2_fine_grained,Text Infilling,25,6.11e-05
papers_with_code,level2_fine_grained,Table Detection,25,6.11e-05
papers_with_code,level2_fine_grained,Geophysics,25,6.11e-05
papers_with_code,level2_fine_grained,Generalizable Person Re-identification,25,6.11e-05
papers_with_code,level2_fine_grained,Occlusion Handling,25,6.11e-05
papers_with_code,level2_fine_grained,Dynamic Reconstruction,25,6.11e-05
papers_with_code,level2_fine_grained,3D Face Animation,25,6.11e-05
papers_with_code,level2_fine_grained,3D Single Object Tracking,25,6.11e-05
papers_with_code,level2_fine_grained,Zero-Shot Composed Image Retrieval (ZS-CIR),25,6.11e-05
papers_with_code,level2_fine_grained,Text-to-Music Generation,25,6.11e-05
papers_with_code,level2_fine_grained,Image Comprehension,25,6.11e-05
papers_with_code,level2_fine_grained,Reasoning Segmentation,25,6.11e-05
papers_with_code,level2_fine_grained,Learning Word Embeddings,24,5.865e-05
papers_with_code,level2_fine_grained,Eeg Decoding,24,5.865e-05
papers_with_code,level2_fine_grained,Variational Monte Carlo,24,5.865e-05
papers_with_code,level2_fine_grained,Program induction,24,5.865e-05
papers_with_code,level2_fine_grained,Sleep Stage Detection,24,5.865e-05
papers_with_code,level2_fine_grained,Goal-Oriented Dialog,24,5.865e-05
papers_with_code,level2_fine_grained,Document Embedding,24,5.865e-05
papers_with_code,level2_fine_grained,Iris Recognition,24,5.865e-05
papers_with_code,level2_fine_grained,Music Modeling,24,5.865e-05
papers_with_code,level2_fine_grained,Layout-to-Image Generation,24,5.865e-05
papers_with_code,level2_fine_grained,Real-Time Strategy Games,24,5.865e-05
papers_with_code,level2_fine_grained,Image-Based Localization,24,5.865e-05
papers_with_code,level2_fine_grained,Novel Object Detection,24,5.865e-05
papers_with_code,level2_fine_grained,Low Resource Neural Machine Translation,24,5.865e-05
papers_with_code,level2_fine_grained,SQL Parsing,24,5.865e-05
papers_with_code,level2_fine_grained,Copy Detection,24,5.865e-05
papers_with_code,level2_fine_grained,Change detection for remote sensing images,24,5.865e-05
papers_with_code,level2_fine_grained,Person Identification,24,5.865e-05
papers_with_code,level2_fine_grained,3D Lane Detection,24,5.865e-05
papers_with_code,level2_fine_grained,Image Shadow Removal,24,5.865e-05
papers_with_code,level2_fine_grained,FAD,24,5.865e-05
papers_with_code,level2_fine_grained,scoring rule,24,5.865e-05
papers_with_code,level2_fine_grained,Document AI,24,5.865e-05
papers_with_code,level2_fine_grained,Autonomous Racing,24,5.865e-05
papers_with_code,level2_fine_grained,Face Image Quality Assessment,24,5.865e-05
papers_with_code,level2_fine_grained,audio-visual learning,24,5.865e-05
papers_with_code,level2_fine_grained,Reconstruction Attack,24,5.865e-05
papers_with_code,level2_fine_grained,Universal Segmentation,24,5.865e-05
papers_with_code,level2_fine_grained,Task Arithmetic,24,5.865e-05
papers_with_code,level2_fine_grained,Robust Face Recognition,23,5.621e-05
papers_with_code,level2_fine_grained,Grounded language learning,23,5.621e-05
papers_with_code,level2_fine_grained,Dialogue Act Classification,23,5.621e-05
papers_with_code,level2_fine_grained,Human Dynamics,23,5.621e-05
papers_with_code,level2_fine_grained,Image Deconvolution,23,5.621e-05
papers_with_code,level2_fine_grained,Motion Detection,23,5.621e-05
papers_with_code,level2_fine_grained,Histopathological Image Classification,23,5.621e-05
papers_with_code,level2_fine_grained,Robot Task Planning,23,5.621e-05
papers_with_code,level2_fine_grained,Semi-Supervised Text Classification,23,5.621e-05
papers_with_code,level2_fine_grained,Triple Classification,23,5.621e-05
papers_with_code,level2_fine_grained,HDR Reconstruction,23,5.621e-05
papers_with_code,level2_fine_grained,Music Classification,23,5.621e-05
papers_with_code,level2_fine_grained,Layout Design,23,5.621e-05
papers_with_code,level2_fine_grained,Rumour Detection,23,5.621e-05
papers_with_code,level2_fine_grained,Facial Inpainting,23,5.621e-05
papers_with_code,level2_fine_grained,Spoken Dialogue Systems,23,5.621e-05
papers_with_code,level2_fine_grained,Card Games,23,5.621e-05
papers_with_code,level2_fine_grained,Image Outpainting,23,5.621e-05
papers_with_code,level2_fine_grained,Table annotation,23,5.621e-05
papers_with_code,level2_fine_grained,Unsupervised Object Segmentation,23,5.621e-05
papers_with_code,level2_fine_grained,Object Rearrangement,23,5.621e-05
papers_with_code,level2_fine_grained,Occluded Person Re-Identification,23,5.621e-05
papers_with_code,level2_fine_grained,Inductive Link Prediction,23,5.621e-05
papers_with_code,level2_fine_grained,Causal Language Modeling,23,5.621e-05
papers_with_code,level2_fine_grained,Face Image Quality,23,5.621e-05
papers_with_code,level2_fine_grained,Knowledge Probing,23,5.621e-05
papers_with_code,level2_fine_grained,Complex Query Answering,22,5.377e-05
papers_with_code,level2_fine_grained,Music Tagging,22,5.377e-05
papers_with_code,level2_fine_grained,Image Morphing,22,5.377e-05
papers_with_code,level2_fine_grained,Car Racing,22,5.377e-05
papers_with_code,level2_fine_grained,Gender Prediction,22,5.377e-05
papers_with_code,level2_fine_grained,Feature Upsampling,22,5.377e-05
papers_with_code,level2_fine_grained,Sand,22,5.377e-05
papers_with_code,level2_fine_grained,Automated Feature Engineering,22,5.377e-05
papers_with_code,level2_fine_grained,Dense Object Detection,22,5.377e-05
papers_with_code,level2_fine_grained,Review Generation,22,5.377e-05
papers_with_code,level2_fine_grained,Interpretability Techniques for Deep Learning,22,5.377e-05
papers_with_code,level2_fine_grained,Entity Extraction using GAN,22,5.377e-05
papers_with_code,level2_fine_grained,Comment Generation,22,5.377e-05
papers_with_code,level2_fine_grained,Camera Relocalization,22,5.377e-05
papers_with_code,level2_fine_grained,Single-step retrosynthesis,22,5.377e-05
papers_with_code,level2_fine_grained,Ordinal Classification,22,5.377e-05
papers_with_code,level2_fine_grained,Face Clustering,22,5.377e-05
papers_with_code,level2_fine_grained,Video Polyp Segmentation,22,5.377e-05
papers_with_code,level2_fine_grained,Multi-target Domain Adaptation,22,5.377e-05
papers_with_code,level2_fine_grained,Sentence segmentation,22,5.377e-05
papers_with_code,level2_fine_grained,Temporal Knowledge Graph Completion,22,5.377e-05
papers_with_code,level2_fine_grained,Sentence-Pair Classification,22,5.377e-05
papers_with_code,level2_fine_grained,Real-time Instance Segmentation,22,5.377e-05
papers_with_code,level2_fine_grained,Face Parsing,22,5.377e-05
papers_with_code,level2_fine_grained,Co-Salient Object Detection,22,5.377e-05
papers_with_code,level2_fine_grained,cognitive diagnosis,22,5.377e-05
papers_with_code,level2_fine_grained,Emotion-Cause Pair Extraction,22,5.377e-05
papers_with_code,level2_fine_grained,Social Navigation,22,5.377e-05
papers_with_code,level2_fine_grained,Zero-Shot Cross-Modal Retrieval,22,5.377e-05
papers_with_code,level2_fine_grained,Algorithmic Trading,22,5.377e-05
papers_with_code,level2_fine_grained,NetHack,22,5.377e-05
papers_with_code,level2_fine_grained,Intent Recognition,22,5.377e-05
papers_with_code,level2_fine_grained,Molecule Captioning,22,5.377e-05
papers_with_code,level2_fine_grained,3D Molecule Generation,22,5.377e-05
papers_with_code,level2_fine_grained,EgoSchema,22,5.377e-05
papers_with_code,level2_fine_grained,Hybrid Machine Learning,21,5.132e-05
papers_with_code,level2_fine_grained,One-Shot Segmentation,21,5.132e-05
papers_with_code,level2_fine_grained,10-shot image generation,21,5.132e-05
papers_with_code,level2_fine_grained,Unsupervised Text Style Transfer,21,5.132e-05
papers_with_code,level2_fine_grained,Video Saliency Detection,21,5.132e-05
papers_with_code,level2_fine_grained,Micro-Expression Recognition,21,5.132e-05
papers_with_code,level2_fine_grained,Sentence Compression,21,5.132e-05
papers_with_code,level2_fine_grained,Deformable Medical Image Registration,21,5.132e-05
papers_with_code,level2_fine_grained,Object Proposal Generation,21,5.132e-05
papers_with_code,level2_fine_grained,Weakly-supervised Video Anomaly Detection,21,5.132e-05
papers_with_code,level2_fine_grained,Facial Action Unit Detection,21,5.132e-05
papers_with_code,level2_fine_grained,Value prediction,21,5.132e-05
papers_with_code,level2_fine_grained,Inverse-Tone-Mapping,21,5.132e-05
papers_with_code,level2_fine_grained,Fault localization,21,5.132e-05
papers_with_code,level2_fine_grained,Pneumonia Detection,21,5.132e-05
papers_with_code,level2_fine_grained,Sentence Ordering,21,5.132e-05
papers_with_code,level2_fine_grained,Length-of-Stay prediction,21,5.132e-05
papers_with_code,level2_fine_grained,Monocular Visual Odometry,21,5.132e-05
papers_with_code,level2_fine_grained,Inference Optimization,21,5.132e-05
papers_with_code,level2_fine_grained,Task and Motion Planning,21,5.132e-05
papers_with_code,level2_fine_grained,Jet Tagging,21,5.132e-05
papers_with_code,level2_fine_grained,Online Action Detection,21,5.132e-05
papers_with_code,level2_fine_grained,3D Face Modelling,21,5.132e-05
papers_with_code,level2_fine_grained,Video deraining,21,5.132e-05
papers_with_code,level2_fine_grained,Crop Classification,21,5.132e-05
papers_with_code,level2_fine_grained,HellaSwag,21,5.132e-05
papers_with_code,level2_fine_grained,Grasp Generation,21,5.132e-05
papers_with_code,level2_fine_grained,Natural Language Moment Retrieval,21,5.132e-05
papers_with_code,level2_fine_grained,Video Panoptic Segmentation,21,5.132e-05
papers_with_code,level2_fine_grained,Integrated sensing and communication,21,5.132e-05
papers_with_code,level2_fine_grained,Speech Dereverberation,20,4.888e-05
papers_with_code,level2_fine_grained,Skull Stripping,20,4.888e-05
papers_with_code,level2_fine_grained,Subjectivity Analysis,20,4.888e-05
papers_with_code,level2_fine_grained,Rotated MNIST,20,4.888e-05
papers_with_code,level2_fine_grained,Humor Detection,20,4.888e-05
papers_with_code,level2_fine_grained,3D Place Recognition,20,4.888e-05
papers_with_code,level2_fine_grained,Material Recognition,20,4.888e-05
papers_with_code,level2_fine_grained,Action Spotting,20,4.888e-05
papers_with_code,level2_fine_grained,Weakly-supervised instance segmentation,20,4.888e-05
papers_with_code,level2_fine_grained,Partial Domain Adaptation,20,4.888e-05
papers_with_code,level2_fine_grained,Caricature,20,4.888e-05
papers_with_code,level2_fine_grained,Cross-corpus,20,4.888e-05
papers_with_code,level2_fine_grained,Multi-Goal Reinforcement Learning,20,4.888e-05
papers_with_code,level2_fine_grained,Vehicle Pose Estimation,20,4.888e-05
papers_with_code,level2_fine_grained,Game of Go,20,4.888e-05
papers_with_code,level2_fine_grained,Semantic Composition,20,4.888e-05
papers_with_code,level2_fine_grained,de novo peptide sequencing,20,4.888e-05
papers_with_code,level2_fine_grained,Room Layout Estimation,20,4.888e-05
papers_with_code,level2_fine_grained,Video Salient Object Detection,20,4.888e-05
papers_with_code,level2_fine_grained,Heart Rate Variability,20,4.888e-05
papers_with_code,level2_fine_grained,Dynamic Link Prediction,20,4.888e-05
papers_with_code,level2_fine_grained,Temporal Information Extraction,20,4.888e-05
papers_with_code,level2_fine_grained,Lexical Simplification,20,4.888e-05
papers_with_code,level2_fine_grained,Implicit Relations,20,4.888e-05
papers_with_code,level2_fine_grained,Multi-Label Image Recognition,20,4.888e-05
papers_with_code,level2_fine_grained,Face Presentation Attack Detection,20,4.888e-05
papers_with_code,level2_fine_grained,GRAPH DOMAIN ADAPTATION,20,4.888e-05
papers_with_code,level2_fine_grained,Structural Health Monitoring,20,4.888e-05
papers_with_code,level2_fine_grained,Exposure Correction,20,4.888e-05
papers_with_code,level2_fine_grained,Self-supervised Skeleton-based Action Recognition,20,4.888e-05
papers_with_code,level2_fine_grained,Intent Discovery,20,4.888e-05
papers_with_code,level2_fine_grained,Drug Response Prediction,20,4.888e-05
papers_with_code,level2_fine_grained,Target Speaker Extraction,20,4.888e-05
papers_with_code,level2_fine_grained,Point Cloud Quality Assessment,20,4.888e-05
papers_with_code,level2_fine_grained,StrategyQA,20,4.888e-05
papers_with_code,level2_fine_grained,Synthetic Image Detection,20,4.888e-05
papers_with_code,level2_fine_grained,Multi-class Anomaly Detection,20,4.888e-05
papers_with_code,level2_fine_grained,Video-based Generative Performance Benchmarking,20,4.888e-05
papers_with_code,level2_fine_grained,image smoothing,19,4.643e-05
papers_with_code,level2_fine_grained,Text-Independent Speaker Verification,19,4.643e-05
papers_with_code,level2_fine_grained,3D Shape Retrieval,19,4.643e-05
papers_with_code,level2_fine_grained,Micro Expression Recognition,19,4.643e-05
papers_with_code,level2_fine_grained,Contour Detection,19,4.643e-05
papers_with_code,level2_fine_grained,Word Sense Induction,19,4.643e-05
papers_with_code,level2_fine_grained,License Plate Detection,19,4.643e-05
papers_with_code,level2_fine_grained,Semantic SLAM,19,4.643e-05
papers_with_code,level2_fine_grained,Sentence Summarization,19,4.643e-05
papers_with_code,level2_fine_grained,Multi Focus Image Fusion,19,4.643e-05
papers_with_code,level2_fine_grained,Point Clouds,19,4.643e-05
papers_with_code,level2_fine_grained,Heterogeneous Treatment Effect Estimation,19,4.643e-05
papers_with_code,level2_fine_grained,SSVEP,19,4.643e-05
papers_with_code,level2_fine_grained,Crop Yield Prediction,19,4.643e-05
papers_with_code,level2_fine_grained,Constituency Grammar Induction,19,4.643e-05
papers_with_code,level2_fine_grained,Image Forgery Detection,19,4.643e-05
papers_with_code,level2_fine_grained,3D Human Shape Estimation,19,4.643e-05
papers_with_code,level2_fine_grained,Multiple Sequence Alignment,19,4.643e-05
papers_with_code,level2_fine_grained,Video Action Detection,19,4.643e-05
papers_with_code,level2_fine_grained,Grammatical Error Detection,19,4.643e-05
papers_with_code,level2_fine_grained,Collaborative Inference,19,4.643e-05
papers_with_code,level2_fine_grained,Head Detection,19,4.643e-05
papers_with_code,level2_fine_grained,Emotional Intelligence,19,4.643e-05
papers_with_code,level2_fine_grained,Formal Logic,19,4.643e-05
papers_with_code,level2_fine_grained,Learning Semantic Representations,19,4.643e-05
papers_with_code,level2_fine_grained,Stereo Disparity Estimation,19,4.643e-05
papers_with_code,level2_fine_grained,set matching,19,4.643e-05
papers_with_code,level2_fine_grained,Precipitation Forecasting,19,4.643e-05
papers_with_code,level2_fine_grained,motion retargeting,19,4.643e-05
papers_with_code,level2_fine_grained,Column Type Annotation,19,4.643e-05
papers_with_code,level2_fine_grained,Passage Re-Ranking,19,4.643e-05
papers_with_code,level2_fine_grained,Concept Alignment,19,4.643e-05
papers_with_code,level2_fine_grained,Sentence Fusion,19,4.643e-05
papers_with_code,level2_fine_grained,Diabetic Retinopathy Grading,19,4.643e-05
papers_with_code,level2_fine_grained,Table-based Fact Verification,19,4.643e-05
papers_with_code,level2_fine_grained,Travel Time Estimation,19,4.643e-05
papers_with_code,level2_fine_grained,Building change detection for remote sensing images,19,4.643e-05
papers_with_code,level2_fine_grained,Classifier calibration,19,4.643e-05
papers_with_code,level2_fine_grained,Punctuation Restoration,19,4.643e-05
papers_with_code,level2_fine_grained,Audio-visual Question Answering,19,4.643e-05
papers_with_code,level2_fine_grained,BEV Segmentation,19,4.643e-05
papers_with_code,level2_fine_grained,Bench2Drive,19,4.643e-05
papers_with_code,level2_fine_grained,zero-shot anomaly detection,19,4.643e-05
papers_with_code,level2_fine_grained,Spatial Interpolation,18,4.399e-05
papers_with_code,level2_fine_grained,Unsupervised Extractive Summarization,18,4.399e-05
papers_with_code,level2_fine_grained,Pancreas Segmentation,18,4.399e-05
papers_with_code,level2_fine_grained,Meeting Summarization,18,4.399e-05
papers_with_code,level2_fine_grained,Facial Attribute Classification,18,4.399e-05
papers_with_code,level2_fine_grained,Metaheuristic Optimization,18,4.399e-05
papers_with_code,level2_fine_grained,Blind Image Deblurring,18,4.399e-05
papers_with_code,level2_fine_grained,Single Image Deblurring,18,4.399e-05
papers_with_code,level2_fine_grained,Weakly-supervised 3D Human Pose Estimation,18,4.399e-05
papers_with_code,level2_fine_grained,Fine-grained Action Recognition,18,4.399e-05
papers_with_code,level2_fine_grained,Gaze Prediction,18,4.399e-05
papers_with_code,level2_fine_grained,Unsupervised Video Summarization,18,4.399e-05
papers_with_code,level2_fine_grained,Problem Decomposition,18,4.399e-05
papers_with_code,level2_fine_grained,Multilingual Word Embeddings,18,4.399e-05
papers_with_code,level2_fine_grained,Computer Security,18,4.399e-05
papers_with_code,level2_fine_grained,Text Compression,18,4.399e-05
papers_with_code,level2_fine_grained,Short Text Clustering,18,4.399e-05
papers_with_code,level2_fine_grained,Question Selection,18,4.399e-05
papers_with_code,level2_fine_grained,Group Activity Recognition,18,4.399e-05
papers_with_code,level2_fine_grained,Bandwidth Extension,18,4.399e-05
papers_with_code,level2_fine_grained,Dynamic Facial Expression Recognition,18,4.399e-05
papers_with_code,level2_fine_grained,Multi-modal Recommendation,18,4.399e-05
papers_with_code,level2_fine_grained,Fire Detection,18,4.399e-05
papers_with_code,level2_fine_grained,Script Generation,18,4.399e-05
papers_with_code,level2_fine_grained,Room Impulse Response (RIR),18,4.399e-05
papers_with_code,level2_fine_grained,Resynthesis,18,4.399e-05
papers_with_code,level2_fine_grained,Non-Intrusive Load Monitoring,18,4.399e-05
papers_with_code,level2_fine_grained,Weakly-supervised Anomaly Detection,18,4.399e-05
papers_with_code,level2_fine_grained,hand-object pose,18,4.399e-05
papers_with_code,level2_fine_grained,Hierarchical Multi-label Classification,18,4.399e-05
papers_with_code,level2_fine_grained,Snow Removal,18,4.399e-05
papers_with_code,level2_fine_grained,Lighting Estimation,18,4.399e-05
papers_with_code,level2_fine_grained,Long-tailed Object Detection,18,4.399e-05
papers_with_code,level2_fine_grained,Query-focused Summarization,18,4.399e-05
papers_with_code,level2_fine_grained,Text based Person Search,18,4.399e-05
papers_with_code,level2_fine_grained,Financial Analysis,18,4.399e-05
papers_with_code,level2_fine_grained,Toxic Spans Detection,18,4.399e-05
papers_with_code,level2_fine_grained,3D Anomaly Detection,18,4.399e-05
papers_with_code,level2_fine_grained,Brain Image Segmentation,17,4.155e-05
papers_with_code,level2_fine_grained,Multiview Learning,17,4.155e-05
papers_with_code,level2_fine_grained,Lexical Entailment,17,4.155e-05
papers_with_code,level2_fine_grained,Reverse Dictionary,17,4.155e-05
papers_with_code,level2_fine_grained,distortion correction,17,4.155e-05
papers_with_code,level2_fine_grained,Rubik's Cube,17,4.155e-05
papers_with_code,level2_fine_grained,Question Similarity,17,4.155e-05
papers_with_code,level2_fine_grained,Multi-view Subspace Clustering,17,4.155e-05
papers_with_code,level2_fine_grained,ListOps,17,4.155e-05
papers_with_code,level2_fine_grained,Viewpoint Estimation,17,4.155e-05
papers_with_code,level2_fine_grained,3D Point Cloud Linear Classification,17,4.155e-05
papers_with_code,level2_fine_grained,inverse tone mapping,17,4.155e-05
papers_with_code,level2_fine_grained,Supervised dimensionality reduction,17,4.155e-05
papers_with_code,level2_fine_grained,Image Attribution,17,4.155e-05
papers_with_code,level2_fine_grained,Subgroup Discovery,17,4.155e-05
papers_with_code,level2_fine_grained,Robust 3D Semantic Segmentation,17,4.155e-05
papers_with_code,level2_fine_grained,Artifact Detection,17,4.155e-05
papers_with_code,level2_fine_grained,Cross-Lingual Natural Language Inference,17,4.155e-05
papers_with_code,level2_fine_grained,Hand Detection,17,4.155e-05
papers_with_code,level2_fine_grained,Pharmacovigilance,17,4.155e-05
papers_with_code,level2_fine_grained,Conversational Response Generation,17,4.155e-05
papers_with_code,level2_fine_grained,Holdout Set,17,4.155e-05
papers_with_code,level2_fine_grained,Satellite Image Classification,17,4.155e-05
papers_with_code,level2_fine_grained,Morphology classification,17,4.155e-05
papers_with_code,level2_fine_grained,Fake Image Detection,17,4.155e-05
papers_with_code,level2_fine_grained,Quantitative MRI,17,4.155e-05
papers_with_code,level2_fine_grained,Trajectory Modeling,17,4.155e-05
papers_with_code,level2_fine_grained,KG-to-Text Generation,17,4.155e-05
papers_with_code,level2_fine_grained,Pathfinder,17,4.155e-05
papers_with_code,level2_fine_grained,Sleep Quality,17,4.155e-05
papers_with_code,level2_fine_grained,Document Level Machine Translation,17,4.155e-05
papers_with_code,level2_fine_grained,Document-level Event Extraction,17,4.155e-05
papers_with_code,level2_fine_grained,Direction of Arrival Estimation,17,4.155e-05
papers_with_code,level2_fine_grained,Fracture detection,17,4.155e-05
papers_with_code,level2_fine_grained,Multi-Exposure Image Fusion,17,4.155e-05
papers_with_code,level2_fine_grained,Android Malware Detection,17,4.155e-05
papers_with_code,level2_fine_grained,Bird's-Eye View Semantic Segmentation,17,4.155e-05
papers_with_code,level2_fine_grained,Continual Semantic Segmentation,17,4.155e-05
papers_with_code,level2_fine_grained,Audio Compression,17,4.155e-05
papers_with_code,level2_fine_grained,Incomplete multi-view clustering,17,4.155e-05
papers_with_code,level2_fine_grained,Zero-shot Image Retrieval,17,4.155e-05
papers_with_code,level2_fine_grained,3D Question Answering (3D-QA),17,4.155e-05
papers_with_code,level2_fine_grained,Robot Manipulation Generalization,17,4.155e-05
papers_with_code,level2_fine_grained,Person Recognition,16,3.91e-05
papers_with_code,level2_fine_grained,Temporal Action Proposal Generation,16,3.91e-05
papers_with_code,level2_fine_grained,Age And Gender Classification,16,3.91e-05
papers_with_code,level2_fine_grained,Attribute Value Extraction,16,3.91e-05
papers_with_code,level2_fine_grained,Multilingual text classification,16,3.91e-05
papers_with_code,level2_fine_grained,Ingenuity,16,3.91e-05
papers_with_code,level2_fine_grained,Abstractive Dialogue Summarization,16,3.91e-05
papers_with_code,level2_fine_grained,AMR-to-Text Generation,16,3.91e-05
papers_with_code,level2_fine_grained,Traffic Sign Detection,16,3.91e-05
papers_with_code,level2_fine_grained,Atrial Fibrillation Detection,16,3.91e-05
papers_with_code,level2_fine_grained,Diabetic Retinopathy Detection,16,3.91e-05
papers_with_code,level2_fine_grained,rllib,16,3.91e-05
papers_with_code,level2_fine_grained,Action Unit Detection,16,3.91e-05
papers_with_code,level2_fine_grained,Dense Pixel Correspondence Estimation,16,3.91e-05
papers_with_code,level2_fine_grained,Image Matching,16,3.91e-05
papers_with_code,level2_fine_grained,tensor algebra,16,3.91e-05
papers_with_code,level2_fine_grained,Industrial Robots,16,3.91e-05
papers_with_code,level2_fine_grained,Parameter Prediction,16,3.91e-05
papers_with_code,level2_fine_grained,Photo Retouching,16,3.91e-05
papers_with_code,level2_fine_grained,Spike Sorting,16,3.91e-05
papers_with_code,level2_fine_grained,Deformable Object Manipulation,16,3.91e-05
papers_with_code,level2_fine_grained,Reference-based Super-Resolution,16,3.91e-05
papers_with_code,level2_fine_grained,Multi-Frame Super-Resolution,16,3.91e-05
papers_with_code,level2_fine_grained,Distractor Generation,16,3.91e-05
papers_with_code,level2_fine_grained,Lung Cancer Diagnosis,16,3.91e-05
papers_with_code,level2_fine_grained,Robust 3D Object Detection,16,3.91e-05
papers_with_code,level2_fine_grained,Discrete Choice Models,16,3.91e-05
papers_with_code,level2_fine_grained,Log Parsing,16,3.91e-05
papers_with_code,level2_fine_grained,Seismic Imaging,16,3.91e-05
papers_with_code,level2_fine_grained,Atari Games 100k,16,3.91e-05
papers_with_code,level2_fine_grained,Adversarial Attack Detection,16,3.91e-05
papers_with_code,level2_fine_grained,Image Manipulation Localization,16,3.91e-05
papers_with_code,level2_fine_grained,Data Free Quantization,16,3.91e-05
papers_with_code,level2_fine_grained,Temporal Sentence Grounding,16,3.91e-05
papers_with_code,level2_fine_grained,Space-time Video Super-resolution,16,3.91e-05
papers_with_code,level2_fine_grained,Video-based Generative Performance Benchmarking (Contextual Understanding),16,3.91e-05
papers_with_code,level2_fine_grained,Unbiased Scene Graph Generation,16,3.91e-05
papers_with_code,level2_fine_grained,Zero-Shot Transfer Image Classification,16,3.91e-05
papers_with_code,level2_fine_grained,Class-Incremental Semantic Segmentation,16,3.91e-05
papers_with_code,level2_fine_grained,few-shot-ner,16,3.91e-05
papers_with_code,level2_fine_grained,Physical Intuition,15,3.666e-05
papers_with_code,level2_fine_grained,User Identification,15,3.666e-05
papers_with_code,level2_fine_grained,Material Classification,15,3.666e-05
papers_with_code,level2_fine_grained,Lung Nodule Segmentation,15,3.666e-05
papers_with_code,level2_fine_grained,Multi-label zero-shot learning,15,3.666e-05
papers_with_code,level2_fine_grained,Point Cloud Retrieval,15,3.666e-05
papers_with_code,level2_fine_grained,Coherence Evaluation,15,3.666e-05
papers_with_code,level2_fine_grained,Recipe Generation,15,3.666e-05
papers_with_code,level2_fine_grained,Multi-Object Tracking and Segmentation,15,3.666e-05
papers_with_code,level2_fine_grained,Spectral Graph Clustering,15,3.666e-05
papers_with_code,level2_fine_grained,Human Part Segmentation,15,3.666e-05
papers_with_code,level2_fine_grained,Amodal Instance Segmentation,15,3.666e-05
papers_with_code,level2_fine_grained,Medical Code Prediction,15,3.666e-05
papers_with_code,level2_fine_grained,Segmentation Of Remote Sensing Imagery,15,3.666e-05
papers_with_code,level2_fine_grained,Stock Trend Prediction,15,3.666e-05
papers_with_code,level2_fine_grained,Early Classification,15,3.666e-05
papers_with_code,level2_fine_grained,Music Auto-Tagging,15,3.666e-05
papers_with_code,level2_fine_grained,Road Damage Detection,15,3.666e-05
papers_with_code,level2_fine_grained,Grapheme-to-Phoneme Conversion,15,3.666e-05
papers_with_code,level2_fine_grained,Audio Super-Resolution,15,3.666e-05
papers_with_code,level2_fine_grained,Symmetry Detection,15,3.666e-05
papers_with_code,level2_fine_grained,Missing Elements,15,3.666e-05
papers_with_code,level2_fine_grained,Dynamic neural networks,15,3.666e-05
papers_with_code,level2_fine_grained,Permuted-MNIST,15,3.666e-05
papers_with_code,level2_fine_grained,Multilingual Named Entity Recognition,15,3.666e-05
papers_with_code,level2_fine_grained,3D Shape Recognition,15,3.666e-05
papers_with_code,level2_fine_grained,LAMBADA,15,3.666e-05
papers_with_code,level2_fine_grained,Video Style Transfer,15,3.666e-05
papers_with_code,level2_fine_grained,Building Damage Assessment,15,3.666e-05
papers_with_code,level2_fine_grained,Document Translation,15,3.666e-05
papers_with_code,level2_fine_grained,Code Classification,15,3.666e-05
papers_with_code,level2_fine_grained,open-set classification,15,3.666e-05
papers_with_code,level2_fine_grained,Document Shadow Removal,15,3.666e-05
papers_with_code,level2_fine_grained,Iris Segmentation,15,3.666e-05
papers_with_code,level2_fine_grained,Low Resource Named Entity Recognition,15,3.666e-05
papers_with_code,level2_fine_grained,Zero-Shot Video Object Segmentation,15,3.666e-05
papers_with_code,level2_fine_grained,PointGoal Navigation,15,3.666e-05
papers_with_code,level2_fine_grained,Voice Anti-spoofing,15,3.666e-05
papers_with_code,level2_fine_grained,Drone navigation,15,3.666e-05
papers_with_code,level2_fine_grained,Table Retrieval,15,3.666e-05
papers_with_code,level2_fine_grained,Time-to-Event Prediction,15,3.666e-05
papers_with_code,level2_fine_grained,Method name prediction,15,3.666e-05
papers_with_code,level2_fine_grained,Behavioural cloning,15,3.666e-05
papers_with_code,level2_fine_grained,Unsupervised Few-Shot Image Classification,15,3.666e-05
papers_with_code,level2_fine_grained,Question Rewriting,15,3.666e-05
papers_with_code,level2_fine_grained,Self-supervised Scene Flow Estimation,15,3.666e-05
papers_with_code,level2_fine_grained,Table Extraction,15,3.666e-05
papers_with_code,level2_fine_grained,Propaganda detection,15,3.666e-05
papers_with_code,level2_fine_grained,Audio-Visual Question Answering (AVQA),15,3.666e-05
papers_with_code,level2_fine_grained,Garment Reconstruction,15,3.666e-05
papers_with_code,level2_fine_grained,Science Question Answering,15,3.666e-05
papers_with_code,level2_fine_grained,Ontology Embedding,15,3.666e-05
papers_with_code,level2_fine_grained,Point Cloud Pre-training,15,3.666e-05
papers_with_code,level2_fine_grained,Multimedia recommendation,15,3.666e-05
papers_with_code,level2_fine_grained,Flare Removal,15,3.666e-05
papers_with_code,level2_fine_grained,Contact Detection,15,3.666e-05
papers_with_code,level2_fine_grained,Multi-Instance Retrieval,15,3.666e-05
papers_with_code,level2_fine_grained,Multi-modal Knowledge Graph,15,3.666e-05
papers_with_code,level2_fine_grained,3D Semantic Occupancy Prediction,15,3.666e-05
papers_with_code,level2_fine_grained,Video-based Generative Performance Benchmarking (Consistency),15,3.666e-05
papers_with_code,level2_fine_grained,Video-based Generative Performance Benchmarking (Correctness of Information),15,3.666e-05
papers_with_code,level2_fine_grained,Video-based Generative Performance Benchmarking (Detail Orientation)),15,3.666e-05
papers_with_code,level2_fine_grained,Video-based Generative Performance Benchmarking (Temporal Understanding),15,3.666e-05
papers_with_code,level2_fine_grained,MVBench,15,3.666e-05
papers_with_code,level2_fine_grained,Video MME,15,3.666e-05
papers_with_code,level2_fine_grained,Landmark Recognition,14,3.421e-05
papers_with_code,level2_fine_grained,Depth And Camera Motion,14,3.421e-05
papers_with_code,level2_fine_grained,Medical Named Entity Recognition,14,3.421e-05
papers_with_code,level2_fine_grained,Aerial Scene Classification,14,3.421e-05
papers_with_code,level2_fine_grained,Ontology Matching,14,3.421e-05
papers_with_code,level2_fine_grained,Traffic Data Imputation,14,3.421e-05
papers_with_code,level2_fine_grained,Automatic Sleep Stage Classification,14,3.421e-05
papers_with_code,level2_fine_grained,Semantic Dependency Parsing,14,3.421e-05
papers_with_code,level2_fine_grained,Image Similarity Search,14,3.421e-05
papers_with_code,level2_fine_grained,Multimodal Unsupervised Image-To-Image Translation,14,3.421e-05
papers_with_code,level2_fine_grained,Egocentric Activity Recognition,14,3.421e-05
papers_with_code,level2_fine_grained,Transfer Reinforcement Learning,14,3.421e-05
papers_with_code,level2_fine_grained,Panoptic Scene Graph Generation,14,3.421e-05
papers_with_code,level2_fine_grained,Author Profiling,14,3.421e-05
papers_with_code,level2_fine_grained,Zero-shot Text Search,14,3.421e-05
papers_with_code,level2_fine_grained,Heterogeneous Node Classification,14,3.421e-05
papers_with_code,level2_fine_grained,Full reference image quality assessment,14,3.421e-05
papers_with_code,level2_fine_grained,Embodied Question Answering,14,3.421e-05
papers_with_code,level2_fine_grained,Video Saliency Prediction,14,3.421e-05
papers_with_code,level2_fine_grained,Low-rank compression,14,3.421e-05
papers_with_code,level2_fine_grained,Twitter Sentiment Analysis,14,3.421e-05
papers_with_code,level2_fine_grained,Spatio-Temporal Action Localization,14,3.421e-05
papers_with_code,level2_fine_grained,Game Design,14,3.421e-05
papers_with_code,level2_fine_grained,Action Analysis,14,3.421e-05
papers_with_code,level2_fine_grained,Multiview Detection,14,3.421e-05
papers_with_code,level2_fine_grained,Medical Image Retrieval,14,3.421e-05
papers_with_code,level2_fine_grained,Skin Cancer Classification,14,3.421e-05
papers_with_code,level2_fine_grained,Video Similarity,14,3.421e-05
papers_with_code,level2_fine_grained,Diachronic Word Embeddings,14,3.421e-05
papers_with_code,level2_fine_grained,Moving Object Detection,14,3.421e-05
papers_with_code,level2_fine_grained,Robust Design,14,3.421e-05
papers_with_code,level2_fine_grained,EEG Emotion Recognition,14,3.421e-05
papers_with_code,level2_fine_grained,subspace methods,14,3.421e-05
papers_with_code,level2_fine_grained,Inductive knowledge graph completion,14,3.421e-05
papers_with_code,level2_fine_grained,Multi-target regression,14,3.421e-05
papers_with_code,level2_fine_grained,Linear Mode Connectivity,14,3.421e-05
papers_with_code,level2_fine_grained,Cross-Domain Few-Shot Object Detection,14,3.421e-05
papers_with_code,level2_fine_grained,Event-based Optical Flow,14,3.421e-05
papers_with_code,level2_fine_grained,Generalizable Novel View Synthesis,14,3.421e-05
papers_with_code,level2_fine_grained,Code Repair,14,3.421e-05
papers_with_code,level2_fine_grained,Multi-modal Entity Alignment,14,3.421e-05
papers_with_code,level2_fine_grained,Video Matting,14,3.421e-05
papers_with_code,level2_fine_grained,tabular-regression,14,3.421e-05
papers_with_code,level2_fine_grained,Composed Image Retrieval (CoIR),14,3.421e-05
papers_with_code,level2_fine_grained,Text-based Person Retrieval,14,3.421e-05
papers_with_code,level2_fine_grained,Cross-modal retrieval with noisy correspondence,14,3.421e-05
papers_with_code,level2_fine_grained,Unsupervised Semantic Segmentation with Language-image Pre-training,14,3.421e-05
papers_with_code,level2_fine_grained,Logical Fallacies,14,3.421e-05
papers_with_code,level2_fine_grained,NavSim,14,3.421e-05
papers_with_code,level2_fine_grained,Diffusion Personalization,14,3.421e-05
papers_with_code,level2_fine_grained,Semantic Compression,14,3.421e-05
papers_with_code,level2_fine_grained,visual instruction following,14,3.421e-05
papers_with_code,level2_fine_grained,Unsupervised Facial Landmark Detection,13,3.177e-05
papers_with_code,level2_fine_grained,3D Shape Modeling,13,3.177e-05
papers_with_code,level2_fine_grained,Toxic Comment Classification,13,3.177e-05
papers_with_code,level2_fine_grained,Handwritten Mathmatical Expression Recognition,13,3.177e-05
papers_with_code,level2_fine_grained,Lung Nodule Detection,13,3.177e-05
papers_with_code,level2_fine_grained,Cross-Lingual Information Retrieval,13,3.177e-05
papers_with_code,level2_fine_grained,Unsupervised Human Pose Estimation,13,3.177e-05
papers_with_code,level2_fine_grained,Abnormal Event Detection In Video,13,3.177e-05
papers_with_code,level2_fine_grained,Expressive Speech Synthesis,13,3.177e-05
papers_with_code,level2_fine_grained,audio-visual event localization,13,3.177e-05
papers_with_code,level2_fine_grained,Anatomical Landmark Detection,13,3.177e-05
papers_with_code,level2_fine_grained,Affordance Detection,13,3.177e-05
papers_with_code,level2_fine_grained,Art Analysis,13,3.177e-05
papers_with_code,level2_fine_grained,Nuclear Segmentation,13,3.177e-05
papers_with_code,level2_fine_grained,Supervised Only 3D Point Cloud Classification,13,3.177e-05
papers_with_code,level2_fine_grained,Multi-Hypotheses 3D Human Pose Estimation,13,3.177e-05
papers_with_code,level2_fine_grained,Full-Reference Image Quality Assessment,13,3.177e-05
papers_with_code,level2_fine_grained,Beat Tracking,13,3.177e-05
papers_with_code,level2_fine_grained,Lexical Normalization,13,3.177e-05
papers_with_code,level2_fine_grained,Dota 2,13,3.177e-05
papers_with_code,level2_fine_grained,Scanpath prediction,13,3.177e-05
papers_with_code,level2_fine_grained,Spoken language identification,13,3.177e-05
papers_with_code,level2_fine_grained,Portrait Animation,13,3.177e-05
papers_with_code,level2_fine_grained,Goal-Oriented Dialogue Systems,13,3.177e-05
papers_with_code,level2_fine_grained,Speaker Separation,13,3.177e-05
papers_with_code,level2_fine_grained,RGBD Semantic Segmentation,13,3.177e-05
papers_with_code,level2_fine_grained,Extreme Summarization,13,3.177e-05
papers_with_code,level2_fine_grained,Protein Secondary Structure Prediction,13,3.177e-05
papers_with_code,level2_fine_grained,Learning to Execute,13,3.177e-05
papers_with_code,level2_fine_grained,3D Point Cloud Reconstruction,13,3.177e-05
papers_with_code,level2_fine_grained,Electron Tomography,13,3.177e-05
papers_with_code,level2_fine_grained,Cryogenic Electron Microscopy (cryo-EM),13,3.177e-05
papers_with_code,level2_fine_grained,Scene Change Detection,13,3.177e-05
papers_with_code,level2_fine_grained,PAC learning,13,3.177e-05
papers_with_code,level2_fine_grained,Audio-Visual Active Speaker Detection,13,3.177e-05
papers_with_code,level2_fine_grained,Stereo Image Super-Resolution,13,3.177e-05
papers_with_code,level2_fine_grained,Metal Artifact Reduction,13,3.177e-05
papers_with_code,level2_fine_grained,Causal Identification,13,3.177e-05
papers_with_code,level2_fine_grained,Real-World Adversarial Attack,13,3.177e-05
papers_with_code,level2_fine_grained,Box-supervised Instance Segmentation,13,3.177e-05
papers_with_code,level2_fine_grained,Unsupervised Few-Shot Learning,13,3.177e-05
papers_with_code,level2_fine_grained,Taxonomy Expansion,13,3.177e-05
papers_with_code,level2_fine_grained,Dialog Relation Extraction,13,3.177e-05
papers_with_code,level2_fine_grained,Conversation Summarization,13,3.177e-05
papers_with_code,level2_fine_grained,CARLA longest6,13,3.177e-05
papers_with_code,level2_fine_grained,Text to Audio Retrieval,13,3.177e-05
papers_with_code,level2_fine_grained,Long Term Action Anticipation,13,3.177e-05
papers_with_code,level2_fine_grained,Moment Queries,13,3.177e-05
papers_with_code,level2_fine_grained,Event Causality Identification,13,3.177e-05
papers_with_code,level2_fine_grained,In-Context Reinforcement Learning,13,3.177e-05
papers_with_code,level2_fine_grained,MM-Vet,13,3.177e-05
papers_with_code,level2_fine_grained,Lightweight Face Recognition,12,2.933e-05
papers_with_code,level2_fine_grained,3D Face Alignment,12,2.933e-05
papers_with_code,level2_fine_grained,Decipherment,12,2.933e-05
papers_with_code,level2_fine_grained,Hyperspectral image analysis,12,2.933e-05
papers_with_code,level2_fine_grained,Image Categorization,12,2.933e-05
papers_with_code,level2_fine_grained,Cross-Lingual Document Classification,12,2.933e-05
papers_with_code,level2_fine_grained,Raindrop Removal,12,2.933e-05
papers_with_code,level2_fine_grained,Split and Rephrase,12,2.933e-05
papers_with_code,level2_fine_grained,Mitosis Detection,12,2.933e-05
papers_with_code,level2_fine_grained,Foveation,12,2.933e-05
papers_with_code,level2_fine_grained,Aesthetics Quality Assessment,12,2.933e-05
papers_with_code,level2_fine_grained,Source Free Object Detection,12,2.933e-05
papers_with_code,level2_fine_grained,Link Property Prediction,12,2.933e-05
papers_with_code,level2_fine_grained,Sketch Recognition,12,2.933e-05
papers_with_code,level2_fine_grained,Motion Magnification,12,2.933e-05
papers_with_code,level2_fine_grained,Breast Cancer Histology Image Classification,12,2.933e-05
papers_with_code,level2_fine_grained,3D Multi-Person Pose Estimation (absolute),12,2.933e-05
papers_with_code,level2_fine_grained,ICU Admission,12,2.933e-05
papers_with_code,level2_fine_grained,Extractive Document Summarization,12,2.933e-05
papers_with_code,level2_fine_grained,Supervised Video Summarization,12,2.933e-05
papers_with_code,level2_fine_grained,FPS Games,12,2.933e-05
papers_with_code,level2_fine_grained,document-image-classification,12,2.933e-05
papers_with_code,level2_fine_grained,Handwriting generation,12,2.933e-05
papers_with_code,level2_fine_grained,Multimodal Activity Recognition,12,2.933e-05
papers_with_code,level2_fine_grained,Drug–drug Interaction Extraction,12,2.933e-05
papers_with_code,level2_fine_grained,3D Depth Estimation,12,2.933e-05
papers_with_code,level2_fine_grained,Facial Editing,12,2.933e-05
papers_with_code,level2_fine_grained,Crime Prediction,12,2.933e-05
papers_with_code,level2_fine_grained,Generative Question Answering,12,2.933e-05
papers_with_code,level2_fine_grained,Photo geolocation estimation,12,2.933e-05
papers_with_code,level2_fine_grained,Discourse Segmentation,12,2.933e-05
papers_with_code,level2_fine_grained,Image Compressed Sensing,12,2.933e-05
papers_with_code,level2_fine_grained,Face Hallucination,12,2.933e-05
papers_with_code,level2_fine_grained,Binary text classification,12,2.933e-05
papers_with_code,level2_fine_grained,Multi-modal Classification,12,2.933e-05
papers_with_code,level2_fine_grained,Audio inpainting,12,2.933e-05
papers_with_code,level2_fine_grained,3D Object Detection From Monocular Images,12,2.933e-05
papers_with_code,level2_fine_grained,Aspect Category Detection,12,2.933e-05
papers_with_code,level2_fine_grained,3D Object Detection From Stereo Images,12,2.933e-05
papers_with_code,level2_fine_grained,Local Distortion,12,2.933e-05
papers_with_code,level2_fine_grained,Appearance Transfer,12,2.933e-05
papers_with_code,level2_fine_grained,3D Multi-Person Mesh Recovery,12,2.933e-05
papers_with_code,level2_fine_grained,Unsupervised Image Registration,12,2.933e-05
papers_with_code,level2_fine_grained,Emotion Cause Extraction,12,2.933e-05
papers_with_code,level2_fine_grained,Human Animation,12,2.933e-05
papers_with_code,level2_fine_grained,JPEG Artifact Removal,12,2.933e-05
papers_with_code,level2_fine_grained,Winogrande,12,2.933e-05
papers_with_code,level2_fine_grained,News Generation,12,2.933e-05
papers_with_code,level2_fine_grained,Cross-Lingual Question Answering,12,2.933e-05
papers_with_code,level2_fine_grained,Hardware Aware Neural Architecture Search,12,2.933e-05
papers_with_code,level2_fine_grained,Unsupervised Object Detection,12,2.933e-05
papers_with_code,level2_fine_grained,Question-Answer-Generation,12,2.933e-05
papers_with_code,level2_fine_grained,Arousal Estimation,12,2.933e-05
papers_with_code,level2_fine_grained,Humanoid Control,12,2.933e-05
papers_with_code,level2_fine_grained,Odd One Out,12,2.933e-05
papers_with_code,level2_fine_grained,Acoustic echo cancellation,12,2.933e-05
papers_with_code,level2_fine_grained,Raspberry Pi 4,12,2.933e-05
papers_with_code,level2_fine_grained,Synthetic Speech Detection,12,2.933e-05
papers_with_code,level2_fine_grained,Open Vocabulary Attribute Detection,12,2.933e-05
papers_with_code,level2_fine_grained,Semantic entity labeling,12,2.933e-05
papers_with_code,level2_fine_grained,Generic Event Boundary Detection,12,2.933e-05
papers_with_code,level2_fine_grained,Open-World Semi-Supervised Learning,12,2.933e-05
papers_with_code,level2_fine_grained,Text-to-Code Generation,12,2.933e-05
papers_with_code,level2_fine_grained,Cloth-Changing Person Re-Identification,12,2.933e-05
papers_with_code,level2_fine_grained,Geometry Problem Solving,12,2.933e-05
papers_with_code,level2_fine_grained,Open Vocabulary Panoptic Segmentation,12,2.933e-05
papers_with_code,level2_fine_grained,Zero-shot 3D classification,12,2.933e-05
papers_with_code,level2_fine_grained,Blind Docking,12,2.933e-05
papers_with_code,level2_fine_grained,3D dense captioning,12,2.933e-05
papers_with_code,level2_fine_grained,TGIF-Frame,12,2.933e-05
papers_with_code,level2_fine_grained,Text-based de novo Molecule Generation,12,2.933e-05
papers_with_code,level2_fine_grained,Gloss-free Sign Language Translation,12,2.933e-05
papers_with_code,level2_fine_grained,medical image detection,12,2.933e-05
papers_with_code,level2_fine_grained,Ensemble Pruning,11,2.688e-05
papers_with_code,level2_fine_grained,Hand Segmentation,11,2.688e-05
papers_with_code,level2_fine_grained,Skills Assessment,11,2.688e-05
papers_with_code,level2_fine_grained,Object SLAM,11,2.688e-05
papers_with_code,level2_fine_grained,Skin Cancer Segmentation,11,2.688e-05
papers_with_code,level2_fine_grained,Sequential Bayesian Inference,11,2.688e-05
papers_with_code,level2_fine_grained,Transition-Based Dependency Parsing,11,2.688e-05
papers_with_code,level2_fine_grained,JPEG Artifact Correction,11,2.688e-05
papers_with_code,level2_fine_grained,Aspect Category Sentiment Analysis,11,2.688e-05
papers_with_code,level2_fine_grained,Dialog Act Classification,11,2.688e-05
papers_with_code,level2_fine_grained,Semi-Supervised Instance Segmentation,11,2.688e-05
papers_with_code,level2_fine_grained,Interest Point Detection,11,2.688e-05
papers_with_code,level2_fine_grained,Relationship Extraction (Distant Supervised),11,2.688e-05
papers_with_code,level2_fine_grained,QQP,11,2.688e-05
papers_with_code,level2_fine_grained,Face Sketch Synthesis,11,2.688e-05
papers_with_code,level2_fine_grained,One-stage Anchor-free Oriented Object Detection,11,2.688e-05
papers_with_code,level2_fine_grained,The Semantic Segmentation Of Remote Sensing Imagery,11,2.688e-05
papers_with_code,level2_fine_grained,3D Multi-Person Pose Estimation (root-relative),11,2.688e-05
papers_with_code,level2_fine_grained,Citation Intent Classification,11,2.688e-05
papers_with_code,level2_fine_grained,3D Object Retrieval,11,2.688e-05
papers_with_code,level2_fine_grained,Monocular Reconstruction,11,2.688e-05
papers_with_code,level2_fine_grained,Heart Segmentation,11,2.688e-05
papers_with_code,level2_fine_grained,Chemical Process,11,2.688e-05
papers_with_code,level2_fine_grained,Information Plane,11,2.688e-05
papers_with_code,level2_fine_grained,Blood pressure estimation,11,2.688e-05
papers_with_code,level2_fine_grained,Attribute Extraction,11,2.688e-05
papers_with_code,level2_fine_grained,Semantic Frame Parsing,11,2.688e-05
papers_with_code,level2_fine_grained,Food Recognition,11,2.688e-05
papers_with_code,level2_fine_grained,Grounded Situation Recognition,11,2.688e-05
papers_with_code,level2_fine_grained,Category-Agnostic Pose Estimation,11,2.688e-05
papers_with_code,level2_fine_grained,Perceptual Distance,11,2.688e-05
papers_with_code,level2_fine_grained,Acoustic Modelling,11,2.688e-05
papers_with_code,level2_fine_grained,Indoor Scene Synthesis,11,2.688e-05
papers_with_code,level2_fine_grained,Image to Point Cloud Registration,11,2.688e-05
papers_with_code,level2_fine_grained,Linear-Probe Classification,11,2.688e-05
papers_with_code,level2_fine_grained,Cross-Domain Named Entity Recognition,11,2.688e-05
papers_with_code,level2_fine_grained,Negation Detection,11,2.688e-05
papers_with_code,level2_fine_grained,Acoustic Unit Discovery,11,2.688e-05
papers_with_code,level2_fine_grained,Domain Adaptive Person Re-Identification,11,2.688e-05
papers_with_code,level2_fine_grained,Variable misuse,11,2.688e-05
papers_with_code,level2_fine_grained,Readmission Prediction,11,2.688e-05
papers_with_code,level2_fine_grained,Sensor Modeling,11,2.688e-05
papers_with_code,level2_fine_grained,Low Resource NMT,11,2.688e-05
papers_with_code,level2_fine_grained,Egocentric Pose Estimation,11,2.688e-05
papers_with_code,level2_fine_grained,Spacecraft Pose Estimation,11,2.688e-05
papers_with_code,level2_fine_grained,Video Corpus Moment Retrieval,11,2.688e-05
papers_with_code,level2_fine_grained,Evidence Selection,11,2.688e-05
papers_with_code,level2_fine_grained,Linguistic steganography,11,2.688e-05
papers_with_code,level2_fine_grained,Face Anonymization,11,2.688e-05
papers_with_code,level2_fine_grained,Depth Map Super-Resolution,11,2.688e-05
papers_with_code,level2_fine_grained,Inductive Relation Prediction,11,2.688e-05
papers_with_code,level2_fine_grained,Traffic Object Detection,11,2.688e-05
papers_with_code,level2_fine_grained,Pose Retrieval,11,2.688e-05
papers_with_code,level2_fine_grained,Next-basket recommendation,11,2.688e-05
papers_with_code,level2_fine_grained,3D Semantic Scene Completion from a single RGB image,11,2.688e-05
papers_with_code,level2_fine_grained,Image Rescaling,11,2.688e-05
papers_with_code,level2_fine_grained,Dataset Distillation - 1IPC,11,2.688e-05
papers_with_code,level2_fine_grained,Multi-step retrosynthesis,11,2.688e-05
papers_with_code,level2_fine_grained,Zero-shot Text-to-Image Retrieval,11,2.688e-05
papers_with_code,level2_fine_grained,3D Interacting Hand Pose Estimation,11,2.688e-05
papers_with_code,level2_fine_grained,Trajectory Recovery,11,2.688e-05
papers_with_code,level2_fine_grained,Zero-Shot Stance Detection,11,2.688e-05
papers_with_code,level2_fine_grained,Compiler Optimization,11,2.688e-05
papers_with_code,level2_fine_grained,Pretrained Multilingual Language Models,11,2.688e-05
papers_with_code,level2_fine_grained,Zero-Shot Text-to-Image Generation,11,2.688e-05
papers_with_code,level2_fine_grained,Predicate Classification,11,2.688e-05
papers_with_code,level2_fine_grained,Semi-Supervised Domain Generalization,11,2.688e-05
papers_with_code,level2_fine_grained,Audio-Visual Synchronization,11,2.688e-05
papers_with_code,level2_fine_grained,Robust Camera Only 3D Object Detection,11,2.688e-05
papers_with_code,level2_fine_grained,Zero-Shot Transfer 3D Point Cloud Classification,11,2.688e-05
papers_with_code,level2_fine_grained,Brain Tumor Classification,11,2.688e-05
papers_with_code,level2_fine_grained,Pseudo Label Filtering,11,2.688e-05
papers_with_code,level2_fine_grained,Zero-Shot Counting,11,2.688e-05
papers_with_code,level2_fine_grained,LLM Jailbreak,11,2.688e-05
papers_with_code,level2_fine_grained,LLM-generated Text Detection,11,2.688e-05
papers_with_code,level2_fine_grained,Unified Image Restoration,11,2.688e-05
papers_with_code,level2_fine_grained,One-Shot Object Detection,10,2.444e-05
papers_with_code,level2_fine_grained,Surgical tool detection,10,2.444e-05
papers_with_code,level2_fine_grained,Breast Tumour Classification,10,2.444e-05
papers_with_code,level2_fine_grained,Embeddings Evaluation,10,2.444e-05
papers_with_code,level2_fine_grained,Multi-Human Parsing,10,2.444e-05
papers_with_code,level2_fine_grained,Acrobot,10,2.444e-05
papers_with_code,level2_fine_grained,Human action generation,10,2.444e-05
papers_with_code,level2_fine_grained,Formality Style Transfer,10,2.444e-05
papers_with_code,level2_fine_grained,Audio Denoising,10,2.444e-05
papers_with_code,level2_fine_grained,Retinal OCT Disease Classification,10,2.444e-05
papers_with_code,level2_fine_grained,Only Connect Walls Dataset Task 1 (Grouping),10,2.444e-05
papers_with_code,level2_fine_grained,3D Architecture,10,2.444e-05
papers_with_code,level2_fine_grained,Generalized Referring Expression Segmentation,10,2.444e-05
papers_with_code,level2_fine_grained,Point Cloud Super Resolution,10,2.444e-05
papers_with_code,level2_fine_grained,Lung Nodule Classification,10,2.444e-05
papers_with_code,level2_fine_grained,Lung Disease Classification,10,2.444e-05
papers_with_code,level2_fine_grained,Distant Speech Recognition,10,2.444e-05
papers_with_code,level2_fine_grained,Image Retouching,10,2.444e-05
papers_with_code,level2_fine_grained,Onset Detection,10,2.444e-05
papers_with_code,level2_fine_grained,Vessel Detection,10,2.444e-05
papers_with_code,level2_fine_grained,Electron Microscopy Image Segmentation,10,2.444e-05
papers_with_code,level2_fine_grained,Contact-rich Manipulation,10,2.444e-05
papers_with_code,level2_fine_grained,Real-Time Visual Tracking,10,2.444e-05
papers_with_code,level2_fine_grained,Overlapped 10-1,10,2.444e-05
papers_with_code,level2_fine_grained,Activity Recognition In Videos,10,2.444e-05
papers_with_code,level2_fine_grained,3D Object Reconstruction From A Single Image,10,2.444e-05
papers_with_code,level2_fine_grained,3D Absolute Human Pose Estimation,10,2.444e-05
papers_with_code,level2_fine_grained,Prototype Selection,10,2.444e-05
papers_with_code,level2_fine_grained,Optic Disc Segmentation,10,2.444e-05
papers_with_code,level2_fine_grained,Polynomial Neural Networks,10,2.444e-05
papers_with_code,level2_fine_grained,Human Agent Collaboration,10,2.444e-05
papers_with_code,level2_fine_grained,Markerless Motion Capture,10,2.444e-05
papers_with_code,level2_fine_grained,Video-to-Video Synthesis,10,2.444e-05
papers_with_code,level2_fine_grained,Music Emotion Recognition,10,2.444e-05
papers_with_code,level2_fine_grained,Nested Mention Recognition,10,2.444e-05
papers_with_code,level2_fine_grained,Multimodal Intent Recognition,10,2.444e-05
papers_with_code,level2_fine_grained,Few-Shot Relation Classification,10,2.444e-05
papers_with_code,level2_fine_grained,Twitter Bot Detection,10,2.444e-05
papers_with_code,level2_fine_grained,3D Feature Matching,10,2.444e-05
papers_with_code,level2_fine_grained,Extract Aspect,10,2.444e-05
papers_with_code,level2_fine_grained,Image-Variation,10,2.444e-05
papers_with_code,level2_fine_grained,Cross Document Coreference Resolution,10,2.444e-05
papers_with_code,level2_fine_grained,Scene Text Editing,10,2.444e-05
papers_with_code,level2_fine_grained,Solar Irradiance Forecasting,10,2.444e-05
papers_with_code,level2_fine_grained,DNN Testing,10,2.444e-05
papers_with_code,level2_fine_grained,Nonhomogeneous Image Dehazing,10,2.444e-05
papers_with_code,level2_fine_grained,Citation Prediction,10,2.444e-05
papers_with_code,level2_fine_grained,Isomorphism Testing,10,2.444e-05
papers_with_code,level2_fine_grained,CAD Reconstruction,10,2.444e-05
papers_with_code,level2_fine_grained,Zero-shot Slot Filling,10,2.444e-05
papers_with_code,level2_fine_grained,Audio Question Answering,10,2.444e-05
papers_with_code,level2_fine_grained,Interactive Recommendation,10,2.444e-05
papers_with_code,level2_fine_grained,Gender Bias Detection,10,2.444e-05
papers_with_code,level2_fine_grained,Food recommendation,10,2.444e-05
papers_with_code,level2_fine_grained,Overall - Test,10,2.444e-05
papers_with_code,level2_fine_grained,Music Style Transfer,10,2.444e-05
papers_with_code,level2_fine_grained,Key Point Matching,10,2.444e-05
papers_with_code,level2_fine_grained,Polyp Segmentation,10,2.444e-05
papers_with_code,level2_fine_grained,Quantum State Tomography,10,2.444e-05
papers_with_code,level2_fine_grained,Partially Labeled Datasets,10,2.444e-05
papers_with_code,level2_fine_grained,Asset Management,10,2.444e-05
papers_with_code,level2_fine_grained,Spatio-Temporal Video Grounding,10,2.444e-05
papers_with_code,level2_fine_grained,Speech Extraction,10,2.444e-05
papers_with_code,level2_fine_grained,Radar Object Detection,10,2.444e-05
papers_with_code,level2_fine_grained,COVID-19 Image Segmentation,10,2.444e-05
papers_with_code,level2_fine_grained,Lexical Complexity Prediction,10,2.444e-05
papers_with_code,level2_fine_grained,Table Search,10,2.444e-05
papers_with_code,level2_fine_grained,Burst Image Super-Resolution,10,2.444e-05
papers_with_code,level2_fine_grained,Speaker anonymization,10,2.444e-05
papers_with_code,level2_fine_grained,BraTS2021,10,2.444e-05
papers_with_code,level2_fine_grained,Unconditional Video Generation,10,2.444e-05
papers_with_code,level2_fine_grained,Causal Emotion Entailment,10,2.444e-05
papers_with_code,level2_fine_grained,Passage Reranking,10,2.444e-05
papers_with_code,level2_fine_grained,Lung Sound Classification,10,2.444e-05
papers_with_code,level2_fine_grained,Hyperedge Prediction,10,2.444e-05
papers_with_code,level2_fine_grained,Self-Supervised Anomaly Detection,10,2.444e-05
papers_with_code,level2_fine_grained,Zero-Shot Instance Segmentation,10,2.444e-05
papers_with_code,level2_fine_grained,Probing Language Models,10,2.444e-05
papers_with_code,level2_fine_grained,Extracting Buildings In Remote Sensing Images,10,2.444e-05
papers_with_code,level2_fine_grained,Beam Prediction,10,2.444e-05
papers_with_code,level2_fine_grained,Date Understanding,10,2.444e-05
papers_with_code,level2_fine_grained,Blind All-in-One Image Restoration,10,2.444e-05
papers_with_code,level2_fine_grained,Short-term Object Interaction Anticipation,10,2.444e-05
papers_with_code,level2_fine_grained,3D scene Editing,10,2.444e-05
papers_with_code,level2_fine_grained,3D Panoptic Segmentation,10,2.444e-05
papers_with_code,level2_fine_grained,Skills Evaluation,9,2.199e-05
papers_with_code,level2_fine_grained,Curved Text Detection,9,2.199e-05
papers_with_code,level2_fine_grained,Predicate Detection,9,2.199e-05
papers_with_code,level2_fine_grained,Video to Text Retrieval,9,2.199e-05
papers_with_code,level2_fine_grained,Image-level Supervised Instance Segmentation,9,2.199e-05
papers_with_code,level2_fine_grained,Small-Footprint Keyword Spotting,9,2.199e-05
papers_with_code,level2_fine_grained,Multi-future Trajectory Prediction,9,2.199e-05
papers_with_code,level2_fine_grained,Human Instance Segmentation,9,2.199e-05
papers_with_code,level2_fine_grained,Image Retrieval with Multi-Modal Query,9,2.199e-05
papers_with_code,level2_fine_grained,3D Room Layouts From A Single RGB Panorama,9,2.199e-05
papers_with_code,level2_fine_grained,Unsupervised MNIST,9,2.199e-05
papers_with_code,level2_fine_grained,Multi-tissue Nucleus Segmentation,9,2.199e-05
papers_with_code,level2_fine_grained,Sar Image Despeckling,9,2.199e-05
papers_with_code,level2_fine_grained,Clickbait Detection,9,2.199e-05
papers_with_code,level2_fine_grained,Medical Relation Extraction,9,2.199e-05
papers_with_code,level2_fine_grained,Situation Recognition,9,2.199e-05
papers_with_code,level2_fine_grained,Matrix Factorization / Decomposition,9,2.199e-05
papers_with_code,level2_fine_grained,Sparse Representation-based Classification,9,2.199e-05
papers_with_code,level2_fine_grained,Deception Detection,9,2.199e-05
papers_with_code,level2_fine_grained,Driver Identification,9,2.199e-05
papers_with_code,level2_fine_grained,Overlapped 15-1,9,2.199e-05
papers_with_code,level2_fine_grained,Overlapped 15-5,9,2.199e-05
papers_with_code,level2_fine_grained,Seizure prediction,9,2.199e-05
papers_with_code,level2_fine_grained,Known Unknowns,9,2.199e-05
papers_with_code,level2_fine_grained,Image-to-Image Regression,9,2.199e-05
papers_with_code,level2_fine_grained,Sequential Pattern Mining,9,2.199e-05
papers_with_code,level2_fine_grained,Action Triplet Recognition,9,2.199e-05
papers_with_code,level2_fine_grained,Single Image Haze Removal,9,2.199e-05
papers_with_code,level2_fine_grained,Multiple People Tracking,9,2.199e-05
papers_with_code,level2_fine_grained,Short-Text Conversation,9,2.199e-05
papers_with_code,level2_fine_grained,Ad-hoc video search,9,2.199e-05
papers_with_code,level2_fine_grained,Cross-Lingual Entity Linking,9,2.199e-05
papers_with_code,level2_fine_grained,Story Completion,9,2.199e-05
papers_with_code,level2_fine_grained,Clustering Algorithms Evaluation,9,2.199e-05
papers_with_code,level2_fine_grained,Multi-Hop Reading Comprehension,9,2.199e-05
papers_with_code,level2_fine_grained,Event Segmentation,9,2.199e-05
papers_with_code,level2_fine_grained,Unsupervised Action Segmentation,9,2.199e-05
papers_with_code,level2_fine_grained,Multiview Gait Recognition,9,2.199e-05
papers_with_code,level2_fine_grained,Fine-Grained Action Detection,9,2.199e-05
papers_with_code,level2_fine_grained,Detecting Image Manipulation,9,2.199e-05
papers_with_code,level2_fine_grained,Dynamic graph embedding,9,2.199e-05
papers_with_code,level2_fine_grained,highlight removal,9,2.199e-05
papers_with_code,level2_fine_grained,Link Sign Prediction,9,2.199e-05
papers_with_code,level2_fine_grained,Mathematical Question Answering,9,2.199e-05
papers_with_code,level2_fine_grained,Network Interpretation,9,2.199e-05
papers_with_code,level2_fine_grained,De-aliasing,9,2.199e-05
papers_with_code,level2_fine_grained,Video Synchronization,9,2.199e-05
papers_with_code,level2_fine_grained,Cross-View Geo-Localisation,9,2.199e-05
papers_with_code,level2_fine_grained,Video Visual Relation Detection,9,2.199e-05
papers_with_code,level2_fine_grained,Interactive Video Object Segmentation,9,2.199e-05
papers_with_code,level2_fine_grained,Argument Retrieval,9,2.199e-05
papers_with_code,level2_fine_grained,Split-MNIST,9,2.199e-05
papers_with_code,level2_fine_grained,Outdoor Localization,9,2.199e-05
papers_with_code,level2_fine_grained,Patent classification,9,2.199e-05
papers_with_code,level2_fine_grained,Left Atrium Segmentation,9,2.199e-05
papers_with_code,level2_fine_grained,Scientific Document Summarization,9,2.199e-05
papers_with_code,level2_fine_grained,Photoplethysmography (PPG) heart rate estimation,9,2.199e-05
papers_with_code,level2_fine_grained,Real-Time Multi-Object Tracking,9,2.199e-05
papers_with_code,level2_fine_grained,Tumour Classification,9,2.199e-05
papers_with_code,level2_fine_grained,Grayscale Image Denoising,9,2.199e-05
papers_with_code,level2_fine_grained,Video Emotion Recognition,9,2.199e-05
papers_with_code,level2_fine_grained,Atomic Forces,9,2.199e-05
papers_with_code,level2_fine_grained,Self-supervised Video Retrieval,9,2.199e-05
papers_with_code,level2_fine_grained,Drone-view target localization,9,2.199e-05
papers_with_code,level2_fine_grained,Event data classification,9,2.199e-05
papers_with_code,level2_fine_grained,Saliency Ranking,9,2.199e-05
papers_with_code,level2_fine_grained,Automatic Lyrics Transcription,9,2.199e-05
papers_with_code,level2_fine_grained,Defocus Blur Detection,9,2.199e-05
papers_with_code,level2_fine_grained,Indoor Scene Reconstruction,9,2.199e-05
papers_with_code,level2_fine_grained,UNET Segmentation,9,2.199e-05
papers_with_code,level2_fine_grained,Preference Mapping,9,2.199e-05
papers_with_code,level2_fine_grained,STS-B,9,2.199e-05
papers_with_code,level2_fine_grained,MRPC,9,2.199e-05
papers_with_code,level2_fine_grained,Cross-Lingual Abstractive Summarization,9,2.199e-05
papers_with_code,level2_fine_grained,Generalized Few-Shot Semantic Segmentation,9,2.199e-05
papers_with_code,level2_fine_grained,Key-value Pair Extraction,9,2.199e-05
papers_with_code,level2_fine_grained,Continual Relation Extraction,9,2.199e-05
papers_with_code,level2_fine_grained,Contact mechanics,9,2.199e-05
papers_with_code,level2_fine_grained,Hope Speech Detection,9,2.199e-05
papers_with_code,level2_fine_grained,Hateful Meme Classification,9,2.199e-05
papers_with_code,level2_fine_grained,Event Relation Extraction,9,2.199e-05
papers_with_code,level2_fine_grained,Zero-shot Audio Classification,9,2.199e-05
papers_with_code,level2_fine_grained,3D Open-Vocabulary Instance Segmentation,9,2.199e-05
papers_with_code,level2_fine_grained,Zero-shot 3D Point Cloud Classification,9,2.199e-05
papers_with_code,level2_fine_grained,Moral Scenarios,9,2.199e-05
papers_with_code,level2_fine_grained,Face Morphing Attack Detection,9,2.199e-05
papers_with_code,level2_fine_grained,Gait Recognition in the Wild,9,2.199e-05
papers_with_code,level2_fine_grained,Open-World Instance Segmentation,9,2.199e-05
papers_with_code,level2_fine_grained,Book summarization,9,2.199e-05
papers_with_code,level2_fine_grained,Diffusion Personalization Tuning Free,9,2.199e-05
papers_with_code,level2_fine_grained,Speech Tokenization,9,2.199e-05
papers_with_code,level2_fine_grained,LLM real-life tasks,9,2.199e-05
papers_with_code,level2_fine_grained,Antibody-antigen binding prediction,9,2.199e-05
papers_with_code,level2_fine_grained,3D Dense Shape Correspondence,8,1.955e-05
papers_with_code,level2_fine_grained,3D Point Cloud Matching,8,1.955e-05
papers_with_code,level2_fine_grained,Hypernym Discovery,8,1.955e-05
papers_with_code,level2_fine_grained,road scene understanding,8,1.955e-05
papers_with_code,level2_fine_grained,Drivable Area Detection,8,1.955e-05
papers_with_code,level2_fine_grained,Heartbeat Classification,8,1.955e-05
papers_with_code,level2_fine_grained,Cross-View Image-to-Image Translation,8,1.955e-05
papers_with_code,level2_fine_grained,Stereo-LiDAR Fusion,8,1.955e-05
papers_with_code,level2_fine_grained,Thermal Infrared Object Tracking,8,1.955e-05
papers_with_code,level2_fine_grained,Collaborative Ranking,8,1.955e-05
papers_with_code,level2_fine_grained,Video Compressive Sensing,8,1.955e-05
papers_with_code,level2_fine_grained,Sketch-to-Image Translation,8,1.955e-05
papers_with_code,level2_fine_grained,Instance Search,8,1.955e-05
papers_with_code,level2_fine_grained,Birds Eye View Object Detection,8,1.955e-05
papers_with_code,level2_fine_grained,Connectivity Estimation,8,1.955e-05
papers_with_code,level2_fine_grained,Veracity Classification,8,1.955e-05
papers_with_code,level2_fine_grained,Predicting Patient Outcomes,8,1.955e-05
papers_with_code,level2_fine_grained,Clinical Concept Extraction,8,1.955e-05
papers_with_code,level2_fine_grained,Steiner Tree Problem,8,1.955e-05
papers_with_code,level2_fine_grained,CCG Supertagging,8,1.955e-05
papers_with_code,level2_fine_grained,Age Classification,8,1.955e-05
papers_with_code,level2_fine_grained,Low-Dose X-Ray Ct Reconstruction,8,1.955e-05
papers_with_code,level2_fine_grained,Classification with Binary Neural Network,8,1.955e-05
papers_with_code,level2_fine_grained,Cross-Modal Information Retrieval,8,1.955e-05
papers_with_code,level2_fine_grained,Online surgical phase recognition,8,1.955e-05
papers_with_code,level2_fine_grained,Lexical Analysis,8,1.955e-05
papers_with_code,level2_fine_grained,3d scene graph generation,8,1.955e-05
papers_with_code,level2_fine_grained,3D Anomaly Detection and Segmentation,8,1.955e-05
papers_with_code,level2_fine_grained,Knowledge-Aware Recommendation,8,1.955e-05
papers_with_code,level2_fine_grained,Video Temporal Consistency,8,1.955e-05
papers_with_code,level2_fine_grained,Intelligent Communication,8,1.955e-05
papers_with_code,level2_fine_grained,Unseen Object Instance Segmentation,8,1.955e-05
papers_with_code,level2_fine_grained,Few-Shot Imitation Learning,8,1.955e-05
papers_with_code,level2_fine_grained,Timeline Summarization,8,1.955e-05
papers_with_code,level2_fine_grained,Toponym Resolution,8,1.955e-05
papers_with_code,level2_fine_grained,Melody Extraction,8,1.955e-05
papers_with_code,level2_fine_grained,Parallel Corpus Mining,8,1.955e-05
papers_with_code,level2_fine_grained,Chemical Reaction Prediction,8,1.955e-05
papers_with_code,level2_fine_grained,Hyperspectral Image Segmentation,8,1.955e-05
papers_with_code,level2_fine_grained,Generalized Zero-Shot Object Detection,8,1.955e-05
papers_with_code,level2_fine_grained,controllable image captioning,8,1.955e-05
papers_with_code,level2_fine_grained,Generalized Few-Shot Learning,8,1.955e-05
papers_with_code,level2_fine_grained,Spindle Detection,8,1.955e-05
papers_with_code,level2_fine_grained,Pupil Dilation,8,1.955e-05
papers_with_code,level2_fine_grained,Document Enhancement,8,1.955e-05
papers_with_code,level2_fine_grained,Single-object discovery,8,1.955e-05
papers_with_code,level2_fine_grained,Complex Word Identification,8,1.955e-05
papers_with_code,level2_fine_grained,3D Shape Reconstruction From A Single 2D Image,8,1.955e-05
papers_with_code,level2_fine_grained,Seeing Beyond the Visible,8,1.955e-05
papers_with_code,level2_fine_grained,Self-Supervised Audio Classification,8,1.955e-05
papers_with_code,level2_fine_grained,Respiratory Failure,8,1.955e-05
papers_with_code,level2_fine_grained,Downbeat Tracking,8,1.955e-05
papers_with_code,level2_fine_grained,Aspect Term Extraction and Sentiment Classification,8,1.955e-05
papers_with_code,level2_fine_grained,Multi-label Image Recognition with Partial Labels,8,1.955e-05
papers_with_code,level2_fine_grained,Self-Supervised Action Recognition Linear,8,1.955e-05
papers_with_code,level2_fine_grained,Human Interaction Recognition,8,1.955e-05
papers_with_code,level2_fine_grained,Low-latency processing,8,1.955e-05
papers_with_code,level2_fine_grained,Time Series Alignment,8,1.955e-05
papers_with_code,level2_fine_grained,Definition Extraction,8,1.955e-05
papers_with_code,level2_fine_grained,Magnetic Resonance Fingerprinting,8,1.955e-05
papers_with_code,level2_fine_grained,Vietnamese Social Media Text Processing,8,1.955e-05
papers_with_code,level2_fine_grained,End-To-End Dialogue Modelling,8,1.955e-05
papers_with_code,level2_fine_grained,energy trading,8,1.955e-05
papers_with_code,level2_fine_grained,single-image-generation,8,1.955e-05
papers_with_code,level2_fine_grained,Diabetes Prediction,8,1.955e-05
papers_with_code,level2_fine_grained,Semantic Text Matching,8,1.955e-05
papers_with_code,level2_fine_grained,EEG Signal Classification,8,1.955e-05
papers_with_code,level2_fine_grained,Sign Language Production,8,1.955e-05
papers_with_code,level2_fine_grained,Unsupervised Instance Segmentation,8,1.955e-05
papers_with_code,level2_fine_grained,Zero-Shot Human-Object Interaction Detection,8,1.955e-05
papers_with_code,level2_fine_grained,test driven development,8,1.955e-05
papers_with_code,level2_fine_grained,Image Classification with Label Noise,8,1.955e-05
papers_with_code,level2_fine_grained,Zero-shot Relation Classification,8,1.955e-05
papers_with_code,level2_fine_grained,Scene Graph Detection,8,1.955e-05
papers_with_code,level2_fine_grained,Unsupervised Vehicle Re-Identification,8,1.955e-05
papers_with_code,level2_fine_grained,Mirror Detection,8,1.955e-05
papers_with_code,level2_fine_grained,Few-shot Instance Segmentation,8,1.955e-05
papers_with_code,level2_fine_grained,Exemplar-Free Counting,8,1.955e-05
papers_with_code,level2_fine_grained,Music Captioning,8,1.955e-05
papers_with_code,level2_fine_grained,Label Error Detection,8,1.955e-05
papers_with_code,level2_fine_grained,Text Anonymization,8,1.955e-05
papers_with_code,level2_fine_grained,Training-free 3D Point Cloud Classification,8,1.955e-05
papers_with_code,level2_fine_grained,Described Object Detection,8,1.955e-05
papers_with_code,level2_fine_grained,Sports Understanding,8,1.955e-05
papers_with_code,level2_fine_grained,Image Classification with Differential Privacy,8,1.955e-05
papers_with_code,level2_fine_grained,Medical Image Enhancement,8,1.955e-05
papers_with_code,level2_fine_grained,Exposure Fairness,8,1.955e-05
papers_with_code,level2_fine_grained,Subgraph Counting,8,1.955e-05
papers_with_code,level2_fine_grained,Target Sound Extraction,8,1.955e-05
papers_with_code,level2_fine_grained,Image Editing,8,1.955e-05
papers_with_code,level2_fine_grained,Conditional Text-to-Image Synthesis,8,1.955e-05
papers_with_code,level2_fine_grained,NR-IQA,8,1.955e-05
papers_with_code,level2_fine_grained,Human-Domain Subject-to-Video,8,1.955e-05
papers_with_code,level2_fine_grained,Neural Network simulation,7,1.711e-05
papers_with_code,level2_fine_grained,Sequence-To-Sequence Speech Recognition,7,1.711e-05
papers_with_code,level2_fine_grained,3D Plane Detection,7,1.711e-05
papers_with_code,level2_fine_grained,Robust Face Alignment,7,1.711e-05
papers_with_code,level2_fine_grained,Scene Graph Classification,7,1.711e-05
papers_with_code,level2_fine_grained,Shadow Detection And Removal,7,1.711e-05
papers_with_code,level2_fine_grained,Air Pollution Prediction,7,1.711e-05
papers_with_code,level2_fine_grained,STS Benchmark,7,1.711e-05
papers_with_code,level2_fine_grained,Cross-Domain Text Classification,7,1.711e-05
papers_with_code,level2_fine_grained,automatic-speech-translation,7,1.711e-05
papers_with_code,level2_fine_grained,Steering Control,7,1.711e-05
papers_with_code,level2_fine_grained,Game of Chess,7,1.711e-05
papers_with_code,level2_fine_grained,Horizon Line Estimation,7,1.711e-05
papers_with_code,level2_fine_grained,Placenta Segmentation,7,1.711e-05
papers_with_code,level2_fine_grained,Unsupervised Speech Recognition,7,1.711e-05
papers_with_code,level2_fine_grained,Cryptanalysis,7,1.711e-05
papers_with_code,level2_fine_grained,Colorectal Gland Segmentation:,7,1.711e-05
papers_with_code,level2_fine_grained,Camera shot boundary detection,7,1.711e-05
papers_with_code,level2_fine_grained,Computational Phenotyping,7,1.711e-05
papers_with_code,level2_fine_grained,Disjoint 15-1,7,1.711e-05
papers_with_code,level2_fine_grained,Disjoint 15-5,7,1.711e-05
papers_with_code,level2_fine_grained,MRI classification,7,1.711e-05
papers_with_code,level2_fine_grained,Chord Recognition,7,1.711e-05
papers_with_code,level2_fine_grained,Medical Image Denoising,7,1.711e-05
papers_with_code,level2_fine_grained,Facial expression generation,7,1.711e-05
papers_with_code,level2_fine_grained,Implicit Discourse Relation Classification,7,1.711e-05
papers_with_code,level2_fine_grained,Font Recognition,7,1.711e-05
papers_with_code,level2_fine_grained,Arabic Sentiment Analysis,7,1.711e-05
papers_with_code,level2_fine_grained,Color Normalization,7,1.711e-05
papers_with_code,level2_fine_grained,ECG Denoising,7,1.711e-05
papers_with_code,level2_fine_grained,Sketch Colorization,7,1.711e-05
papers_with_code,level2_fine_grained,Temporal Relation Classification,7,1.711e-05
papers_with_code,level2_fine_grained,Multi-Domain Recommender Systems,7,1.711e-05
papers_with_code,level2_fine_grained,Diffeomorphic Medical Image Registration,7,1.711e-05
papers_with_code,level2_fine_grained,Nuclei Classification,7,1.711e-05
papers_with_code,level2_fine_grained,Ischemic Stroke Lesion Segmentation,7,1.711e-05
papers_with_code,level2_fine_grained,Zero Shot Skeletal Action Recognition,7,1.711e-05
papers_with_code,level2_fine_grained,Sleep apnea detection,7,1.711e-05
papers_with_code,level2_fine_grained,abstractive question answering,7,1.711e-05
papers_with_code,level2_fine_grained,fr-en,7,1.711e-05
papers_with_code,level2_fine_grained,Component Classification,7,1.711e-05
papers_with_code,level2_fine_grained,Commonsense Causal Reasoning,7,1.711e-05
papers_with_code,level2_fine_grained,Emotional Speech Synthesis,7,1.711e-05
papers_with_code,level2_fine_grained,Crop Type Mapping,7,1.711e-05
papers_with_code,level2_fine_grained,Automatic Machine Learning Model Selection,7,1.711e-05
papers_with_code,level2_fine_grained,Event Cross-Document Coreference Resolution,7,1.711e-05
papers_with_code,level2_fine_grained,Biomedical Information Retrieval,7,1.711e-05
papers_with_code,level2_fine_grained,Heterogeneous Face Recognition,7,1.711e-05
papers_with_code,level2_fine_grained,Occlusion Estimation,7,1.711e-05
papers_with_code,level2_fine_grained,Arabic Text Diacritization,7,1.711e-05
papers_with_code,level2_fine_grained,One-Shot 3D Action Recognition,7,1.711e-05
papers_with_code,level2_fine_grained,Solar Flare Prediction,7,1.711e-05
papers_with_code,level2_fine_grained,RGB-D Reconstruction,7,1.711e-05
papers_with_code,level2_fine_grained,target-oriented opinion words extraction,7,1.711e-05
papers_with_code,level2_fine_grained,Data Interaction,7,1.711e-05
papers_with_code,level2_fine_grained,Persuasion Strategies,7,1.711e-05
papers_with_code,level2_fine_grained,Event-based Object Segmentation,7,1.711e-05
papers_with_code,level2_fine_grained,Video Forensics,7,1.711e-05
papers_with_code,level2_fine_grained,continual few-shot learning,7,1.711e-05
papers_with_code,level2_fine_grained,Seismic Inversion,7,1.711e-05
papers_with_code,level2_fine_grained,Patient Phenotyping,7,1.711e-05
papers_with_code,level2_fine_grained,Multi-Person Pose forecasting,7,1.711e-05
papers_with_code,level2_fine_grained,Photometric Redshift Estimation,7,1.711e-05
papers_with_code,level2_fine_grained,Affordance Recognition,7,1.711e-05
papers_with_code,level2_fine_grained,Cross-Modality Person Re-identification,7,1.711e-05
papers_with_code,level2_fine_grained,Cover song identification,7,1.711e-05
papers_with_code,level2_fine_grained,Colorectal Polyps Characterization,7,1.711e-05
papers_with_code,level2_fine_grained,Thai Word Segmentation,7,1.711e-05
papers_with_code,level2_fine_grained,Multilabel Text Classification,7,1.711e-05
papers_with_code,level2_fine_grained,dialogue summary,7,1.711e-05
papers_with_code,level2_fine_grained,Self-Supervised Human Action Recognition,7,1.711e-05
papers_with_code,level2_fine_grained,Unsupervised Skeleton Based Action Recognition,7,1.711e-05
papers_with_code,level2_fine_grained,Writer Retrieval,7,1.711e-05
papers_with_code,level2_fine_grained,Cross-Modal Person Re-Identification,7,1.711e-05
papers_with_code,level2_fine_grained,Vietnamese Datasets,7,1.711e-05
papers_with_code,level2_fine_grained,Kinship Verification,7,1.711e-05
papers_with_code,level2_fine_grained,Code Documentation Generation,7,1.711e-05
papers_with_code,level2_fine_grained,Design Synthesis,7,1.711e-05
papers_with_code,level2_fine_grained,Multiple Object Tracking with Transformer,7,1.711e-05
papers_with_code,level2_fine_grained,Implicatures,7,1.711e-05
papers_with_code,level2_fine_grained,One-shot Unsupervised Domain Adaptation,7,1.711e-05
papers_with_code,level2_fine_grained,Persian Sentiment Analysis,7,1.711e-05
papers_with_code,level2_fine_grained,Semi-supervised Medical Image Classification,7,1.711e-05
papers_with_code,level2_fine_grained,Temporal Forgery Localization,7,1.711e-05
papers_with_code,level2_fine_grained,EEG based sleep staging,7,1.711e-05
papers_with_code,level2_fine_grained,Unsupervised 3D Human Pose Estimation,7,1.711e-05
papers_with_code,level2_fine_grained,continual anomaly detection,7,1.711e-05
papers_with_code,level2_fine_grained,Supervised Defect Detection,7,1.711e-05
papers_with_code,level2_fine_grained,motion in-betweening,7,1.711e-05
papers_with_code,level2_fine_grained,4D Panoptic Segmentation,7,1.711e-05
papers_with_code,level2_fine_grained,Video Shadow Detection,7,1.711e-05
papers_with_code,level2_fine_grained,Analog Video Restoration,7,1.711e-05
papers_with_code,level2_fine_grained,Audio to Text Retrieval,7,1.711e-05
papers_with_code,level2_fine_grained,Single Image Desnowing,7,1.711e-05
papers_with_code,level2_fine_grained,Key Detection,7,1.711e-05
papers_with_code,level2_fine_grained,Few-Shot Skeleton-Based Action Recognition,7,1.711e-05
papers_with_code,level2_fine_grained,Video scene graph generation,7,1.711e-05
papers_with_code,level2_fine_grained,Remaining Useful Lifetime Estimation,7,1.711e-05
papers_with_code,level2_fine_grained,Literature Mining,7,1.711e-05
papers_with_code,level2_fine_grained,RGB+3D Anomaly Detection and Segmentation,7,1.711e-05
papers_with_code,level2_fine_grained,Virology,7,1.711e-05
papers_with_code,level2_fine_grained,Infrared image super-resolution,7,1.711e-05
papers_with_code,level2_fine_grained,Fact Selection,7,1.711e-05
papers_with_code,level2_fine_grained,FS-MEVQA,7,1.711e-05
papers_with_code,level2_fine_grained,Clothes Changing Person Re-Identification,7,1.711e-05
papers_with_code,level2_fine_grained,Generative Visual Question Answering,7,1.711e-05
papers_with_code,level2_fine_grained,Zero-shot Named Entity Recognition (NER),7,1.711e-05
papers_with_code,level2_fine_grained,Stochastic Human Motion Prediction,7,1.711e-05
papers_with_code,level2_fine_grained,5-Degradation Blind All-in-One Image Restoration,7,1.711e-05
papers_with_code,level2_fine_grained,PDE Surrogate Modeling,7,1.711e-05
papers_with_code,level2_fine_grained,Image-text Classification,7,1.711e-05
papers_with_code,level2_fine_grained,Synthetic Face Recognition,7,1.711e-05
papers_with_code,level2_fine_grained,text-guided-generation,7,1.711e-05
papers_with_code,level2_fine_grained,MTEB Benchmark,7,1.711e-05
papers_with_code,level2_fine_grained,Unsupervised Object Localization,7,1.711e-05
papers_with_code,level2_fine_grained,MMR total,7,1.711e-05
papers_with_code,level2_fine_grained,Vision-Language Segmentation,7,1.711e-05
papers_with_code,level2_fine_grained,Gesture-to-Gesture Translation,6,1.466e-05
papers_with_code,level2_fine_grained,3D Geometry Prediction,6,1.466e-05
papers_with_code,level2_fine_grained,3D Surface Generation,6,1.466e-05
papers_with_code,level2_fine_grained,EMG Gesture Recognition,6,1.466e-05
papers_with_code,level2_fine_grained,Sentence Pair Modeling,6,1.466e-05
papers_with_code,level2_fine_grained,Image/Document Clustering,6,1.466e-05
papers_with_code,level2_fine_grained,Cross-Lingual Sentiment Classification,6,1.466e-05
papers_with_code,level2_fine_grained,Paper generation,6,1.466e-05
papers_with_code,level2_fine_grained,Constrained Lip-synchronization,6,1.466e-05
papers_with_code,level2_fine_grained,outlier ensembles,6,1.466e-05
papers_with_code,level2_fine_grained,Spectral Super-Resolution,6,1.466e-05
papers_with_code,level2_fine_grained,Unsupervised Keypoint Estimation,6,1.466e-05
papers_with_code,level2_fine_grained,Unsupervised 3D Point Cloud Linear Evaluation,6,1.466e-05
papers_with_code,level2_fine_grained,Omnnidirectional Stereo Depth Estimation,6,1.466e-05
papers_with_code,level2_fine_grained,Music Genre Recognition,6,1.466e-05
papers_with_code,level2_fine_grained,Chinese Dependency Parsing,6,1.466e-05
papers_with_code,level2_fine_grained,Image Imputation,6,1.466e-05
papers_with_code,level2_fine_grained,Radio Interferometry,6,1.466e-05
papers_with_code,level2_fine_grained,Vietnamese Word Segmentation,6,1.466e-05
papers_with_code,level2_fine_grained,Fundus to Angiography Generation,6,1.466e-05
papers_with_code,level2_fine_grained,3D Semantic Instance Segmentation,6,1.466e-05
papers_with_code,level2_fine_grained,hypergraph partitioning,6,1.466e-05
papers_with_code,level2_fine_grained,Handwriting Verification,6,1.466e-05
papers_with_code,level2_fine_grained,Physiological Computing,6,1.466e-05
papers_with_code,level2_fine_grained,Image Retargeting,6,1.466e-05
papers_with_code,level2_fine_grained,Developmental Learning,6,1.466e-05
papers_with_code,level2_fine_grained,Unsupervised Keypoints,6,1.466e-05
papers_with_code,level2_fine_grained,Large-Scale Person Re-Identification,6,1.466e-05
papers_with_code,level2_fine_grained,Procedural Text Understanding,6,1.466e-05
papers_with_code,level2_fine_grained,Multi Future Trajectory Prediction,6,1.466e-05
papers_with_code,level2_fine_grained,Phenotype classification,6,1.466e-05
papers_with_code,level2_fine_grained,Disjoint 10-1,6,1.466e-05
papers_with_code,level2_fine_grained,Multi-view 3D Human Pose Estimation,6,1.466e-05
papers_with_code,level2_fine_grained,Abstract Argumentation,6,1.466e-05
papers_with_code,level2_fine_grained,Personality Trait Recognition,6,1.466e-05
papers_with_code,level2_fine_grained,Accented Speech Recognition,6,1.466e-05
papers_with_code,level2_fine_grained,Trajectory Clustering,6,1.466e-05
papers_with_code,level2_fine_grained,Video Background Subtraction,6,1.466e-05
papers_with_code,level2_fine_grained,Human Aging,6,1.466e-05
papers_with_code,level2_fine_grained,Text-Independent Speaker Recognition,6,1.466e-05
papers_with_code,level2_fine_grained,automatic short answer grading,6,1.466e-05
papers_with_code,level2_fine_grained,Multi-Speaker Source Separation,6,1.466e-05
papers_with_code,level2_fine_grained,Cyber Attack Detection,6,1.466e-05
papers_with_code,level2_fine_grained,GAN image forensics,6,1.466e-05
papers_with_code,level2_fine_grained,Generating 3D Point Clouds,6,1.466e-05
papers_with_code,level2_fine_grained,Singer Identification,6,1.466e-05
papers_with_code,level2_fine_grained,DRS Parsing,6,1.466e-05
papers_with_code,level2_fine_grained,Product Categorization,6,1.466e-05
papers_with_code,level2_fine_grained,Language-Based Temporal Localization,6,1.466e-05
papers_with_code,level2_fine_grained,Aggression Identification,6,1.466e-05
papers_with_code,level2_fine_grained,Portrait Segmentation,6,1.466e-05
papers_with_code,level2_fine_grained,ICU Mortality,6,1.466e-05
papers_with_code,level2_fine_grained,Body Detection,6,1.466e-05
papers_with_code,level2_fine_grained,Suggestion mining,6,1.466e-05
papers_with_code,level2_fine_grained,Unsupervised Spatial Clustering,6,1.466e-05
papers_with_code,level2_fine_grained,gaze redirection,6,1.466e-05
papers_with_code,level2_fine_grained,Fashion Synthesis,6,1.466e-05
papers_with_code,level2_fine_grained,Wireframe Parsing,6,1.466e-05
papers_with_code,level2_fine_grained,Lifelike 3D Human Generation,6,1.466e-05
papers_with_code,level2_fine_grained,Materials Screening,6,1.466e-05
papers_with_code,level2_fine_grained,Open Intent Detection,6,1.466e-05
papers_with_code,level2_fine_grained,Long Video Retrieval (Background Removed),6,1.466e-05
papers_with_code,level2_fine_grained,Event-based Motion Estimation,6,1.466e-05
papers_with_code,level2_fine_grained,DQN Replay Dataset,6,1.466e-05
papers_with_code,level2_fine_grained,Modality completion,6,1.466e-05
papers_with_code,level2_fine_grained,Overlapped 100-5,6,1.466e-05
papers_with_code,level2_fine_grained,Physical Commonsense Reasoning,6,1.466e-05
papers_with_code,level2_fine_grained,Decompensation,6,1.466e-05
papers_with_code,level2_fine_grained,Hard-label Attack,6,1.466e-05
papers_with_code,level2_fine_grained,CARLA MAP Leaderboard,6,1.466e-05
papers_with_code,level2_fine_grained,BIRL,6,1.466e-05
papers_with_code,level2_fine_grained,hypergraph embedding,6,1.466e-05
papers_with_code,level2_fine_grained,Partially Observable Reinforcement Learning,6,1.466e-05
papers_with_code,level2_fine_grained,Acne Severity Grading,6,1.466e-05
papers_with_code,level2_fine_grained,Image to sketch recognition,6,1.466e-05
papers_with_code,level2_fine_grained,Vietnamese Hate Speech Detection,6,1.466e-05
papers_with_code,level2_fine_grained,Lake Ice Monitoring,6,1.466e-05
papers_with_code,level2_fine_grained,Few-Shot NLI,6,1.466e-05
papers_with_code,level2_fine_grained,Capacity Estimation,6,1.466e-05
papers_with_code,level2_fine_grained,Generalized Referring Expression Comprehension,6,1.466e-05
papers_with_code,level2_fine_grained,Event-Based Video Reconstruction,6,1.466e-05
papers_with_code,level2_fine_grained,Keypoint detection and image matching,6,1.466e-05
papers_with_code,level2_fine_grained,Motion Style Transfer,6,1.466e-05
papers_with_code,level2_fine_grained,Lip to Speech Synthesis,6,1.466e-05
papers_with_code,level2_fine_grained,Color Manipulation,6,1.466e-05
papers_with_code,level2_fine_grained,answerability prediction,6,1.466e-05
papers_with_code,level2_fine_grained,Bokeh Effect Rendering,6,1.466e-05
papers_with_code,level2_fine_grained,Audio Quality Assessment,6,1.466e-05
papers_with_code,level2_fine_grained,Multi-modal Named Entity Recognition,6,1.466e-05
papers_with_code,level2_fine_grained,MuJoCo Games,6,1.466e-05
papers_with_code,level2_fine_grained,Cell Entity Annotation,6,1.466e-05
papers_with_code,level2_fine_grained,Repetitive Action Counting,6,1.466e-05
papers_with_code,level2_fine_grained,Indoor Monocular Depth Estimation,6,1.466e-05
papers_with_code,level2_fine_grained,Action Assessment,6,1.466e-05
papers_with_code,level2_fine_grained,IoT Device Identification,6,1.466e-05
papers_with_code,level2_fine_grained,Side Channel Analysis,6,1.466e-05
papers_with_code,level2_fine_grained,QNLI,6,1.466e-05
papers_with_code,level2_fine_grained,Active Object Detection,6,1.466e-05
papers_with_code,level2_fine_grained,Test unseen,6,1.466e-05
papers_with_code,level2_fine_grained,Earth Surface Forecasting,6,1.466e-05
papers_with_code,level2_fine_grained,Topic coverage,6,1.466e-05
papers_with_code,level2_fine_grained,Position regression,6,1.466e-05
papers_with_code,level2_fine_grained,Deep imbalanced regression,6,1.466e-05
papers_with_code,level2_fine_grained,Text-based Person Retrieval with Noisy Correspondence,6,1.466e-05
papers_with_code,level2_fine_grained,Compressed Image Super-resolution,6,1.466e-05
papers_with_code,level2_fine_grained,Motion Interpolation,6,1.466e-05
papers_with_code,level2_fine_grained,Node Regression,6,1.466e-05
papers_with_code,level2_fine_grained,News Retrieval,6,1.466e-05
papers_with_code,level2_fine_grained,Open Vocabulary Image Classification,6,1.466e-05
papers_with_code,level2_fine_grained,Multi-agent Integration,6,1.466e-05
papers_with_code,level2_fine_grained,Explanation Fidelity Evaluation,6,1.466e-05
papers_with_code,level2_fine_grained,Stereoscopic image quality assessment,6,1.466e-05
papers_with_code,level2_fine_grained,Theory of Mind Modeling,6,1.466e-05
papers_with_code,level2_fine_grained,Neural Stylization,6,1.466e-05
papers_with_code,level2_fine_grained,RGB-T Salient Object Detection,6,1.466e-05
papers_with_code,level2_fine_grained,Zero-shot Text Retrieval,6,1.466e-05
papers_with_code,level2_fine_grained,Abstract Algebra,6,1.466e-05
papers_with_code,level2_fine_grained,Electrical Engineering,6,1.466e-05
papers_with_code,level2_fine_grained,Jurisprudence,6,1.466e-05
papers_with_code,level2_fine_grained,SNARKS,6,1.466e-05
papers_with_code,level2_fine_grained,Skeleton Based Action Segmentation,6,1.466e-05
papers_with_code,level2_fine_grained,Proper Noun,6,1.466e-05
papers_with_code,level2_fine_grained,Slice Discovery,6,1.466e-05
papers_with_code,level2_fine_grained,Unconditional Molecule Generation,6,1.466e-05
papers_with_code,level2_fine_grained,Semi-supervised Change Detection,6,1.466e-05
papers_with_code,level2_fine_grained,Object State Change Classification,6,1.466e-05
papers_with_code,level2_fine_grained,Material Segmentation,6,1.466e-05
papers_with_code,level2_fine_grained,Motion Captioning,6,1.466e-05
papers_with_code,level2_fine_grained,Online Vectorized HD Map Construction,6,1.466e-05
papers_with_code,level2_fine_grained,Personalized Segmentation,6,1.466e-05
papers_with_code,level2_fine_grained,Story Continuation,6,1.466e-05
papers_with_code,level2_fine_grained,Models Alignment,6,1.466e-05
papers_with_code,level2_fine_grained,Lightweight Deployment,6,1.466e-05
papers_with_code,level2_fine_grained,Referring Multi-Object Tracking,6,1.466e-05
papers_with_code,level2_fine_grained,Text-to-Video Editing,6,1.466e-05
papers_with_code,level2_fine_grained,Video-to-Sound Generation,6,1.466e-05
papers_with_code,level2_fine_grained,Belebele,6,1.466e-05
papers_with_code,level2_fine_grained,3D Object Captioning,6,1.466e-05
papers_with_code,level2_fine_grained,"1 Image, 2*2 Stitching",6,1.466e-05
papers_with_code,level2_fine_grained,Consistent Character Generation,6,1.466e-05
papers_with_code,level2_fine_grained,Blind Image Quality Assessment,6,1.466e-05
papers_with_code,level2_fine_grained,GitHub issue resolution,6,1.466e-05
papers_with_code,level2_fine_grained,Open-Domain Subject-to-Video,6,1.466e-05
papers_with_code,level2_fine_grained,Single-Domain Subject-to-Video,6,1.466e-05
papers_with_code,level2_fine_grained,Relation Linking,5,1.222e-05
papers_with_code,level2_fine_grained,2D Cyclist Detection,5,1.222e-05
papers_with_code,level2_fine_grained,Visual Analogies,5,1.222e-05
papers_with_code,level2_fine_grained,Sentence ReWriting,5,1.222e-05
papers_with_code,level2_fine_grained,Superpixel Image Classification,5,1.222e-05
papers_with_code,level2_fine_grained,Error Understanding,5,1.222e-05
papers_with_code,level2_fine_grained,Unfairness Detection,5,1.222e-05
papers_with_code,level2_fine_grained,Myocardial infarction detection,5,1.222e-05
papers_with_code,level2_fine_grained,Text Attribute Transfer,5,1.222e-05
papers_with_code,level2_fine_grained,Protein Stability Prediction,5,1.222e-05
papers_with_code,level2_fine_grained,Facial Beauty Prediction,5,1.222e-05
papers_with_code,level2_fine_grained,Chinese Reading Comprehension,5,1.222e-05
papers_with_code,level2_fine_grained,Visual Question Answering (VQA) Split A,5,1.222e-05
papers_with_code,level2_fine_grained,Visual Question Answering (VQA) Split B,5,1.222e-05
papers_with_code,level2_fine_grained,Salt-And-Pepper Noise Removal,5,1.222e-05
papers_with_code,level2_fine_grained,Nonparametric Clustering,5,1.222e-05
papers_with_code,level2_fine_grained,Occluded Face Detection,5,1.222e-05
papers_with_code,level2_fine_grained,Game of Doom,5,1.222e-05
papers_with_code,level2_fine_grained,Pupil Detection,5,1.222e-05
papers_with_code,level2_fine_grained,Image-guided Story Ending Generation,5,1.222e-05
papers_with_code,level2_fine_grained,Font Style Transfer,5,1.222e-05
papers_with_code,level2_fine_grained,Driver Attention Monitoring,5,1.222e-05
papers_with_code,level2_fine_grained,Clustering Ensemble,5,1.222e-05
papers_with_code,level2_fine_grained,Relevance Detection,5,1.222e-05
papers_with_code,level2_fine_grained,Unsupervised Dependency Parsing,5,1.222e-05
papers_with_code,level2_fine_grained,Visual Social Relationship Recognition,5,1.222e-05
papers_with_code,level2_fine_grained,Graphon Estimation,5,1.222e-05
papers_with_code,level2_fine_grained,Micro-Action Recognition,5,1.222e-05
papers_with_code,level2_fine_grained,Prepositional Phrase Attachment,5,1.222e-05
papers_with_code,level2_fine_grained,Image Paragraph Captioning,5,1.222e-05
papers_with_code,level2_fine_grained,Enumerative Search,5,1.222e-05
papers_with_code,level2_fine_grained,Game of Poker,5,1.222e-05
papers_with_code,level2_fine_grained,Domain 1-1,5,1.222e-05
papers_with_code,level2_fine_grained,Domain 11-1,5,1.222e-05
papers_with_code,level2_fine_grained,Domain 11-5,5,1.222e-05
papers_with_code,level2_fine_grained,Brain Lesion Segmentation From Mri,5,1.222e-05
papers_with_code,level2_fine_grained,Time-Series Few-Shot Learning with Heterogeneous Channels,5,1.222e-05
papers_with_code,level2_fine_grained,Image Deblocking,5,1.222e-05
papers_with_code,level2_fine_grained,Cross-Lingual Bitext Mining,5,1.222e-05
papers_with_code,level2_fine_grained,Pupil Tracking,5,1.222e-05
papers_with_code,level2_fine_grained,Line Art Colorization,5,1.222e-05
papers_with_code,level2_fine_grained,Video Harmonization,5,1.222e-05
papers_with_code,level2_fine_grained,Age-Invariant Face Recognition,5,1.222e-05
papers_with_code,level2_fine_grained,Uncertainty Visualization,5,1.222e-05
papers_with_code,level2_fine_grained,Unsupervised Sentence Summarization,5,1.222e-05
papers_with_code,level2_fine_grained,Style Generalization,5,1.222e-05
papers_with_code,level2_fine_grained,Named Entity Recognition In Vietnamese,5,1.222e-05
papers_with_code,level2_fine_grained,Irregular Text Recognition,5,1.222e-05
papers_with_code,level2_fine_grained,Graph Ranking,5,1.222e-05
papers_with_code,level2_fine_grained,Biologically-plausible Training,5,1.222e-05
papers_with_code,level2_fine_grained,Space group classification,5,1.222e-05
papers_with_code,level2_fine_grained,3D Human Dynamics,5,1.222e-05
papers_with_code,level2_fine_grained,Left Ventricle Segmentation,5,1.222e-05
papers_with_code,level2_fine_grained,Sleep Micro-event detection,5,1.222e-05
papers_with_code,level2_fine_grained,Timex normalization,5,1.222e-05
papers_with_code,level2_fine_grained,es-en,5,1.222e-05
papers_with_code,level2_fine_grained,Native Language Identification,5,1.222e-05
papers_with_code,level2_fine_grained,Contextual Anomaly Detection,5,1.222e-05
papers_with_code,level2_fine_grained,Sports Ball Detection and Tracking,5,1.222e-05
papers_with_code,level2_fine_grained,Unsupervised Saliency Detection,5,1.222e-05
papers_with_code,level2_fine_grained,Long-tail learning with class descriptors,5,1.222e-05
papers_with_code,level2_fine_grained,Classification Consistency,5,1.222e-05
papers_with_code,level2_fine_grained,Vowel Classification,5,1.222e-05
papers_with_code,level2_fine_grained,Service Composition,5,1.222e-05
papers_with_code,level2_fine_grained,Scientific Results Extraction,5,1.222e-05
papers_with_code,level2_fine_grained,Occupation prediction,5,1.222e-05
papers_with_code,level2_fine_grained,Riddle Sense,5,1.222e-05
papers_with_code,level2_fine_grained,Multimodal Sleep Stage Detection,5,1.222e-05
papers_with_code,level2_fine_grained,Logical Sequence,5,1.222e-05
papers_with_code,level2_fine_grained,Emotion Recognition in Context,5,1.222e-05
papers_with_code,level2_fine_grained,Online Domain Adaptation,5,1.222e-05
papers_with_code,level2_fine_grained,Ancient Text Restoration,5,1.222e-05
papers_with_code,level2_fine_grained,Sequential Place Recognition,5,1.222e-05
papers_with_code,level2_fine_grained,Unsupervised Landmark Detection,5,1.222e-05
papers_with_code,level2_fine_grained,Unsupervised Opinion Summarization,5,1.222e-05
papers_with_code,level2_fine_grained,Anomaly Detection in Edge Streams,5,1.222e-05
papers_with_code,level2_fine_grained,Open Intent Discovery,5,1.222e-05
papers_with_code,level2_fine_grained,Text-to-Face Generation,5,1.222e-05
papers_with_code,level2_fine_grained,Hypergraph Matching,5,1.222e-05
papers_with_code,level2_fine_grained,FLUE,5,1.222e-05
papers_with_code,level2_fine_grained,Multi-Choice MRC,5,1.222e-05
papers_with_code,level2_fine_grained,Radar odometry,5,1.222e-05
papers_with_code,level2_fine_grained,3D Point Cloud Data Augmentation,5,1.222e-05
papers_with_code,level2_fine_grained,Face Age Editing,5,1.222e-05
papers_with_code,level2_fine_grained,Vehicle Speed Estimation,5,1.222e-05
papers_with_code,level2_fine_grained,Classification Of Breast Cancer Histology Images,5,1.222e-05
papers_with_code,level2_fine_grained,Organ Detection,5,1.222e-05
papers_with_code,level2_fine_grained,Document Text Classification,5,1.222e-05
papers_with_code,level2_fine_grained,Multimodal Text and Image Classification,5,1.222e-05
papers_with_code,level2_fine_grained,Learning with coarse labels,5,1.222e-05
papers_with_code,level2_fine_grained,Counterfactual Detection,5,1.222e-05
papers_with_code,level2_fine_grained,Visually Guided Sound Source Separation,5,1.222e-05
papers_with_code,level2_fine_grained,Kidney Function,5,1.222e-05
papers_with_code,level2_fine_grained,Hypergraph representations,5,1.222e-05
papers_with_code,level2_fine_grained,Columns Property Annotation,5,1.222e-05
papers_with_code,level2_fine_grained,Weakly-Supervised Named Entity Recognition,5,1.222e-05
papers_with_code,level2_fine_grained,Data Ablation,5,1.222e-05
papers_with_code,level2_fine_grained,Age and Gender Estimation,5,1.222e-05
papers_with_code,level2_fine_grained,Accident Anticipation,5,1.222e-05
papers_with_code,level2_fine_grained,Long Term Anticipation,5,1.222e-05
papers_with_code,level2_fine_grained,Elementary Mathematics,5,1.222e-05
papers_with_code,level2_fine_grained,Voice Similarity,5,1.222e-05
papers_with_code,level2_fine_grained,Lay Summarization,5,1.222e-05
papers_with_code,level2_fine_grained,Spoken Command Recognition,5,1.222e-05
papers_with_code,level2_fine_grained,EEG Denoising,5,1.222e-05
papers_with_code,level2_fine_grained,Security Studies,5,1.222e-05
papers_with_code,level2_fine_grained,Cross-Lingual Paraphrase Identification,5,1.222e-05
papers_with_code,level2_fine_grained,Overlapped 100-10,5,1.222e-05
papers_with_code,level2_fine_grained,Overlapped 100-50,5,1.222e-05
papers_with_code,level2_fine_grained,Overlapped 50-50,5,1.222e-05
papers_with_code,level2_fine_grained,Transferability,5,1.222e-05
papers_with_code,level2_fine_grained,3D Point Cloud Interpolation,5,1.222e-05
papers_with_code,level2_fine_grained,Split-CIFAR-10,5,1.222e-05
papers_with_code,level2_fine_grained,Medical Procedure,5,1.222e-05
papers_with_code,level2_fine_grained,Animated GIF Generation,5,1.222e-05
papers_with_code,level2_fine_grained,TDC ADMET Benchmarking Group,5,1.222e-05
papers_with_code,level2_fine_grained,Landmark Tracking,5,1.222e-05
papers_with_code,level2_fine_grained,Dynamic Community Detection,5,1.222e-05
papers_with_code,level2_fine_grained,Phone-level pronunciation scoring,5,1.222e-05
papers_with_code,level2_fine_grained,Skill Mastery,5,1.222e-05
papers_with_code,level2_fine_grained,3D Shape Reconstruction from Videos,5,1.222e-05
papers_with_code,level2_fine_grained,Zero-Shot Environment Sound Classification,5,1.222e-05
papers_with_code,level2_fine_grained,Abstract generation,5,1.222e-05
papers_with_code,level2_fine_grained,Flood extent forecasting,5,1.222e-05
papers_with_code,level2_fine_grained,Open Set Action Recognition,5,1.222e-05
papers_with_code,level2_fine_grained,Retrieval-augmented Few-shot In-context Audio Captioning,5,1.222e-05
papers_with_code,level2_fine_grained,Autism detection,5,1.222e-05
papers_with_code,level2_fine_grained,multi-view detection,5,1.222e-05
papers_with_code,level2_fine_grained,Pitch control,5,1.222e-05
papers_with_code,level2_fine_grained,Class-agnostic Object Detection,5,1.222e-05
papers_with_code,level2_fine_grained,Fill Mask,5,1.222e-05
papers_with_code,level2_fine_grained,Multiview Clustering,5,1.222e-05
papers_with_code,level2_fine_grained,Motion Disentanglement,5,1.222e-05
papers_with_code,level2_fine_grained,Zero-Shot Action Detection,5,1.222e-05
papers_with_code,level2_fine_grained,Depth Anomaly Detection and Segmentation,5,1.222e-05
papers_with_code,level2_fine_grained,Epistemic Reasoning,5,1.222e-05
papers_with_code,level2_fine_grained,Logical Fallacy Detection,5,1.222e-05
papers_with_code,level2_fine_grained,Logic Grid Puzzle,5,1.222e-05
papers_with_code,level2_fine_grained,"Initial Structure to Relaxed Energy (IS2RE), Direct",5,1.222e-05
papers_with_code,level2_fine_grained,TGIF-Action,5,1.222e-05
papers_with_code,level2_fine_grained,TGIF-Transition,5,1.222e-05
papers_with_code,level2_fine_grained,AUDIO-VISUAL QUESTION ANSWERING (MUSIC-AVQA-v2.0),5,1.222e-05
papers_with_code,level2_fine_grained,Mistake Detection,5,1.222e-05
papers_with_code,level2_fine_grained,Few-Shot Audio Classification,5,1.222e-05
papers_with_code,level2_fine_grained,Genome Understanding,5,1.222e-05
papers_with_code,level2_fine_grained,Graph Outlier Detection,5,1.222e-05
papers_with_code,level2_fine_grained,Temporal/Casual QA,5,1.222e-05
papers_with_code,level2_fine_grained,Continual Self-Supervised Learning,5,1.222e-05
papers_with_code,level2_fine_grained,Partially Relevant Video Retrieval,5,1.222e-05
papers_with_code,level2_fine_grained,Source-free Domain Generalization,5,1.222e-05
papers_with_code,level2_fine_grained,Hypergraph Contrastive Learning,5,1.222e-05
papers_with_code,level2_fine_grained,Virtual Staining,5,1.222e-05
papers_with_code,level2_fine_grained,Dynamic Node Classification,5,1.222e-05
papers_with_code,level2_fine_grained,Splice Site Prediction,5,1.222e-05
papers_with_code,level2_fine_grained,Synthetic Image Attribution,5,1.222e-05
papers_with_code,level2_fine_grained,Zero-shot Text to Audio Retrieval,5,1.222e-05
papers_with_code,level2_fine_grained,Semantic Shift Detection,5,1.222e-05
papers_with_code,level2_fine_grained,ENF (Electric Network Frequency) Extraction,5,1.222e-05
papers_with_code,level2_fine_grained,Zero-shot Classification (unified classes),5,1.222e-05
papers_with_code,level2_fine_grained,Simultaneous Speech-to-Speech Translation,5,1.222e-05
papers_with_code,level2_fine_grained,VCGBench-Diverse,5,1.222e-05
papers_with_code,level2_fine_grained,Music Performance Rendering,5,1.222e-05
papers_with_code,level2_fine_grained,Hint Generation,5,1.222e-05
papers_with_code,level2_fine_grained,Generative 3D Object Classification,5,1.222e-05
papers_with_code,level2_fine_grained,Simulated Gaussian Manipulation,5,1.222e-05
papers_with_code,level2_fine_grained,Cross-modal place recognition,5,1.222e-05
papers_with_code,level2_fine_grained,Drum Transcription,4,9.78e-06
papers_with_code,level2_fine_grained,Predict Future Video Frames,4,9.78e-06
papers_with_code,level2_fine_grained,Fine-Grained Vehicle Classification,4,9.78e-06
papers_with_code,level2_fine_grained,SQL-to-Text,4,9.78e-06
papers_with_code,level2_fine_grained,SNES Games,4,9.78e-06
papers_with_code,level2_fine_grained,UCCA Parsing,4,9.78e-06
papers_with_code,level2_fine_grained,Semantic Role Labeling (predicted predicates),4,9.78e-06
papers_with_code,level2_fine_grained,Fine-Grained Opinion Analysis,4,9.78e-06
papers_with_code,level2_fine_grained,Group Anomaly Detection,4,9.78e-06
papers_with_code,level2_fine_grained,Object Detection In Indoor Scenes,4,9.78e-06
papers_with_code,level2_fine_grained,Local Community Detection,4,9.78e-06
papers_with_code,level2_fine_grained,Multi-modal image segmentation,4,9.78e-06
papers_with_code,level2_fine_grained,Jpeg Compression Artifact Reduction,4,9.78e-06
papers_with_code,level2_fine_grained,Image Generation from Scene Graphs,4,9.78e-06
papers_with_code,level2_fine_grained,Classify 3D Point Clouds,4,9.78e-06
papers_with_code,level2_fine_grained,Myocardium Segmentation,4,9.78e-06
papers_with_code,level2_fine_grained,Multi-Label Image Retrieval,4,9.78e-06
papers_with_code,level2_fine_grained,AI2 Reasoning Challenge,4,9.78e-06
papers_with_code,level2_fine_grained,Infant Brain Mri Segmentation,4,9.78e-06
papers_with_code,level2_fine_grained,Face to Face Translation,4,9.78e-06
papers_with_code,level2_fine_grained,Multi-Label Classification Of Biomedical Texts,4,9.78e-06
papers_with_code,level2_fine_grained,Omniverse Isaac Gym,4,9.78e-06
papers_with_code,level2_fine_grained,Social Media Popularity Prediction,4,9.78e-06
papers_with_code,level2_fine_grained,Classification with Costly Features,4,9.78e-06
papers_with_code,level2_fine_grained,Online Beat Tracking,4,9.78e-06
papers_with_code,level2_fine_grained,Class-level Code Generation,4,9.78e-06
papers_with_code,level2_fine_grained,Unconstrained Lip-synchronization,4,9.78e-06
papers_with_code,level2_fine_grained,Point-interactive Image Colorization,4,9.78e-06
papers_with_code,level2_fine_grained,Semantic Image Matting,4,9.78e-06
papers_with_code,level2_fine_grained,Disease Trajectory Forecasting,4,9.78e-06
papers_with_code,level2_fine_grained,Morphological Disambiguation,4,9.78e-06
papers_with_code,level2_fine_grained,Vector Quantization (k-means problem),4,9.78e-06
papers_with_code,level2_fine_grained,Summarization,4,9.78e-06
papers_with_code,level2_fine_grained,Scene Labeling,4,9.78e-06
papers_with_code,level2_fine_grained,Face Transfer,4,9.78e-06
papers_with_code,level2_fine_grained,Melanoma Diagnosis,4,9.78e-06
papers_with_code,level2_fine_grained,Car Pose Estimation,4,9.78e-06
papers_with_code,level2_fine_grained,Leadership Inference,4,9.78e-06
papers_with_code,level2_fine_grained,Classification Of Variable Stars,4,9.78e-06
papers_with_code,level2_fine_grained,LV Segmentation,4,9.78e-06
papers_with_code,level2_fine_grained,Surgical Gesture Recognition,4,9.78e-06
papers_with_code,level2_fine_grained,Raspberry Pi 3,4,9.78e-06
papers_with_code,level2_fine_grained,Protein Interface Prediction,4,9.78e-06
papers_with_code,level2_fine_grained,Visual Keyword Spotting,4,9.78e-06
papers_with_code,level2_fine_grained,All-day Semantic Segmentation,4,9.78e-06
papers_with_code,level2_fine_grained,Explanatory Visual Question Answering,4,9.78e-06
papers_with_code,level2_fine_grained,Music Genre Transfer,4,9.78e-06
papers_with_code,level2_fine_grained,Image and Video Forgery Detection,4,9.78e-06
papers_with_code,level2_fine_grained,Conversation Disentanglement,4,9.78e-06
papers_with_code,level2_fine_grained,X-Ray Diffraction (XRD),4,9.78e-06
papers_with_code,level2_fine_grained,Multi Class Text Classification,4,9.78e-06
papers_with_code,level2_fine_grained,Gait Identification,4,9.78e-06
papers_with_code,level2_fine_grained,Monocular 3D Object Localization,4,9.78e-06
papers_with_code,level2_fine_grained,Pose-Guided Image Generation,4,9.78e-06
papers_with_code,level2_fine_grained,Video Propagation,4,9.78e-06
papers_with_code,level2_fine_grained,satellite image super-resolution,4,9.78e-06
papers_with_code,level2_fine_grained,3D Geometry Perception,4,9.78e-06
papers_with_code,level2_fine_grained,Unsupervised Anomaly Detection with Specified Settings -- 0.1% anomaly,4,9.78e-06
papers_with_code,level2_fine_grained,Unsupervised Anomaly Detection with Specified Settings -- 10% anomaly,4,9.78e-06
papers_with_code,level2_fine_grained,Unsupervised Anomaly Detection with Specified Settings -- 1% anomaly,4,9.78e-06
papers_with_code,level2_fine_grained,Unsupervised Anomaly Detection with Specified Settings -- 20% anomaly,4,9.78e-06
papers_with_code,level2_fine_grained,Unsupervised Anomaly Detection with Specified Settings -- 30% anomaly,4,9.78e-06
papers_with_code,level2_fine_grained,Sequential skip prediction,4,9.78e-06
papers_with_code,level2_fine_grained,Knowledge Graphs Data Curation,4,9.78e-06
papers_with_code,level2_fine_grained,Fine-Grained Urban Flow Inference,4,9.78e-06
papers_with_code,level2_fine_grained,Clustering Multivariate Time Series,4,9.78e-06
papers_with_code,level2_fine_grained,Traffic Accident Detection,4,9.78e-06
papers_with_code,level2_fine_grained,Learning Network Representations,4,9.78e-06
papers_with_code,level2_fine_grained,Weakly Supervised Action Segmentation (Transcript),4,9.78e-06
papers_with_code,level2_fine_grained,Steganographics,4,9.78e-06
papers_with_code,level2_fine_grained,Grasp Contact Prediction,4,9.78e-06
papers_with_code,level2_fine_grained,Gravitational Wave Detection,4,9.78e-06
papers_with_code,level2_fine_grained,Chinese Sentiment Analysis,4,9.78e-06
papers_with_code,level2_fine_grained,WNLI,4,9.78e-06
papers_with_code,level2_fine_grained,Influence Approximation,4,9.78e-06
papers_with_code,level2_fine_grained,Entity Cross-Document Coreference Resolution,4,9.78e-06
papers_with_code,level2_fine_grained,Aspect-oriented Opinion Extraction,4,9.78e-06
papers_with_code,level2_fine_grained,Temporal Tagging,4,9.78e-06
papers_with_code,level2_fine_grained,Dialogue Rewriting,4,9.78e-06
papers_with_code,level2_fine_grained,3D Multi-Person Human Pose Estimation,4,9.78e-06
papers_with_code,level2_fine_grained,Facial Makeup Transfer,4,9.78e-06
papers_with_code,level2_fine_grained,3D Volumetric Reconstruction,4,9.78e-06
papers_with_code,level2_fine_grained,3D Pedestrian Tracking,4,9.78e-06
papers_with_code,level2_fine_grained,Game of Football,4,9.78e-06
papers_with_code,level2_fine_grained,Prosody Prediction,4,9.78e-06
papers_with_code,level2_fine_grained,Spatial Relation Recognition,4,9.78e-06
papers_with_code,level2_fine_grained,Pulmonary Embolism Detection,4,9.78e-06
papers_with_code,level2_fine_grained,Multi-Modal Document Classification,4,9.78e-06
papers_with_code,level2_fine_grained,Thoracic Disease Classification,4,9.78e-06
papers_with_code,level2_fine_grained,Self-Organized Clustering,4,9.78e-06
papers_with_code,level2_fine_grained,Distance regression,4,9.78e-06
papers_with_code,level2_fine_grained,Transparent Object Depth Estimation,4,9.78e-06
papers_with_code,level2_fine_grained,Binary Relation Extraction,4,9.78e-06
papers_with_code,level2_fine_grained,Sequential Place Learning,4,9.78e-06
papers_with_code,level2_fine_grained,Single-Image Portrait Relighting,4,9.78e-06
papers_with_code,level2_fine_grained,Chinese Spell Checking,4,9.78e-06
papers_with_code,level2_fine_grained,Medical Concept Normalization,4,9.78e-06
papers_with_code,level2_fine_grained,Negation Scope Resolution,4,9.78e-06
papers_with_code,level2_fine_grained,Instance Shadow Detection,4,9.78e-06
papers_with_code,level2_fine_grained,Historical Color Image Dating,4,9.78e-06
papers_with_code,level2_fine_grained,Weakly Supervised 3D Detection,4,9.78e-06
papers_with_code,level2_fine_grained,Video-Adverb Retrieval,4,9.78e-06
papers_with_code,level2_fine_grained,Single-Image-Based Hdr Reconstruction,4,9.78e-06
papers_with_code,level2_fine_grained,Micro-Expression Spotting,4,9.78e-06
papers_with_code,level2_fine_grained,Overlapped 19-1,4,9.78e-06
papers_with_code,level2_fine_grained,Logical Reasoning Reading Comprehension,4,9.78e-06
papers_with_code,level2_fine_grained,Self-Supervised Person Re-Identification,4,9.78e-06
papers_with_code,level2_fine_grained,Mobile Security,4,9.78e-06
papers_with_code,level2_fine_grained,Unsupervised Text Classification,4,9.78e-06
papers_with_code,level2_fine_grained,Supervised Image Retrieval,4,9.78e-06
papers_with_code,level2_fine_grained,Automatic Modulation Recognition,4,9.78e-06
papers_with_code,level2_fine_grained,hyperspectral image clustering,4,9.78e-06
papers_with_code,level2_fine_grained,Part-aware Panoptic Segmentation,4,9.78e-06
papers_with_code,level2_fine_grained,Geographic Question Answering,4,9.78e-06
papers_with_code,level2_fine_grained,Winowhy,4,9.78e-06
papers_with_code,level2_fine_grained,statistical independence testing,4,9.78e-06
papers_with_code,level2_fine_grained,Joint Demosaicing and Denoising,4,9.78e-06
papers_with_code,level2_fine_grained,Face Image Retrieval,4,9.78e-06
papers_with_code,level2_fine_grained,3D Bin Packing,4,9.78e-06
papers_with_code,level2_fine_grained,Blood Cell Detection,4,9.78e-06
papers_with_code,level2_fine_grained,Audio declipping,4,9.78e-06
papers_with_code,level2_fine_grained,Cross-Domain Facial Expression Recognition,4,9.78e-06
papers_with_code,level2_fine_grained,Unsupervised Part Discovery,4,9.78e-06
papers_with_code,level2_fine_grained,Code Comment Generation,4,9.78e-06
papers_with_code,level2_fine_grained,Satire Detection,4,9.78e-06
papers_with_code,level2_fine_grained,Camera Auto-Calibration,4,9.78e-06
papers_with_code,level2_fine_grained,Argument Pair Extraction (APE),4,9.78e-06
papers_with_code,level2_fine_grained,Dense contact estimation,4,9.78e-06
papers_with_code,level2_fine_grained,Fingertip Detection,4,9.78e-06
papers_with_code,level2_fine_grained,DNA analysis,4,9.78e-06
papers_with_code,level2_fine_grained,Brain Morphometry,4,9.78e-06
papers_with_code,level2_fine_grained,3D Human Pose Tracking,4,9.78e-06
papers_with_code,level2_fine_grained,point of interests,4,9.78e-06
papers_with_code,level2_fine_grained,Therapeutics Data Commons,4,9.78e-06
papers_with_code,level2_fine_grained,Production Forecasting,4,9.78e-06
papers_with_code,level2_fine_grained,ROI-based image generation,4,9.78e-06
papers_with_code,level2_fine_grained,Semantic Segmentation on ScanNet,4,9.78e-06
papers_with_code,level2_fine_grained,3D Facial Landmark Localization,4,9.78e-06
papers_with_code,level2_fine_grained,Valence Estimation,4,9.78e-06
papers_with_code,level2_fine_grained,Intent Classification and Slot Filling,4,9.78e-06
papers_with_code,level2_fine_grained,ObjectGoal Navigation,4,9.78e-06
papers_with_code,level2_fine_grained,Weakly Supervised Defect Detection,4,9.78e-06
papers_with_code,level2_fine_grained,Zero-shot Event Extraction,4,9.78e-06
papers_with_code,level2_fine_grained,Semi-supervised time series classification,4,9.78e-06
papers_with_code,level2_fine_grained,Spectrum Cartography,4,9.78e-06
papers_with_code,level2_fine_grained,Long-Form Narrative Summarization,4,9.78e-06
papers_with_code,level2_fine_grained,Text-Based Stock Prediction,4,9.78e-06
papers_with_code,level2_fine_grained,Alzheimer's Detection,4,9.78e-06
papers_with_code,level2_fine_grained,3D Unsupervised Domain Adaptation,4,9.78e-06
papers_with_code,level2_fine_grained,Protein-Ligand Affinity Prediction,4,9.78e-06
papers_with_code,level2_fine_grained,Mitigating Contextual Bias,4,9.78e-06
papers_with_code,level2_fine_grained,Reading Order Detection,4,9.78e-06
papers_with_code,level2_fine_grained,Cantilever Beam,4,9.78e-06
papers_with_code,level2_fine_grained,Aspect-Category-Opinion-Sentiment Quadruple Extraction,4,9.78e-06
papers_with_code,level2_fine_grained,Aspect Category Polarity,4,9.78e-06
papers_with_code,level2_fine_grained,New Product Sales Forecasting,4,9.78e-06
papers_with_code,level2_fine_grained,Zero Shot on BEIR (Inference Free Model),4,9.78e-06
papers_with_code,level2_fine_grained,Text-to-Shape Generation,4,9.78e-06
papers_with_code,level2_fine_grained,Class-Incremental Object Detection,4,9.78e-06
papers_with_code,level2_fine_grained,2D Panoptic Segmentation,4,9.78e-06
papers_with_code,level2_fine_grained,Packet Loss Concealment,4,9.78e-06
papers_with_code,level2_fine_grained,Zero-shot Sentiment Classification,4,9.78e-06
papers_with_code,level2_fine_grained,Stroke Classification,4,9.78e-06
papers_with_code,level2_fine_grained,Full-body anonymization,4,9.78e-06
papers_with_code,level2_fine_grained,Analogical Similarity,4,9.78e-06
papers_with_code,level2_fine_grained,Causal Judgment,4,9.78e-06
papers_with_code,level2_fine_grained,Mathematical Induction,4,9.78e-06
papers_with_code,level2_fine_grained,Vietnamese Visual Question Answering,4,9.78e-06
papers_with_code,level2_fine_grained,Sequence-to-sequence Language Modeling,4,9.78e-06
papers_with_code,level2_fine_grained,Data Mining,4,9.78e-06
papers_with_code,level2_fine_grained,Profile Generation,4,9.78e-06
papers_with_code,level2_fine_grained,Visual Abductive Reasoning,4,9.78e-06
papers_with_code,level2_fine_grained,Relation Mapping,4,9.78e-06
papers_with_code,level2_fine_grained,Correlated Time Series Forecasting,4,9.78e-06
papers_with_code,level2_fine_grained,Boundary Captioning,4,9.78e-06
papers_with_code,level2_fine_grained,Few-Shot Stance Detection,4,9.78e-06
papers_with_code,level2_fine_grained,Stereotypical Bias Analysis,4,9.78e-06
papers_with_code,level2_fine_grained,Vocal technique classification,4,9.78e-06
papers_with_code,level2_fine_grained,Logo Recognition,4,9.78e-06
papers_with_code,level2_fine_grained,Table-based Question Answering,4,9.78e-06
papers_with_code,level2_fine_grained,Spatial Token Mixer,4,9.78e-06
papers_with_code,level2_fine_grained,Library-Oriented Code Generation,4,9.78e-06
papers_with_code,level2_fine_grained,Multibehavior Recommendation,4,9.78e-06
papers_with_code,level2_fine_grained,point cloud video understanding,4,9.78e-06
papers_with_code,level2_fine_grained,Re-basin,4,9.78e-06
papers_with_code,level2_fine_grained,Burned Area Delineation,4,9.78e-06
papers_with_code,level2_fine_grained,Text Pair Classification,4,9.78e-06
papers_with_code,level2_fine_grained,3D Assembly,4,9.78e-06
papers_with_code,level2_fine_grained,Derendering,4,9.78e-06
papers_with_code,level2_fine_grained,Factual Inconsistency Detection in Chart Captioning,4,9.78e-06
papers_with_code,level2_fine_grained,Unsupervised Panoptic Segmentation,4,9.78e-06
papers_with_code,level2_fine_grained,Prediction Of Occupancy Grid Maps,4,9.78e-06
papers_with_code,level2_fine_grained,Efficient Diffusion Personalization,4,9.78e-06
papers_with_code,level2_fine_grained,Zero-shot Text-to-Video Generation,4,9.78e-06
papers_with_code,level2_fine_grained,Music Question Answering,4,9.78e-06
papers_with_code,level2_fine_grained,Activation Function Synthesis,4,9.78e-06
papers_with_code,level2_fine_grained,3D Parameter-Efficient Fine-Tuning for Classification,4,9.78e-06
papers_with_code,level2_fine_grained,Audio-Visual Captioning,4,9.78e-06
papers_with_code,level2_fine_grained,Latent Diffusion Model for 3D,4,9.78e-06
papers_with_code,level2_fine_grained,Zero-shot skeleton-based action recognition,4,9.78e-06
papers_with_code,level2_fine_grained,Grounded Video Question Answering,4,9.78e-06
papers_with_code,level2_fine_grained,Zero-shot Audio Captioning,4,9.78e-06
papers_with_code,level2_fine_grained,3D Inpainting,4,9.78e-06
papers_with_code,level2_fine_grained,Human-Object Interaction Generation,4,9.78e-06
papers_with_code,level2_fine_grained,Feature Splatting,4,9.78e-06
papers_with_code,level2_fine_grained,Multimodel-guided image editing,4,9.78e-06
papers_with_code,level2_fine_grained,3D Object Detection (RoI),4,9.78e-06
papers_with_code,level2_fine_grained,Lidar Scene Completion,4,9.78e-06
papers_with_code,level2_fine_grained,Online Mistake Detection,4,9.78e-06
papers_with_code,level2_fine_grained,Marine Animal Segmentation,4,9.78e-06
papers_with_code,level2_fine_grained,AI and Safety,4,9.78e-06
papers_with_code,level2_fine_grained,Reasoning Video Object Segmentation,4,9.78e-06
papers_with_code,level2_fine_grained,Autonomous Web Navigation,4,9.78e-06
papers_with_code,level2_fine_grained,Streaming video understanding,4,9.78e-06
papers_with_code,level2_fine_grained,Virtual Try-Off,4,9.78e-06
papers_with_code,level2_fine_grained,Participant Intervention Comparison Outcome Extraction,3,7.33e-06
papers_with_code,level2_fine_grained,Memex Question Answering,3,7.33e-06
papers_with_code,level2_fine_grained,Task-Completion Dialogue Policy Learning,3,7.33e-06
papers_with_code,level2_fine_grained,Spatio-temporal Action Recognition,3,7.33e-06
papers_with_code,level2_fine_grained,Bird Audio Detection,3,7.33e-06
papers_with_code,level2_fine_grained,RF-based Pose Estimation,3,7.33e-06
papers_with_code,level2_fine_grained,Soil moisture estimation,3,7.33e-06
papers_with_code,level2_fine_grained,Video Forecasting,3,7.33e-06
papers_with_code,level2_fine_grained,Period Estimation,3,7.33e-06
papers_with_code,level2_fine_grained,Information Threading,3,7.33e-06
papers_with_code,level2_fine_grained,Speaker-Specific Lip to Speech Synthesis,3,7.33e-06
papers_with_code,level2_fine_grained,Object Segmentation,3,7.33e-06
papers_with_code,level2_fine_grained,Sequential Correlation Estimation,3,7.33e-06
papers_with_code,level2_fine_grained,Multimodal Attribute Value Extraction,3,7.33e-06
papers_with_code,level2_fine_grained,Automatic Liver And Tumor Segmentation,3,7.33e-06
papers_with_code,level2_fine_grained,Procedure Learning,3,7.33e-06
papers_with_code,level2_fine_grained,Arabic Speech Recognition,3,7.33e-06
papers_with_code,level2_fine_grained,Event Expansion,3,7.33e-06
papers_with_code,level2_fine_grained,Early Action Prediction,3,7.33e-06
papers_with_code,level2_fine_grained,Dependency Grammar Induction,3,7.33e-06
papers_with_code,level2_fine_grained,Weakly-Supervised Action Recognition,3,7.33e-06
papers_with_code,level2_fine_grained,Bangla Spelling Error Correction,3,7.33e-06
papers_with_code,level2_fine_grained,Pain Intensity Regression,3,7.33e-06
papers_with_code,level2_fine_grained,Defocus Estimation,3,7.33e-06
papers_with_code,level2_fine_grained,Query-Based Extractive Summarization,3,7.33e-06
papers_with_code,level2_fine_grained,MHC presentation prediction,3,7.33e-06
papers_with_code,level2_fine_grained,Cross-lingual zero-shot dependency parsing,3,7.33e-06
papers_with_code,level2_fine_grained,Dynamic Topic Modeling,3,7.33e-06
papers_with_code,level2_fine_grained,Pornography Detection,3,7.33e-06
papers_with_code,level2_fine_grained,Noisy Speech Recognition,3,7.33e-06
papers_with_code,level2_fine_grained,Active Object Localization,3,7.33e-06
papers_with_code,level2_fine_grained,Weakly-supervised panoptic segmentation,3,7.33e-06
papers_with_code,level2_fine_grained,Facies Classification,3,7.33e-06
papers_with_code,level2_fine_grained,KB-to-Language Generation,3,7.33e-06
papers_with_code,level2_fine_grained,Unsupervised Sentence Compression,3,7.33e-06
papers_with_code,level2_fine_grained,Multi-task Audio Source Seperation,3,7.33e-06
papers_with_code,level2_fine_grained,Landmine,3,7.33e-06
papers_with_code,level2_fine_grained,Information Extraction,3,7.33e-06
papers_with_code,level2_fine_grained,Local Color Enhancement,3,7.33e-06
papers_with_code,level2_fine_grained,Cross-Domain Iris Presentation Attack Detection,3,7.33e-06
papers_with_code,level2_fine_grained,Lossy-Compression Artifact Reduction,3,7.33e-06
papers_with_code,level2_fine_grained,Point Set Upsampling,3,7.33e-06
papers_with_code,level2_fine_grained,Semantic Part Detection,3,7.33e-06
papers_with_code,level2_fine_grained,Object Skeleton Detection,3,7.33e-06
papers_with_code,level2_fine_grained,Graph-To-Graph Translation,3,7.33e-06
papers_with_code,level2_fine_grained,Unsupervised Image Decomposition,3,7.33e-06
papers_with_code,level2_fine_grained,Reverse Style Transfer,3,7.33e-06
papers_with_code,level2_fine_grained,K-complex detection,3,7.33e-06
papers_with_code,level2_fine_grained,Sleep Arousal Detection,3,7.33e-06
papers_with_code,level2_fine_grained,Multi-Focus Microscopical Images Fusion,3,7.33e-06
papers_with_code,level2_fine_grained,Hierarchical Text Segmentation,3,7.33e-06
papers_with_code,level2_fine_grained,Real-to-Cartoon translation,3,7.33e-06
papers_with_code,level2_fine_grained,Handwritten Chinese Text Recognition,3,7.33e-06
papers_with_code,level2_fine_grained,Seismic Interpretation,3,7.33e-06
papers_with_code,level2_fine_grained,Scene-Aware Dialogue,3,7.33e-06
papers_with_code,level2_fine_grained,Chinese Sentence Pair Classification,3,7.33e-06
papers_with_code,level2_fine_grained,Game of Hanabi,3,7.33e-06
papers_with_code,level2_fine_grained,Clinical Language Translation,3,7.33e-06
papers_with_code,level2_fine_grained,Structural Node Embedding,3,7.33e-06
papers_with_code,level2_fine_grained,Robot Pose Estimation,3,7.33e-06
papers_with_code,level2_fine_grained,Network Community Partition,3,7.33e-06
papers_with_code,level2_fine_grained,Time Series Averaging,3,7.33e-06
papers_with_code,level2_fine_grained,Zero-Shot Machine Translation,3,7.33e-06
papers_with_code,level2_fine_grained,3D Rotation Estimation,3,7.33e-06
papers_with_code,level2_fine_grained,3D Character Animation From A Single Photo,3,7.33e-06
papers_with_code,level2_fine_grained,3D Car Instance Understanding,3,7.33e-06
papers_with_code,level2_fine_grained,Audio Effects Modeling,3,7.33e-06
papers_with_code,level2_fine_grained,Japanese Word Segmentation,3,7.33e-06
papers_with_code,level2_fine_grained,Twitter Event Detection,3,7.33e-06
papers_with_code,level2_fine_grained,Single-cell modeling,3,7.33e-06
papers_with_code,level2_fine_grained,Solitaire,3,7.33e-06
papers_with_code,level2_fine_grained,Epilepsy Prediction,3,7.33e-06
papers_with_code,level2_fine_grained,Continued fraction,3,7.33e-06
papers_with_code,level2_fine_grained,Root Joint Localization,3,7.33e-06
papers_with_code,level2_fine_grained,Image-To-Video Person Re-Identification,3,7.33e-06
papers_with_code,level2_fine_grained,EEG Artifact Removal,3,7.33e-06
papers_with_code,level2_fine_grained,Transparent Object Detection,3,7.33e-06
papers_with_code,level2_fine_grained,Instrument Playing Technique Detection,3,7.33e-06
papers_with_code,level2_fine_grained,Poll Generation,3,7.33e-06
papers_with_code,level2_fine_grained,Extract aspect-polarity tuple,3,7.33e-06
papers_with_code,level2_fine_grained,Zero-Shot Intent Classification,3,7.33e-06
papers_with_code,level2_fine_grained,Tree Decomposition,3,7.33e-06
papers_with_code,level2_fine_grained,Emotion Interpretation,3,7.33e-06
papers_with_code,level2_fine_grained,Community Search,3,7.33e-06
papers_with_code,level2_fine_grained,Facial Expression Translation,3,7.33e-06
papers_with_code,level2_fine_grained,Spatio-temporal Scene Graphs,3,7.33e-06
papers_with_code,level2_fine_grained,Speculation Detection,3,7.33e-06
papers_with_code,level2_fine_grained,Zero-Shot Action Recognition on UCF101,3,7.33e-06
papers_with_code,level2_fine_grained,Query focused video summarization,3,7.33e-06
papers_with_code,level2_fine_grained,Logical Reasoning Question Answering,3,7.33e-06
papers_with_code,level2_fine_grained,Webcam (RGB) image classification,3,7.33e-06
papers_with_code,level2_fine_grained,Real-Time 3D Semantic Segmentation,3,7.33e-06
papers_with_code,level2_fine_grained,Provable Adversarial Defense,3,7.33e-06
papers_with_code,level2_fine_grained,Assortment Optimization,3,7.33e-06
papers_with_code,level2_fine_grained,Face Quality Assessement,3,7.33e-06
papers_with_code,level2_fine_grained,Demoire,3,7.33e-06
papers_with_code,level2_fine_grained,Attribute Mining,3,7.33e-06
papers_with_code,level2_fine_grained,Polyphone disambiguation,3,7.33e-06
papers_with_code,level2_fine_grained,Histopathological Segmentation,3,7.33e-06
papers_with_code,level2_fine_grained,drone-based object tracking,3,7.33e-06
papers_with_code,level2_fine_grained,Contextualised Word Representations,3,7.33e-06
papers_with_code,level2_fine_grained,Style Detection,3,7.33e-06
papers_with_code,level2_fine_grained,Time-interval Prediction,3,7.33e-06
papers_with_code,level2_fine_grained,Attention Score Prediction,3,7.33e-06
papers_with_code,level2_fine_grained,Cognate Prediction,3,7.33e-06
papers_with_code,level2_fine_grained,Weakly Supervised 3D Point Cloud Segmentation,3,7.33e-06
papers_with_code,level2_fine_grained,Conversational Information Access,3,7.33e-06
papers_with_code,level2_fine_grained,Optic Cup Segmentation,3,7.33e-06
papers_with_code,level2_fine_grained,Few-shot 3D Point Cloud Semantic Segmentation,3,7.33e-06
papers_with_code,level2_fine_grained,Zero-Shot Audio Retrieval,3,7.33e-06
papers_with_code,level2_fine_grained,Multi-object discovery,3,7.33e-06
papers_with_code,level2_fine_grained,Speaker Profiling,3,7.33e-06
papers_with_code,level2_fine_grained,Drone Controller,3,7.33e-06
papers_with_code,level2_fine_grained,Junction Detection,3,7.33e-06
papers_with_code,level2_fine_grained,Toponym Recognition,3,7.33e-06
papers_with_code,level2_fine_grained,Immune Repertoire Classification,3,7.33e-06
papers_with_code,level2_fine_grained,GUI Element Detection,3,7.33e-06
papers_with_code,level2_fine_grained,Blood Detection,3,7.33e-06
papers_with_code,level2_fine_grained,Collaborative Fairness,3,7.33e-06
papers_with_code,level2_fine_grained,Reasoning Chain Explanations,3,7.33e-06
papers_with_code,level2_fine_grained,Zero-shot Relation Triplet Extraction,3,7.33e-06
papers_with_code,level2_fine_grained,Aspect-Sentiment-Opinion Triplet Extraction,3,7.33e-06
papers_with_code,level2_fine_grained,Adversarial Natural Language Inference,3,7.33e-06
papers_with_code,level2_fine_grained,Semantic Image-Text Similarity,3,7.33e-06
papers_with_code,level2_fine_grained,Tropical Cyclone Intensity Forecasting,3,7.33e-06
papers_with_code,level2_fine_grained,Atomic action recognition,3,7.33e-06
papers_with_code,level2_fine_grained,Semi-Supervised Human Pose Estimation,3,7.33e-06
papers_with_code,level2_fine_grained,Replay Grounding,3,7.33e-06
papers_with_code,level2_fine_grained,Atom3D benchmark,3,7.33e-06
papers_with_code,level2_fine_grained,Depth-aware Video Panoptic Segmentation,3,7.33e-06
papers_with_code,level2_fine_grained,Temporal View Synthesis,3,7.33e-06
papers_with_code,level2_fine_grained,Domain Labelling,3,7.33e-06
papers_with_code,level2_fine_grained,Semi-Supervised Video Classification,3,7.33e-06
papers_with_code,level2_fine_grained,Affine Image Registration,3,7.33e-06
papers_with_code,level2_fine_grained,Generalized Zero Shot skeletal action recognition,3,7.33e-06
papers_with_code,level2_fine_grained,Retinal OCT Layer Segmentation,3,7.33e-06
papers_with_code,level2_fine_grained,Environment Sound Classification,3,7.33e-06
papers_with_code,level2_fine_grained,Human-Object Interaction Concept Discovery,3,7.33e-06
papers_with_code,level2_fine_grained,SQL Synthesis,3,7.33e-06
papers_with_code,level2_fine_grained,SAR Ship Detection,3,7.33e-06
papers_with_code,level2_fine_grained,Music Compression,3,7.33e-06
papers_with_code,level2_fine_grained,Classification with Binary Weight Network,3,7.33e-06
papers_with_code,level2_fine_grained,Duplicate-Question Retrieval,3,7.33e-06
papers_with_code,level2_fine_grained,Tweet Retrieval,3,7.33e-06
papers_with_code,level2_fine_grained,Hallucination Pair-wise Detection (1-ref),3,7.33e-06
papers_with_code,level2_fine_grained,Human Judgment Correlation,3,7.33e-06
papers_with_code,level2_fine_grained,Referring Image Matting (Expression-based),3,7.33e-06
papers_with_code,level2_fine_grained,Referring Image Matting (Keyword-based),3,7.33e-06
papers_with_code,level2_fine_grained,Referring Image Matting (RefMatte-RW100),3,7.33e-06
papers_with_code,level2_fine_grained,Natural Language Inference (Zero-Shot),3,7.33e-06
papers_with_code,level2_fine_grained,End-to-End RST Parsing,3,7.33e-06
papers_with_code,level2_fine_grained,Timedial,3,7.33e-06
papers_with_code,level2_fine_grained,Initial Structure to Relaxed Energy (IS2RE),3,7.33e-06
papers_with_code,level2_fine_grained,Coronary Artery Segmentation,3,7.33e-06
papers_with_code,level2_fine_grained,Fovea Detection,3,7.33e-06
papers_with_code,level2_fine_grained,Optic Disc Detection,3,7.33e-06
papers_with_code,level2_fine_grained,Anomaly Instance Segmentation,3,7.33e-06
papers_with_code,level2_fine_grained,Subject Transfer,3,7.33e-06
papers_with_code,level2_fine_grained,Human Behavior Forecasting,3,7.33e-06
papers_with_code,level2_fine_grained,Population Mapping,3,7.33e-06
papers_with_code,level2_fine_grained,2D Semantic Segmentation task 1 (8 classes),3,7.33e-06
papers_with_code,level2_fine_grained,Drug ATC Classification,3,7.33e-06
papers_with_code,level2_fine_grained,Federated Unsupervised Learning,3,7.33e-06
papers_with_code,level2_fine_grained,Person-centric Visual Grounding,3,7.33e-06
papers_with_code,level2_fine_grained,Photo to Rest Generalization,3,7.33e-06
papers_with_code,level2_fine_grained,Sequential Diagnosis,3,7.33e-06
papers_with_code,level2_fine_grained,Factual probe,3,7.33e-06
papers_with_code,level2_fine_grained,Multi-modal Dialogue Generation,3,7.33e-06
papers_with_code,level2_fine_grained,Compositional Generalization (AVG),3,7.33e-06
papers_with_code,level2_fine_grained,Time Series Streams,3,7.33e-06
papers_with_code,level2_fine_grained,Online unsupervised domain adaptation,3,7.33e-06
papers_with_code,level2_fine_grained,Reference-based Video Super-Resolution,3,7.33e-06
papers_with_code,level2_fine_grained,Webpage Object Detection,3,7.33e-06
papers_with_code,level2_fine_grained,Citation worthiness,3,7.33e-06
papers_with_code,level2_fine_grained,Multi-instrument Music Transcription,3,7.33e-06
papers_with_code,level2_fine_grained,Meter Reading,3,7.33e-06
papers_with_code,level2_fine_grained,Few-Shot Point Cloud Classification,3,7.33e-06
papers_with_code,level2_fine_grained,Training-free 3D Part Segmentation,3,7.33e-06
papers_with_code,level2_fine_grained,Zero-Shot Multi-Speaker TTS,3,7.33e-06
papers_with_code,level2_fine_grained,One-Shot Face Stylization,3,7.33e-06
papers_with_code,level2_fine_grained,Anachronisms,3,7.33e-06
papers_with_code,level2_fine_grained,Disambiguation QA,3,7.33e-06
papers_with_code,level2_fine_grained,Discourse Marker Prediction,3,7.33e-06
papers_with_code,level2_fine_grained,Empirical Judgments,3,7.33e-06
papers_with_code,level2_fine_grained,Formal Fallacies Syllogisms Negation,3,7.33e-06
papers_with_code,level2_fine_grained,High School Physics,3,7.33e-06
papers_with_code,level2_fine_grained,Hyperbaton,3,7.33e-06
papers_with_code,level2_fine_grained,Medical Genetics,3,7.33e-06
papers_with_code,level2_fine_grained,Metaphor Boolean,3,7.33e-06
papers_with_code,level2_fine_grained,Moral Permissibility,3,7.33e-06
papers_with_code,level2_fine_grained,Penguins In A Table,3,7.33e-06
papers_with_code,level2_fine_grained,Reasoning About Colored Objects,3,7.33e-06
papers_with_code,level2_fine_grained,Ruin Names,3,7.33e-06
papers_with_code,level2_fine_grained,Sentence Ambiguity,3,7.33e-06
papers_with_code,level2_fine_grained,Classification on Time Series with Missing Data,3,7.33e-06
papers_with_code,level2_fine_grained,3D Canonicalization,3,7.33e-06
papers_with_code,level2_fine_grained,Cancer type classification,3,7.33e-06
papers_with_code,level2_fine_grained,Political Salient Issue Orientation Detection,3,7.33e-06
papers_with_code,level2_fine_grained,Low-light Image Deblurring and Enhancement,3,7.33e-06
papers_with_code,level2_fine_grained,GZSL Video Classification,3,7.33e-06
papers_with_code,level2_fine_grained,Overlapped 5-3,3,7.33e-06
papers_with_code,level2_fine_grained,Burst Image Reconstruction,3,7.33e-06
papers_with_code,level2_fine_grained,Video Individual Counting,3,7.33e-06
papers_with_code,level2_fine_grained,Handwritten Document Recognition,3,7.33e-06
papers_with_code,level2_fine_grained,Air Quality Inference,3,7.33e-06
papers_with_code,level2_fine_grained,SpO2 estimation,3,7.33e-06
papers_with_code,level2_fine_grained,Gallbladder Cancer Detection,3,7.33e-06
papers_with_code,level2_fine_grained,Differential equation solution,3,7.33e-06
papers_with_code,level2_fine_grained,Dialogue Safety Prediction,3,7.33e-06
papers_with_code,level2_fine_grained,Zero-Shot Cross-Lingual Image-to-Text Retrieval,3,7.33e-06
papers_with_code,level2_fine_grained,Zero-Shot Cross-Lingual Text-to-Image Retrieval,3,7.33e-06
papers_with_code,level2_fine_grained,spatial-aware image editing,3,7.33e-06
papers_with_code,level2_fine_grained,Referring Image Matting,3,7.33e-06
papers_with_code,level2_fine_grained,Maximum Separation,3,7.33e-06
papers_with_code,level2_fine_grained,Uncertainty-Aware Panoptic Segmentation,3,7.33e-06
papers_with_code,level2_fine_grained,A-VB High,3,7.33e-06
papers_with_code,level2_fine_grained,Scene Classification (unified classes),3,7.33e-06
papers_with_code,level2_fine_grained,Pitch Classification,3,7.33e-06
papers_with_code,level2_fine_grained,Few-shot Object Counting and Detection,3,7.33e-06
papers_with_code,level2_fine_grained,Weight Space Learning,3,7.33e-06
papers_with_code,level2_fine_grained,Violence and Weaponized Violence Detection,3,7.33e-06
papers_with_code,level2_fine_grained,Multimodal Association,3,7.33e-06
papers_with_code,level2_fine_grained,FetchPush-v1,3,7.33e-06
papers_with_code,level2_fine_grained,Gaze Target Estimation,3,7.33e-06
papers_with_code,level2_fine_grained,Joint Radar-Communication,3,7.33e-06
papers_with_code,level2_fine_grained,input filtering,3,7.33e-06
papers_with_code,level2_fine_grained,Silent Speech Recognition,3,7.33e-06
papers_with_code,level2_fine_grained,Continual Named Entity Recognition,3,7.33e-06
papers_with_code,level2_fine_grained,Text Reranking,3,7.33e-06
papers_with_code,level2_fine_grained,Sound Prompted Semantic Segmentation,3,7.33e-06
papers_with_code,level2_fine_grained,Speech Prompted Semantic Segmentation,3,7.33e-06
papers_with_code,level2_fine_grained,Document-level RE with incomplete labeling,3,7.33e-06
papers_with_code,level2_fine_grained,Few Shot Open Set Object Detection,3,7.33e-06
papers_with_code,level2_fine_grained,Classify murmurs,3,7.33e-06
papers_with_code,level2_fine_grained,Predict clinical outcome,3,7.33e-06
papers_with_code,level2_fine_grained,Unsupervised 3D Semantic Segmentation,3,7.33e-06
papers_with_code,level2_fine_grained,Text-Variation,3,7.33e-06
papers_with_code,level2_fine_grained,IUPAC Name Prediction,3,7.33e-06
papers_with_code,level2_fine_grained,Automated Writing Evaluation,3,7.33e-06
papers_with_code,level2_fine_grained,Action Triplet Detection,3,7.33e-06
papers_with_code,level2_fine_grained,3D Object Editing,3,7.33e-06
papers_with_code,level2_fine_grained,Eyeblink detection,3,7.33e-06
papers_with_code,level2_fine_grained,Metadata quality,3,7.33e-06
papers_with_code,level2_fine_grained,Simultaneous Speech-to-Text Translation,3,7.33e-06
papers_with_code,level2_fine_grained,Novel LiDAR View Synthesis,3,7.33e-06
papers_with_code,level2_fine_grained,Multispectral Image Super-resolution,3,7.33e-06
papers_with_code,level2_fine_grained,Student dropout,3,7.33e-06
papers_with_code,level2_fine_grained,Vietnamese Multimodal Learning,3,7.33e-06
papers_with_code,level2_fine_grained,Underwater Acoustic Classification,3,7.33e-06
papers_with_code,level2_fine_grained,"1 Image, 2*2 Stitchi",3,7.33e-06
papers_with_code,level2_fine_grained,Depth Aleatoric Uncertainty Estimation,3,7.33e-06
papers_with_code,level2_fine_grained,Financial Relation Extraction,3,7.33e-06
papers_with_code,level2_fine_grained,CARLA Leaderboard 2.0,3,7.33e-06
papers_with_code,level2_fine_grained,Forward reaction prediction,3,7.33e-06
papers_with_code,level2_fine_grained,Reagent Prediction,3,7.33e-06
papers_with_code,level2_fine_grained,open vocabulary 3d instance segmentation,3,7.33e-06
papers_with_code,level2_fine_grained,Printed Text Recognition,3,7.33e-06
papers_with_code,level2_fine_grained,zero-shot long video breakpoint-mode question answering,3,7.33e-06
papers_with_code,level2_fine_grained,zero-shot long video global-model question answering,3,7.33e-06
papers_with_code,level2_fine_grained,zero-shot long video question answering,3,7.33e-06
papers_with_code,level2_fine_grained,Zero-Shot Visual Question Answring,3,7.33e-06
papers_with_code,level2_fine_grained,Hypertension detection,3,7.33e-06
papers_with_code,level2_fine_grained,Articulated Object modelling,3,7.33e-06
papers_with_code,level2_fine_grained,Multimodal Music Generation,3,7.33e-06
papers_with_code,level2_fine_grained,Composed Video Retrieval (CoVR),3,7.33e-06
papers_with_code,level2_fine_grained,Artery/Veins Retinal Vessel Segmentation,3,7.33e-06
papers_with_code,level2_fine_grained,Cryogenic Electron Tomography,3,7.33e-06
papers_with_code,level2_fine_grained,Open Vocabulary Action Recognition,3,7.33e-06
papers_with_code,level2_fine_grained,Personality Alignment,3,7.33e-06
papers_with_code,level2_fine_grained,Specular Reflection Mitigation,3,7.33e-06
papers_with_code,level2_fine_grained,Dielectric Constant,3,7.33e-06
papers_with_code,level2_fine_grained,Non-Adversarial Robustness,3,7.33e-06
papers_with_code,level2_fine_grained,Video Synopsis,3,7.33e-06
papers_with_code,level2_fine_grained,Grounded Multimodal Named Entity Recognition,3,7.33e-06
papers_with_code,level2_fine_grained,Active 3D Reconstruction,3,7.33e-06
papers_with_code,level2_fine_grained,Test Case Creation,3,7.33e-06
papers_with_code,level2_fine_grained,Transductive Zero-Shot Classification,3,7.33e-06
papers_with_code,level2_fine_grained,Game State Reconstruction,3,7.33e-06
papers_with_code,level2_fine_grained,Social Media Mental Health Detection,3,7.33e-06
papers_with_code,level2_fine_grained,Text2Sparql,3,7.33e-06
papers_with_code,level2_fine_grained,Single Choice Question,3,7.33e-06
papers_with_code,level2_fine_grained,Unconditional Crystal Generation,3,7.33e-06
papers_with_code,level2_fine_grained,Structured Output Generation,3,7.33e-06
papers_with_code,level2_fine_grained,ENF (Electric Network Frequency) Extraction from Video,3,7.33e-06
papers_with_code,level2_fine_grained,Insulator Defect Detection,3,7.33e-06
papers_with_code,level2_fine_grained,Crash injury severity,3,7.33e-06
papers_with_code,level2_fine_grained,ECG Digitization,3,7.33e-06
papers_with_code,level2_fine_grained,Voice pathology detection,3,7.33e-06
papers_with_code,level2_fine_grained,NVIDIA Jetson Orin Nano,3,7.33e-06
papers_with_code,level2_fine_grained,De novo molecule generation from MS/MS spectrum (bonus chemical formulae),3,7.33e-06
papers_with_code,level2_fine_grained,Chinese Zero Pronoun Resolution,2,4.89e-06
papers_with_code,level2_fine_grained,Surgical Skills Evaluation,2,4.89e-06
papers_with_code,level2_fine_grained,Job Prediction,2,4.89e-06
papers_with_code,level2_fine_grained,Multimodal Patch Matching,2,4.89e-06
papers_with_code,level2_fine_grained,3D Object Super-Resolution,2,4.89e-06
papers_with_code,level2_fine_grained,Space Fortress,2,4.89e-06
papers_with_code,level2_fine_grained,Continuous Object Recognition,2,4.89e-06
papers_with_code,level2_fine_grained,Text Classification (Sentiment Analysis),2,4.89e-06
papers_with_code,level2_fine_grained,Detecting Shadows,2,4.89e-06
papers_with_code,level2_fine_grained,Actin Detection,2,4.89e-06
papers_with_code,level2_fine_grained,Disguised Face Verification,2,4.89e-06
papers_with_code,level2_fine_grained,Drone Pose Estimation,2,4.89e-06
papers_with_code,level2_fine_grained,Semi-Supervised RGBD Semantic Segmentation,2,4.89e-06
papers_with_code,level2_fine_grained,Depth Image Estimation,2,4.89e-06
papers_with_code,level2_fine_grained,Pose-Based Human Instance Segmentation,2,4.89e-06
papers_with_code,level2_fine_grained,Video Story QA,2,4.89e-06
papers_with_code,level2_fine_grained,Multi-Oriented Scene Text Detection,2,4.89e-06
papers_with_code,level2_fine_grained,3D Facial Expression Recognition,2,4.89e-06
papers_with_code,level2_fine_grained,Text-Dependent Speaker Verification,2,4.89e-06
papers_with_code,level2_fine_grained,Handwritten Word Generation,2,4.89e-06
papers_with_code,level2_fine_grained,Game of Shogi,2,4.89e-06
papers_with_code,level2_fine_grained,Photo-To-Caricature Translation,2,4.89e-06
papers_with_code,level2_fine_grained,Vehicle Color Recognition,2,4.89e-06
papers_with_code,level2_fine_grained,Cancer-no cancer per image classification,2,4.89e-06
papers_with_code,level2_fine_grained,Trademark Retrieval,2,4.89e-06
papers_with_code,level2_fine_grained,Spinal Cord Gray Matter - Segmentation,2,4.89e-06
papers_with_code,level2_fine_grained,Dynamic Texture Recognition,2,4.89e-06
papers_with_code,level2_fine_grained,Mental Stress Detection,2,4.89e-06
papers_with_code,level2_fine_grained,Supervised Text Retrieval,2,4.89e-06
papers_with_code,level2_fine_grained,Joint Multilingual Sentence Representations,2,4.89e-06
papers_with_code,level2_fine_grained,Video Deinterlacing,2,4.89e-06
papers_with_code,level2_fine_grained,Metamerism,2,4.89e-06
papers_with_code,level2_fine_grained,Whole Mammogram Classification,2,4.89e-06
papers_with_code,level2_fine_grained,Multi-Person Pose Estimation and Tracking,2,4.89e-06
papers_with_code,level2_fine_grained,Visual Sentiment Prediction,2,4.89e-06
papers_with_code,level2_fine_grained,quantum gate design,2,4.89e-06
papers_with_code,level2_fine_grained,Object Detection in Artwork,2,4.89e-06
papers_with_code,level2_fine_grained,Concept-To-Text Generation,2,4.89e-06
papers_with_code,level2_fine_grained,BRDF estimation,2,4.89e-06
papers_with_code,level2_fine_grained,Session Search,2,4.89e-06
papers_with_code,level2_fine_grained,Offline surgical phase recognition,2,4.89e-06
papers_with_code,level2_fine_grained,Author Attribution,2,4.89e-06
papers_with_code,level2_fine_grained,Natural Language Transduction,2,4.89e-06
papers_with_code,level2_fine_grained,Offline Handwritten Chinese Character Recognition,2,4.89e-06
papers_with_code,level2_fine_grained,Weakly-Supervised Object Segmentation,2,4.89e-06
papers_with_code,level2_fine_grained,Nature-Inspired Optimization Algorithm,2,4.89e-06
papers_with_code,level2_fine_grained,Speech Synthesis - Gujarati,2,4.89e-06
papers_with_code,level2_fine_grained,Fashion Understanding,2,4.89e-06
papers_with_code,level2_fine_grained,Few-Shot Camera-Adaptive Color Constancy,2,4.89e-06
papers_with_code,level2_fine_grained,Textual Analogy Parsing,2,4.89e-06
papers_with_code,level2_fine_grained,Street Scene Parsing,2,4.89e-06
papers_with_code,level2_fine_grained,Credit score,2,4.89e-06
papers_with_code,level2_fine_grained,Transportation Mode Detection,2,4.89e-06
papers_with_code,level2_fine_grained,Sentence Embeddings For Biomedical Texts,2,4.89e-06
papers_with_code,level2_fine_grained,Acute Stroke Lesion Segmentation,2,4.89e-06
papers_with_code,level2_fine_grained,User Constrained Thumbnail Generation,2,4.89e-06
papers_with_code,level2_fine_grained,Fish Detection,2,4.89e-06
papers_with_code,level2_fine_grained,News Annotation,2,4.89e-06
papers_with_code,level2_fine_grained,Sonnet Generation,2,4.89e-06
papers_with_code,level2_fine_grained,Acoustic Question Answering,2,4.89e-06
papers_with_code,level2_fine_grained,One-Shot Instance Segmentation,2,4.89e-06
papers_with_code,level2_fine_grained,Medical X-Ray Image Segmentation,2,4.89e-06
papers_with_code,level2_fine_grained,Flooded Building Segmentation,2,4.89e-06
papers_with_code,level2_fine_grained,Action Parsing,2,4.89e-06
papers_with_code,level2_fine_grained,Video-to-image Affordance Grounding,2,4.89e-06
papers_with_code,level2_fine_grained,Online Ranker Evaluation,2,4.89e-06
papers_with_code,level2_fine_grained,Vision-based navigation with language-based assistance,2,4.89e-06
papers_with_code,level2_fine_grained,Annotated Code Search,2,4.89e-06
papers_with_code,level2_fine_grained,Croatian Text Diacritization,2,4.89e-06
papers_with_code,level2_fine_grained,Czech Text Diacritization,2,4.89e-06
papers_with_code,level2_fine_grained,French Text Diacritization,2,4.89e-06
papers_with_code,level2_fine_grained,Hungarian Text Diacritization,2,4.89e-06
papers_with_code,level2_fine_grained,Irish Text Diacritization,2,4.89e-06
papers_with_code,level2_fine_grained,Latvian Text Diacritization,2,4.89e-06
papers_with_code,level2_fine_grained,Polish Text Diacritization,2,4.89e-06
papers_with_code,level2_fine_grained,Romanian Text Diacritization,2,4.89e-06
papers_with_code,level2_fine_grained,Slovak Text Diacritization,2,4.89e-06
papers_with_code,level2_fine_grained,Spanish Text Diacritization,2,4.89e-06
papers_with_code,level2_fine_grained,Turkish Text Diacritization,2,4.89e-06
papers_with_code,level2_fine_grained,Vietnamese Text Diacritization,2,4.89e-06
papers_with_code,level2_fine_grained,Multimodal Lexical Translation,2,4.89e-06
papers_with_code,level2_fine_grained,Clothing Attribute Recognition,2,4.89e-06
papers_with_code,level2_fine_grained,Image Compression Artifact Reduction,2,4.89e-06
papers_with_code,level2_fine_grained,General Classification Selection,2,4.89e-06
papers_with_code,level2_fine_grained,3D Mesh Denoising,2,4.89e-06
papers_with_code,level2_fine_grained,Chinese Semantic Role Labeling,2,4.89e-06
papers_with_code,level2_fine_grained,Document Dating,2,4.89e-06
papers_with_code,level2_fine_grained,Open Knowledge Graph Canonicalization,2,4.89e-06
papers_with_code,level2_fine_grained,Plane Instance Segmentation,2,4.89e-06
papers_with_code,level2_fine_grained,Relational Captioning,2,4.89e-06
papers_with_code,level2_fine_grained,Video Relationship,2,4.89e-06
papers_with_code,level2_fine_grained,Single-object colocalization,2,4.89e-06
papers_with_code,level2_fine_grained,Video-Guided Machine Translation,2,4.89e-06
papers_with_code,level2_fine_grained,Bird View Synthesis,2,4.89e-06
papers_with_code,level2_fine_grained,4D Spatio Temporal Semantic Segmentation,2,4.89e-06
papers_with_code,level2_fine_grained,Unsupervised KG-to-Text Generation,2,4.89e-06
papers_with_code,level2_fine_grained,Connective Detection,2,4.89e-06
papers_with_code,level2_fine_grained,Skin Lesion Identification,2,4.89e-06
papers_with_code,level2_fine_grained,Vehicle Key-Point and Orientation Estimation,2,4.89e-06
papers_with_code,level2_fine_grained,Control with Prametrised Actions,2,4.89e-06
papers_with_code,level2_fine_grained,Game of Sudoku,2,4.89e-06
papers_with_code,level2_fine_grained,Total Magnetization,2,4.89e-06
papers_with_code,level2_fine_grained,Mutual Gaze,2,4.89e-06
papers_with_code,level2_fine_grained,Record linking,2,4.89e-06
papers_with_code,level2_fine_grained,Manner Of Articulation Detection,2,4.89e-06
papers_with_code,level2_fine_grained,Gene Interaction Prediction,2,4.89e-06
papers_with_code,level2_fine_grained,Nested Term Extraction,2,4.89e-06
papers_with_code,level2_fine_grained,ISVR,2,4.89e-06
papers_with_code,level2_fine_grained,Aesthetic Image Captioning,2,4.89e-06
papers_with_code,level2_fine_grained,Zero-shot Cross-Lingual Document Classification,2,4.89e-06
papers_with_code,level2_fine_grained,hyperedge classification,2,4.89e-06
papers_with_code,level2_fine_grained,Tropical Cyclone Track Forecasting,2,4.89e-06
papers_with_code,level2_fine_grained,Neural Network Security,2,4.89e-06
papers_with_code,level2_fine_grained,Chemical-Protein Interaction Extraction,2,4.89e-06
papers_with_code,level2_fine_grained,Emotional Dialogue Acts,2,4.89e-06
papers_with_code,level2_fine_grained,band gap regression,2,4.89e-06
papers_with_code,level2_fine_grained,Audio Signal Recognition,2,4.89e-06
papers_with_code,level2_fine_grained,Contextual Embedding for Source Code,2,4.89e-06
papers_with_code,level2_fine_grained,Exception type,2,4.89e-06
papers_with_code,level2_fine_grained,Semantic Contour Prediction,2,4.89e-06
papers_with_code,level2_fine_grained,Scientific Concept Extraction,2,4.89e-06
papers_with_code,level2_fine_grained,Speculation Scope Resolution,2,4.89e-06
papers_with_code,level2_fine_grained,Lightfield,2,4.89e-06
papers_with_code,level2_fine_grained,Safety Perception Recognition,2,4.89e-06
papers_with_code,level2_fine_grained,Self Adaptive System,2,4.89e-06
papers_with_code,level2_fine_grained,RDF Dataset Discovery,2,4.89e-06
papers_with_code,level2_fine_grained,Lake Detection,2,4.89e-06
papers_with_code,level2_fine_grained,On-the-Fly Sketch Based Image Retrieval,2,4.89e-06
papers_with_code,level2_fine_grained,Vietnamese Language Models,2,4.89e-06
papers_with_code,level2_fine_grained,Physical Attribute Prediction,2,4.89e-06
papers_with_code,level2_fine_grained,General Action Video Anomaly Detection,2,4.89e-06
papers_with_code,level2_fine_grained,Physical Video Anomaly Detection,2,4.89e-06
papers_with_code,level2_fine_grained,Bridging Anaphora Resolution,2,4.89e-06
papers_with_code,level2_fine_grained,Diabetic Foot Ulcer Detection,2,4.89e-06
papers_with_code,level2_fine_grained,Network Identification,2,4.89e-06
papers_with_code,level2_fine_grained,Turning Point Identification,2,4.89e-06
papers_with_code,level2_fine_grained,Camouflage Segmentation,2,4.89e-06
papers_with_code,level2_fine_grained,Skeleton Rig Prediction,2,4.89e-06
papers_with_code,level2_fine_grained,Blood Cell Count,2,4.89e-06
papers_with_code,level2_fine_grained,Manufacturing Quality Control,2,4.89e-06
papers_with_code,level2_fine_grained,Sequential sentence segmentation,2,4.89e-06
papers_with_code,level2_fine_grained,Chinese Spelling Error Correction,2,4.89e-06
papers_with_code,level2_fine_grained,COVID-19 Tracking,2,4.89e-06
papers_with_code,level2_fine_grained,Noise Level Prediction,2,4.89e-06
papers_with_code,level2_fine_grained,Semanticity prediction,2,4.89e-06
papers_with_code,level2_fine_grained,Misogynistic Aggression Identification,2,4.89e-06
papers_with_code,level2_fine_grained,Pill Classification,2,4.89e-06
papers_with_code,level2_fine_grained,Extracting COVID-19 Events from Twitter,2,4.89e-06
papers_with_code,level2_fine_grained,Video-to-Shop,2,4.89e-06
papers_with_code,level2_fine_grained,Drawing Pictures,2,4.89e-06
papers_with_code,level2_fine_grained,CAPTCHA Detection,2,4.89e-06
papers_with_code,level2_fine_grained,Geochemistry,2,4.89e-06
papers_with_code,level2_fine_grained,Continuously Indexed Domain Adaptation,2,4.89e-06
papers_with_code,level2_fine_grained,EEG 4 classes,2,4.89e-06
papers_with_code,level2_fine_grained,EEG Left/Right hand,2,4.89e-06
papers_with_code,level2_fine_grained,Remaining Length of Stay,2,4.89e-06
papers_with_code,level2_fine_grained,CBC TEST,2,4.89e-06
papers_with_code,level2_fine_grained,Zero-Shot Learning + Domain Generalization,2,4.89e-06
papers_with_code,level2_fine_grained,Optimal Motion Planning,2,4.89e-06
papers_with_code,level2_fine_grained,COVID-19 Modelling,2,4.89e-06
papers_with_code,level2_fine_grained,Role-filler Entity Extraction,2,4.89e-06
papers_with_code,level2_fine_grained,Online Community Detection,2,4.89e-06
papers_with_code,level2_fine_grained,QRS Complex Detection,2,4.89e-06
papers_with_code,level2_fine_grained,Context Query Reformulation,2,4.89e-06
papers_with_code,level2_fine_grained,Malware Family Detection,2,4.89e-06
papers_with_code,level2_fine_grained,Multimodal Abstractive Text Summarization,2,4.89e-06
papers_with_code,level2_fine_grained,Action Recognition on HMDB-51,2,4.89e-06
papers_with_code,level2_fine_grained,Sleep spindles detection,2,4.89e-06
papers_with_code,level2_fine_grained,Commonsense Knowledge Base Construction,2,4.89e-06
papers_with_code,level2_fine_grained,Chinese Landscape Painting Generation,2,4.89e-06
papers_with_code,level2_fine_grained,Handwritten Word Segmentation,2,4.89e-06
papers_with_code,level2_fine_grained,Syntax Representation,2,4.89e-06
papers_with_code,level2_fine_grained,Multi-View 3D Shape Retrieval,2,4.89e-06
papers_with_code,level2_fine_grained,ECG Wave Delineation,2,4.89e-06
papers_with_code,level2_fine_grained,Bone Suppression From Dual Energy Chest X-Rays,2,4.89e-06
papers_with_code,level2_fine_grained,Speech Language Identification,2,4.89e-06
papers_with_code,level2_fine_grained,Landslide segmentation,2,4.89e-06
papers_with_code,level2_fine_grained,Perpetual View Generation,2,4.89e-06
papers_with_code,level2_fine_grained,Recognizing Emotion Cause in Conversations,2,4.89e-06
papers_with_code,level2_fine_grained,Extended Summarization,2,4.89e-06
papers_with_code,level2_fine_grained,Thermal Image Denoising,2,4.89e-06
papers_with_code,level2_fine_grained,CyberBattleSim,2,4.89e-06
papers_with_code,level2_fine_grained,Breast Tissue Identification,2,4.89e-06
papers_with_code,level2_fine_grained,Quantum Chemistry Regression,2,4.89e-06
papers_with_code,level2_fine_grained,Multi-Objective Multi-Agent Reinforcement Learning,2,4.89e-06
papers_with_code,level2_fine_grained,Semi-Supervised Person Bounding Box Detection,2,4.89e-06
papers_with_code,level2_fine_grained,Automatic Cell Counting,2,4.89e-06
papers_with_code,level2_fine_grained,Classification (ρ=0.990),2,4.89e-06
papers_with_code,level2_fine_grained,Classification (ρ=0.995),2,4.89e-06
papers_with_code,level2_fine_grained,Classification (ρ=0.997),2,4.89e-06
papers_with_code,level2_fine_grained,Classification (ρ=0.999),2,4.89e-06
papers_with_code,level2_fine_grained,HairColor/Bias-conflicting,2,4.89e-06
papers_with_code,level2_fine_grained,HairColor/Unbiased,2,4.89e-06
papers_with_code,level2_fine_grained,HeavyMakeup/Bias-conflicting,2,4.89e-06
papers_with_code,level2_fine_grained,HeavyMakeup/Unbiased,2,4.89e-06
papers_with_code,level2_fine_grained,3D Wireframe Reconstruction,2,4.89e-06
papers_with_code,level2_fine_grained,Text-to-video search,2,4.89e-06
papers_with_code,level2_fine_grained,Materials Imaging,2,4.89e-06
papers_with_code,level2_fine_grained,Valene Estimation,2,4.89e-06
papers_with_code,level2_fine_grained,Unsupervised Domain Expansion,2,4.89e-06
papers_with_code,level2_fine_grained,Blended-target Domain Adaptation,2,4.89e-06
papers_with_code,level2_fine_grained,Semi-Supervised Action Detection,2,4.89e-06
papers_with_code,level2_fine_grained,Cross-Lingual Semantic Textual Similarity,2,4.89e-06
papers_with_code,level2_fine_grained,Clinical Information Retreival,2,4.89e-06
papers_with_code,level2_fine_grained,Hallucination Pair-wise Detection (4-ref),2,4.89e-06
papers_with_code,level2_fine_grained,Human Judgment Classification,2,4.89e-06
papers_with_code,level2_fine_grained,Hyperspectral Image-Based Fruit Ripeness Prediction,2,4.89e-06
papers_with_code,level2_fine_grained,Common Sense Reasoning (Zero-Shot),2,4.89e-06
papers_with_code,level2_fine_grained,Human fMRI response prediction,2,4.89e-06
papers_with_code,level2_fine_grained,Text to Audio/Video Retrieval,2,4.89e-06
papers_with_code,level2_fine_grained,Interactive Evaluation of Dialog,2,4.89e-06
papers_with_code,level2_fine_grained,Span-Extraction MRC,2,4.89e-06
papers_with_code,level2_fine_grained,Human-Object Interaction Anticipation,2,4.89e-06
papers_with_code,level2_fine_grained,Vietnamese Aspect-Based Sentiment Analysis,2,4.89e-06
papers_with_code,level2_fine_grained,Vietnamese Sentiment Analysis,2,4.89e-06
papers_with_code,level2_fine_grained,Respiratory motion forecasting,2,4.89e-06
papers_with_code,level2_fine_grained,Prehistory,2,4.89e-06
papers_with_code,level2_fine_grained,Outlier Interpretation,2,4.89e-06
papers_with_code,level2_fine_grained,Unsupervised Text Summarization,2,4.89e-06
papers_with_code,level2_fine_grained,SENTS,2,4.89e-06
papers_with_code,level2_fine_grained,Landmark-based segmentation,2,4.89e-06
papers_with_code,level2_fine_grained,Neural Radiance Caching,2,4.89e-06
papers_with_code,level2_fine_grained,EDIT Task,2,4.89e-06
papers_with_code,level2_fine_grained,Monocular Cross-View Road Scene Parsing(Road),2,4.89e-06
papers_with_code,level2_fine_grained,Monocular Cross-View Road Scene Parsing(Vehicle),2,4.89e-06
papers_with_code,level2_fine_grained,HD semantic map learning,2,4.89e-06
papers_with_code,level2_fine_grained,Video Visual Relation Tagging,2,4.89e-06
papers_with_code,level2_fine_grained,Test Agnostic Long-Tailed Learning,2,4.89e-06
papers_with_code,level2_fine_grained,SVBRDF Estimation,2,4.89e-06
papers_with_code,level2_fine_grained,Parking Space Occupancy,2,4.89e-06
papers_with_code,level2_fine_grained,Information Cascade Popularity Prediction,2,4.89e-06
papers_with_code,level2_fine_grained,Online Downbeat Tracking,2,4.89e-06
papers_with_code,level2_fine_grained,Semi Supervised Learning for Image Captioning,2,4.89e-06
papers_with_code,level2_fine_grained,Open Relation Modeling,2,4.89e-06
papers_with_code,level2_fine_grained,Isaac Gym Preview,2,4.89e-06
papers_with_code,level2_fine_grained,AMR Graph Similarity,2,4.89e-06
papers_with_code,level2_fine_grained,Few-shot Age Estimation,2,4.89e-06
papers_with_code,level2_fine_grained,Approximating Betweenness-Centrality ranking,2,4.89e-06
papers_with_code,level2_fine_grained,Fine-Grained Facial Editing,2,4.89e-06
papers_with_code,level2_fine_grained,4-ary Relation Extraction,2,4.89e-06
papers_with_code,level2_fine_grained,Context Aware Product Recommendation,2,4.89e-06
papers_with_code,level2_fine_grained,Short-observation new product sales forecasting,2,4.89e-06
papers_with_code,level2_fine_grained,CW Attack Detection,2,4.89e-06
papers_with_code,level2_fine_grained,Gym halfcheetah-medium,2,4.89e-06
papers_with_code,level2_fine_grained,Gym halfcheetah-medium-expert,2,4.89e-06
papers_with_code,level2_fine_grained,Gym halfcheetah-medium-replay,2,4.89e-06
papers_with_code,level2_fine_grained,Gym halfcheetah-random,2,4.89e-06
papers_with_code,level2_fine_grained,Cancer-no cancer per breast classification,2,4.89e-06
papers_with_code,level2_fine_grained,Skill Generalization,2,4.89e-06
papers_with_code,level2_fine_grained,cow identification,2,4.89e-06
papers_with_code,level2_fine_grained,Few Shot Temporal Action Localization,2,4.89e-06
papers_with_code,level2_fine_grained,Adversarial Attack on Video Classification,2,4.89e-06
papers_with_code,level2_fine_grained,Brain landmark detection,2,4.89e-06
papers_with_code,level2_fine_grained,Zero-Shot Transfer Image Classification (CN),2,4.89e-06
papers_with_code,level2_fine_grained,fill-mask,2,4.89e-06
papers_with_code,level2_fine_grained,Hate Speech Normalization,2,4.89e-06
papers_with_code,level2_fine_grained,Voice Query Recognition,2,4.89e-06
papers_with_code,level2_fine_grained,Seismic Detection,2,4.89e-06
papers_with_code,level2_fine_grained,Circulatory Failure,2,4.89e-06
papers_with_code,level2_fine_grained,Jpeg Forgery Localization,2,4.89e-06
papers_with_code,level2_fine_grained,Depth Image Upsampling,2,4.89e-06
papers_with_code,level2_fine_grained,ECG based Sleep Staging,2,4.89e-06
papers_with_code,level2_fine_grained,RGB+Depth Anomaly Detection and Segmentation,2,4.89e-06
papers_with_code,level2_fine_grained,Image Deep Networks,2,4.89e-06
papers_with_code,level2_fine_grained,Analytic Entailment,2,4.89e-06
papers_with_code,level2_fine_grained,Checkmate In One,2,4.89e-06
papers_with_code,level2_fine_grained,College Chemistry,2,4.89e-06
papers_with_code,level2_fine_grained,College Computer Science,2,4.89e-06
papers_with_code,level2_fine_grained,College Mathematics,2,4.89e-06
papers_with_code,level2_fine_grained,College Medicine,2,4.89e-06
papers_with_code,level2_fine_grained,Crash Blossom,2,4.89e-06
papers_with_code,level2_fine_grained,Crass AI,2,4.89e-06
papers_with_code,level2_fine_grained,Dark Humor Detection,2,4.89e-06
papers_with_code,level2_fine_grained,English Proverbs,2,4.89e-06
papers_with_code,level2_fine_grained,Entailed Polarity,2,4.89e-06
papers_with_code,level2_fine_grained,Evaluating Information Essentiality,2,4.89e-06
papers_with_code,level2_fine_grained,Fantasy Reasoning,2,4.89e-06
papers_with_code,level2_fine_grained,Figure Of Speech Detection,2,4.89e-06
papers_with_code,level2_fine_grained,GRE Reading Comprehension,2,4.89e-06
papers_with_code,level2_fine_grained,Hindu Knowledge,2,4.89e-06
papers_with_code,level2_fine_grained,Human Organs Senses Multiple Choice,2,4.89e-06
papers_with_code,level2_fine_grained,Identify Odd Metapor,2,4.89e-06
papers_with_code,level2_fine_grained,Irony Identification,2,4.89e-06
papers_with_code,level2_fine_grained,Logical Args,2,4.89e-06
papers_with_code,level2_fine_grained,Movie Dialog Same Or Different,2,4.89e-06
papers_with_code,level2_fine_grained,Nonsense Words Grammar,2,4.89e-06
papers_with_code,level2_fine_grained,Phrase Relatedness,2,4.89e-06
papers_with_code,level2_fine_grained,Physics MC,2,4.89e-06
papers_with_code,level2_fine_grained,Presuppositions As NLI,2,4.89e-06
papers_with_code,level2_fine_grained,Professional Medicine,2,4.89e-06
papers_with_code,level2_fine_grained,Professional Psychology,2,4.89e-06
papers_with_code,level2_fine_grained,RACE-h,2,4.89e-06
papers_with_code,level2_fine_grained,RACE-m,2,4.89e-06
papers_with_code,level2_fine_grained,Similarities Abstraction,2,4.89e-06
papers_with_code,level2_fine_grained,Understanding Fables,2,4.89e-06
papers_with_code,level2_fine_grained,Raw reconstruction,2,4.89e-06
papers_with_code,level2_fine_grained,Vocal ensemble separation,2,4.89e-06
papers_with_code,level2_fine_grained,Semi-Supervised Video Action Detection,2,4.89e-06
papers_with_code,level2_fine_grained,Wikipedia Summarization,2,4.89e-06
papers_with_code,level2_fine_grained,Video-Adverb Retrieval (Unseen Compositions),2,4.89e-06
papers_with_code,level2_fine_grained,Few-Shot Classification and Segmentation,2,4.89e-06
papers_with_code,level2_fine_grained,Surveillance-to-Booking,2,4.89e-06
papers_with_code,level2_fine_grained,Surveillance-to-Single,2,4.89e-06
papers_with_code,level2_fine_grained,Surveillance-to-Surveillance,2,4.89e-06
papers_with_code,level2_fine_grained,Foggy Scene Segmentation,2,4.89e-06
papers_with_code,level2_fine_grained,Auto Debugging,2,4.89e-06
papers_with_code,level2_fine_grained,Hidden Aspect Detection,2,4.89e-06
papers_with_code,level2_fine_grained,Animal Action Recognition,2,4.89e-06
papers_with_code,level2_fine_grained,Keyword Spotting on Google Speech Commands,2,4.89e-06
papers_with_code,level2_fine_grained,Utterance-level pronounciation scoring,2,4.89e-06
papers_with_code,level2_fine_grained,Word-level pronunciation scoring,2,4.89e-06
papers_with_code,level2_fine_grained,Definition Modelling,2,4.89e-06
papers_with_code,level2_fine_grained,Evolving Domain Generalization,2,4.89e-06
papers_with_code,level2_fine_grained,Unsupervised Domain Adaptationn,2,4.89e-06
papers_with_code,level2_fine_grained,Personality Recognition in Conversation,2,4.89e-06
papers_with_code,level2_fine_grained,Zero-Shot Cross-Lingual Visual Natural Language Inference,2,4.89e-06
papers_with_code,level2_fine_grained,Zero-Shot Cross-Lingual Visual Question Answering,2,4.89e-06
papers_with_code,level2_fine_grained,Zero-Shot Cross-Lingual Visual Reasoning,2,4.89e-06
papers_with_code,level2_fine_grained,Finger Vein Recognition,2,4.89e-06
papers_with_code,level2_fine_grained,Object State Change Classification on Ego4D,2,4.89e-06
papers_with_code,level2_fine_grained,Amodal Tracking,2,4.89e-06
papers_with_code,level2_fine_grained,Unsupervised face recognition,2,4.89e-06
papers_with_code,level2_fine_grained,Hate Span Identification,2,4.89e-06
papers_with_code,level2_fine_grained,Long-tail Learning on CIFAR-10-LT (ρ=100),2,4.89e-06
papers_with_code,level2_fine_grained,Morpheme Segmentaiton,2,4.89e-06
papers_with_code,level2_fine_grained,fake voice detection,2,4.89e-06
papers_with_code,level2_fine_grained,Zeroshot Video Question Answer,2,4.89e-06
papers_with_code,level2_fine_grained,Traditional Spam Detection,2,4.89e-06
papers_with_code,level2_fine_grained,human-scene contact detection,2,4.89e-06
papers_with_code,level2_fine_grained,Handwritten Line Segmentation,2,4.89e-06
papers_with_code,level2_fine_grained,Medical waveform analysis,2,4.89e-06
papers_with_code,level2_fine_grained,Local intrinsic dimension estimation,2,4.89e-06
papers_with_code,level2_fine_grained,RNA 3D STRUCTURE PREDICTION,2,4.89e-06
papers_with_code,level2_fine_grained,Binary Condescension Detection,2,4.89e-06
papers_with_code,level2_fine_grained,Multi-label Condescension Detection,2,4.89e-06
papers_with_code,level2_fine_grained,A-VB Culture,2,4.89e-06
papers_with_code,level2_fine_grained,A-VB Two,2,4.89e-06
papers_with_code,level2_fine_grained,Federated Lifelong Person ReID,2,4.89e-06
papers_with_code,level2_fine_grained,Pathfinder-X,2,4.89e-06
papers_with_code,level2_fine_grained,Variable Detection,2,4.89e-06
papers_with_code,level2_fine_grained,Long-tail Video Object Segmentation,2,4.89e-06
papers_with_code,level2_fine_grained,Reconstruction,2,4.89e-06
papers_with_code,level2_fine_grained,Clinical Section Identification,2,4.89e-06
papers_with_code,level2_fine_grained,3D Point Cloud Reinforcement Learning,2,4.89e-06
papers_with_code,level2_fine_grained,Phishing Website Detection,2,4.89e-06
papers_with_code,level2_fine_grained,self-supervised scene text recognition,2,4.89e-06
papers_with_code,level2_fine_grained,Micro-expression Generation,2,4.89e-06
papers_with_code,level2_fine_grained,Counterfactual Planning,2,4.89e-06
papers_with_code,level2_fine_grained,Part-based Representation Learning,2,4.89e-06
papers_with_code,level2_fine_grained,Categorical data clustering,2,4.89e-06
papers_with_code,level2_fine_grained,Self-Supervised Image Classification (with CLIP),2,4.89e-06
papers_with_code,level2_fine_grained,Binary Quantification,2,4.89e-06
papers_with_code,level2_fine_grained,Protein Annotation,2,4.89e-06
papers_with_code,level2_fine_grained,Hyper-Relational Extraction,2,4.89e-06
papers_with_code,level2_fine_grained,Prompt-driven Zero-shot Domain Adaptation,2,4.89e-06
papers_with_code,level2_fine_grained,Robust Traffic Prediction,2,4.89e-06
papers_with_code,level2_fine_grained,Single-shot HDR Reconstruction,2,4.89e-06
papers_with_code,level2_fine_grained,Battery diagnosis,2,4.89e-06
papers_with_code,level2_fine_grained,Speech Intent Classification,2,4.89e-06
papers_with_code,level2_fine_grained,Incremental Learning on CIFAR100-B0(5steps of 20 classes),2,4.89e-06
papers_with_code,level2_fine_grained,PII Redaction,2,4.89e-06
papers_with_code,level2_fine_grained,Text2text Generation,2,4.89e-06
papers_with_code,level2_fine_grained,PAIR TRADING,2,4.89e-06
papers_with_code,level2_fine_grained,Unsupervised Zero-Shot Instance Segmentation,2,4.89e-06
papers_with_code,level2_fine_grained,Generative Semantic Nursing,2,4.89e-06
papers_with_code,level2_fine_grained,Calving Front Delineation In Synthetic Aperture Radar Imagery,2,4.89e-06
papers_with_code,level2_fine_grained,Calving Front Delineation In Synthetic Aperture Radar Imagery With Fixed Training Amount,2,4.89e-06
papers_with_code,level2_fine_grained,Subgraph Counting - 3 Star,2,4.89e-06
papers_with_code,level2_fine_grained,Subgraph Counting - C4,2,4.89e-06
papers_with_code,level2_fine_grained,Subgraph Counting - Triangle,2,4.89e-06
papers_with_code,level2_fine_grained,Online Video Anomaly Detection,2,4.89e-06
papers_with_code,level2_fine_grained,Video Narrative Grounding,2,4.89e-06
papers_with_code,level2_fine_grained,Flood Inundation Mapping,2,4.89e-06
papers_with_code,level2_fine_grained,Penn Machine Learning Benchmark,2,4.89e-06
papers_with_code,level2_fine_grained,Color Mismatch Correction,2,4.89e-06
papers_with_code,level2_fine_grained,Open-Vocabulary Video Segmentation,2,4.89e-06
papers_with_code,level2_fine_grained,Sign Language Retrieval,2,4.89e-06
papers_with_code,level2_fine_grained,3D Open-Vocabulary Object Detection,2,4.89e-06
papers_with_code,level2_fine_grained,Cross-Part Crowd Counting,2,4.89e-06
papers_with_code,level2_fine_grained,Wearable Activity Recognition,2,4.89e-06
papers_with_code,level2_fine_grained,text-to-audiovisual retrieval,2,4.89e-06
papers_with_code,level2_fine_grained,Age/Bias-conflicting,2,4.89e-06
papers_with_code,level2_fine_grained,Age/Unbiased,2,4.89e-06
papers_with_code,level2_fine_grained,Race/Unbiased,2,4.89e-06
papers_with_code,level2_fine_grained,3D Scene Graph Alignment,2,4.89e-06
papers_with_code,level2_fine_grained,text-to-3d-human,2,4.89e-06
papers_with_code,level2_fine_grained,Vietnamese Scene Text,2,4.89e-06
papers_with_code,level2_fine_grained,Zero-shot Scene Classification (unified classes),2,4.89e-06
papers_with_code,level2_fine_grained,Partial Video Copy Detection,2,4.89e-06
papers_with_code,level2_fine_grained,Few-shot 3D semantic segmentation,2,4.89e-06
papers_with_code,level2_fine_grained,Few-shot HTC,2,4.89e-06
papers_with_code,level2_fine_grained,Airbubbles Detection,2,4.89e-06
papers_with_code,level2_fine_grained,Brain Visual Reconstruction from fMRI,2,4.89e-06
papers_with_code,level2_fine_grained,spatio-temporal extrapolation,2,4.89e-06
papers_with_code,level2_fine_grained,Pendulum-v1,2,4.89e-06
papers_with_code,level2_fine_grained,Chemical Entity Recognition,2,4.89e-06
papers_with_code,level2_fine_grained,Description-guided molecule generation,2,4.89e-06
papers_with_code,level2_fine_grained,Molecular description generation,2,4.89e-06
papers_with_code,level2_fine_grained,True or False Question Answering,2,4.89e-06
papers_with_code,level2_fine_grained,3D Semantic Scene Completion from a single 2D image,2,4.89e-06
papers_with_code,level2_fine_grained,trustable and focussed LLM generated content,2,4.89e-06
papers_with_code,level2_fine_grained,Promoter Detection,2,4.89e-06
papers_with_code,level2_fine_grained,Transcription Factor Binding Site Prediction,2,4.89e-06
papers_with_code,level2_fine_grained,Transcription Factor Binding Site Prediction (Human),2,4.89e-06
papers_with_code,level2_fine_grained,Transcription Factor Binding Site Prediction (Mouse),2,4.89e-06
papers_with_code,level2_fine_grained,Structured Report Generation,2,4.89e-06
papers_with_code,level2_fine_grained,unsupervised class-incremental learning,2,4.89e-06
papers_with_code,level2_fine_grained,Micro-gesture Recognition,2,4.89e-06
papers_with_code,level2_fine_grained,zero-shot long video global-mode question answering,2,4.89e-06
papers_with_code,level2_fine_grained,Image-based Recommendation Explainability,2,4.89e-06
papers_with_code,level2_fine_grained,text-to-speech translation,2,4.89e-06
papers_with_code,level2_fine_grained,Zero-Shot Action Recognition on HMDB51,2,4.89e-06
papers_with_code,level2_fine_grained,Visu,2,4.89e-06
papers_with_code,level2_fine_grained,Non-exemplar-based Class Incremental Learning,2,4.89e-06
papers_with_code,level2_fine_grained,Fake Song Detection,2,4.89e-06
papers_with_code,level2_fine_grained,Zero-Shot Scene Graph Generation,2,4.89e-06
papers_with_code,level2_fine_grained,Jersey Number Recognition,2,4.89e-06
papers_with_code,level2_fine_grained,Open Vocabulary Keypoint Detection,2,4.89e-06
papers_with_code,level2_fine_grained,multilingual cross-modal retrieval,2,4.89e-06
papers_with_code,level2_fine_grained,Semi-Supervised Image Classification on ImageNet - 10% labeled data,2,4.89e-06
papers_with_code,level2_fine_grained,Zero-Shot Facial Expression Recognition,2,4.89e-06
papers_with_code,level2_fine_grained,Quantum Circuit Generation,2,4.89e-06
papers_with_code,level2_fine_grained,Video Chaptering,2,4.89e-06
papers_with_code,level2_fine_grained,Runtime ranking,2,4.89e-06
papers_with_code,level2_fine_grained,Damaged Building Detection,2,4.89e-06
papers_with_code,level2_fine_grained,Camouflaged Object Segmentation with a Single Task-generic Prompt,2,4.89e-06
papers_with_code,level2_fine_grained,Vocabulary-free Image Classification,2,4.89e-06
papers_with_code,level2_fine_grained,Personality Generation,2,4.89e-06
papers_with_code,level2_fine_grained,Music Quality Assessment,2,4.89e-06
papers_with_code,level2_fine_grained,Microvideo Recommendation,2,4.89e-06
papers_with_code,level2_fine_grained,Micro-video recommendations,2,4.89e-06
papers_with_code,level2_fine_grained,Multi-Media Recommendation,2,4.89e-06
papers_with_code,level2_fine_grained,Dominance Estimation,2,4.89e-06
papers_with_code,level2_fine_grained,Conversational Web Navigation,2,4.89e-06
papers_with_code,level2_fine_grained,ArabicMMLU,2,4.89e-06
papers_with_code,level2_fine_grained,Zero-shot Moment Retrieval,2,4.89e-06
papers_with_code,level2_fine_grained,Patient-Specific Segmentation,2,4.89e-06
papers_with_code,level2_fine_grained,Damaged Tissue Detection,2,4.89e-06
papers_with_code,level2_fine_grained,Folded Tissue Detection,2,4.89e-06
papers_with_code,level2_fine_grained,Continual Forgetting,2,4.89e-06
papers_with_code,level2_fine_grained,ADP Prediction,2,4.89e-06
papers_with_code,level2_fine_grained,Continual Panoptic Segmentation,2,4.89e-06
papers_with_code,level2_fine_grained,Causal Discovery in Video Reasoning,2,4.89e-06
papers_with_code,level2_fine_grained,Live Video Captioning,2,4.89e-06
papers_with_code,level2_fine_grained,Vietnamese Speech Recognition,2,4.89e-06
papers_with_code,level2_fine_grained,Document-level Closed Information Extraction,2,4.89e-06
papers_with_code,level2_fine_grained,Terrain Estimation,2,4.89e-06
papers_with_code,level2_fine_grained,Bathymetry prediction,2,4.89e-06
papers_with_code,level2_fine_grained,Task Graph Learning,2,4.89e-06
papers_with_code,level2_fine_grained,ENF (Electric Network Frequency) Detection,2,4.89e-06
papers_with_code,level2_fine_grained,Raspberry Pi 5,2,4.89e-06
papers_with_code,level2_fine_grained,Pupil Diameter Estimation,2,4.89e-06
papers_with_code,level2_fine_grained,Geometry-based operator learning,2,4.89e-06
papers_with_code,level2_fine_grained,audio moment retrieval,2,4.89e-06
papers_with_code,level2_fine_grained,Action Classification (1-shot),2,4.89e-06
papers_with_code,level2_fine_grained,Person Identification (1-shot),2,4.89e-06
papers_with_code,level2_fine_grained,Pose-based Anomaly Detection,2,4.89e-06
papers_with_code,level2_fine_grained,text-to-Cypher,2,4.89e-06
papers_with_code,level2_fine_grained,Field Boundary Delineation,2,4.89e-06
papers_with_code,level2_fine_grained,4-task Classification,2,4.89e-06
papers_with_code,level2_fine_grained,Political evalutation,2,4.89e-06
papers_with_code,level2_fine_grained,Self-Evolving AI,2,4.89e-06
papers_with_code,level2_fine_grained,Battery cycle life prediction,2,4.89e-06
papers_with_code,level2_fine_grained,Li-ion State of Health Estimation,2,4.89e-06
papers_with_code,level2_fine_grained,De novo molecule generation from MS/MS spectrum,2,4.89e-06
papers_with_code,level2_fine_grained,Subject-driven Video Generation,2,4.89e-06
papers_with_code,level2_fine_grained,Open Vocabulary Action Detection,2,4.89e-06
papers_with_code,level2_fine_grained,Classification Of Hyperspectral Images,2,4.89e-06
papers_with_code,level2_fine_grained,Texture Image Retrieval,2,4.89e-06
papers_with_code,level2_fine_grained,Asthmatic Lung Sound Classification,2,4.89e-06
papers_with_code,level2_fine_grained,Referring Audio-Visual Segmentation,2,4.89e-06
papers_with_code,level2_fine_grained,Hand Gesture Segmentation,1,2.44e-06
papers_with_code,level2_fine_grained,Hierarchical Text Classification of Blurbs (GermEval 2019),1,2.44e-06
papers_with_code,level2_fine_grained,Adversarial Defense against FGSM Attack,1,2.44e-06
papers_with_code,level2_fine_grained,Dialogue Interpretation,1,2.44e-06
papers_with_code,level2_fine_grained,Multi-modal Subspace Clustering,1,2.44e-06
papers_with_code,level2_fine_grained,Outdoor Positioning,1,2.44e-06
papers_with_code,level2_fine_grained,Outdoor Light Source Estimation,1,2.44e-06
papers_with_code,level2_fine_grained,Visual Text Correction,1,2.44e-06
papers_with_code,level2_fine_grained,Missing Markers Reconstruction,1,2.44e-06
papers_with_code,level2_fine_grained,Football Action Valuation,1,2.44e-06
papers_with_code,level2_fine_grained,single catogory classification,1,2.44e-06
papers_with_code,level2_fine_grained,Mass Segmentation From Mammograms,1,2.44e-06
papers_with_code,level2_fine_grained,Splenomegaly Segmentation On Multi-Modal Mri,1,2.44e-06
papers_with_code,level2_fine_grained,Word Spotting In Handwritten Documents,1,2.44e-06
papers_with_code,level2_fine_grained,NLP based Person Retrival,1,2.44e-06
papers_with_code,level2_fine_grained,Oceanic Eddy Classification,1,2.44e-06
papers_with_code,level2_fine_grained,breast density classification,1,2.44e-06
papers_with_code,level2_fine_grained,Smart Grid Prediction,1,2.44e-06
papers_with_code,level2_fine_grained,Pulsar Prediction,1,2.44e-06
papers_with_code,level2_fine_grained,Abstract Anaphora Resolution,1,2.44e-06
papers_with_code,level2_fine_grained,Survey Sampling,1,2.44e-06
papers_with_code,level2_fine_grained,"Suspicous (BIRADS 4,5)-no suspicous (BIRADS 1,2,3) per image classification",1,2.44e-06
papers_with_code,level2_fine_grained,Right Ventricle Segmentation,1,2.44e-06
papers_with_code,level2_fine_grained,Time Series Denoising,1,2.44e-06
papers_with_code,level2_fine_grained,Image Editing Dection,1,2.44e-06
papers_with_code,level2_fine_grained,Sequential Distribution Function Estimation,1,2.44e-06
papers_with_code,level2_fine_grained,Sequential Quantile Estimation,1,2.44e-06
papers_with_code,level2_fine_grained,Crowd Flows Prediction,1,2.44e-06
papers_with_code,level2_fine_grained,Text Effects Transfer,1,2.44e-06
papers_with_code,level2_fine_grained,Setting-1/4,1,2.44e-06
papers_with_code,level2_fine_grained,Depiction Invariant Object Recognition,1,2.44e-06
papers_with_code,level2_fine_grained,Cancer Metastasis Detection,1,2.44e-06
papers_with_code,level2_fine_grained,Ventricular fibrillation detection,1,2.44e-06
papers_with_code,level2_fine_grained,Medical Super-Resolution,1,2.44e-06
papers_with_code,level2_fine_grained,Time Offset Calibration,1,2.44e-06
papers_with_code,level2_fine_grained,Query Wellformedness,1,2.44e-06
papers_with_code,level2_fine_grained,Web Credibility,1,2.44e-06
papers_with_code,level2_fine_grained,Semi-Supervised Person Re-Identification,1,2.44e-06
papers_with_code,level2_fine_grained,Cube Engraving Classification,1,2.44e-06
papers_with_code,level2_fine_grained,Overlapping Mention Recognition,1,2.44e-06
papers_with_code,level2_fine_grained,Unsupervised Anomaly Detection In Sound,1,2.44e-06
papers_with_code,level2_fine_grained,Piano Music Modeling,1,2.44e-06
papers_with_code,level2_fine_grained,Outcome Prediction In Multimodal Mri,1,2.44e-06
papers_with_code,level2_fine_grained,Web Page Tagging,1,2.44e-06
papers_with_code,level2_fine_grained,Typeface Completion,1,2.44e-06
papers_with_code,level2_fine_grained,Modeling Local Geometric Structure,1,2.44e-06
papers_with_code,level2_fine_grained,Visual Crowd Analysis,1,2.44e-06
papers_with_code,level2_fine_grained,incongruity detection,1,2.44e-06
papers_with_code,level2_fine_grained,Prediction Of Cancer Cell Line Sensitivity,1,2.44e-06
papers_with_code,level2_fine_grained,Shape Representation Of 3D Point Clouds,1,2.44e-06
papers_with_code,level2_fine_grained,Molecule Interpretation,1,2.44e-06
papers_with_code,level2_fine_grained,Cervical Nucleus Detection,1,2.44e-06
papers_with_code,level2_fine_grained,Multiple Affordance Detection,1,2.44e-06
papers_with_code,level2_fine_grained,Long-video Activity Recognition,1,2.44e-06
papers_with_code,level2_fine_grained,Image Text Removal,1,2.44e-06
papers_with_code,level2_fine_grained,Transparency Separation,1,2.44e-06
papers_with_code,level2_fine_grained,Cerebrovascular Network Segmentation,1,2.44e-06
papers_with_code,level2_fine_grained,Serial Style Transfer,1,2.44e-06
papers_with_code,level2_fine_grained,Transform A Video Into A Comics,1,2.44e-06
papers_with_code,level2_fine_grained,VNLA,1,2.44e-06
papers_with_code,level2_fine_grained,White Matter Fiber Tractography,1,2.44e-06
papers_with_code,level2_fine_grained,Unbalanced Segmentation,1,2.44e-06
papers_with_code,level2_fine_grained,Online Review Rating,1,2.44e-06
papers_with_code,level2_fine_grained,Unsupervised Part-Of-Speech Tagging,1,2.44e-06
papers_with_code,level2_fine_grained,Artist classification,1,2.44e-06
papers_with_code,level2_fine_grained,Chinese Part-of-Speech Tagging,1,2.44e-06
papers_with_code,level2_fine_grained,Noun Phrase Canonicalization,1,2.44e-06
papers_with_code,level2_fine_grained,Acoustic Novelty Detection,1,2.44e-06
papers_with_code,level2_fine_grained,Stress-Strain Relation,1,2.44e-06
papers_with_code,level2_fine_grained,Constrained Diffeomorphic Image Registration,1,2.44e-06
papers_with_code,level2_fine_grained,Phrase Vector Embedding,1,2.44e-06
papers_with_code,level2_fine_grained,Image-To-Gps Verification,1,2.44e-06
papers_with_code,level2_fine_grained,Automated Pulmonary Nodule Detection And Classification,1,2.44e-06
papers_with_code,level2_fine_grained,Hand Joint Reconstruction,1,2.44e-06
papers_with_code,level2_fine_grained,Knee Osteoarthritis Prediction,1,2.44e-06
papers_with_code,level2_fine_grained,Dead-Reckoning Prediction,1,2.44e-06
papers_with_code,level2_fine_grained,Unsupervised semantic parsing,1,2.44e-06
papers_with_code,level2_fine_grained,Video Correspondence Flow,1,2.44e-06
papers_with_code,level2_fine_grained,Displaced People Recognition,1,2.44e-06
papers_with_code,level2_fine_grained,Video fixed region Inpainting,1,2.44e-06
papers_with_code,level2_fine_grained,Poem meters classification,1,2.44e-06
papers_with_code,level2_fine_grained,Paper generation (abstract-to-conclusion),1,2.44e-06
papers_with_code,level2_fine_grained,Paper generation (Conclusion-to-title),1,2.44e-06
papers_with_code,level2_fine_grained,Paper generation (Title-to-abstract),1,2.44e-06
papers_with_code,level2_fine_grained,Wildly Unsupervised Domain Adaptation,1,2.44e-06
papers_with_code,level2_fine_grained,Generalized Zero-Shot Learning - Unseen,1,2.44e-06
papers_with_code,level2_fine_grained,Sleep Quality Prediction,1,2.44e-06
papers_with_code,level2_fine_grained,Relational Pattern Learning,1,2.44e-06
papers_with_code,level2_fine_grained,Gunshot Detection,1,2.44e-06
papers_with_code,level2_fine_grained,Shooter Localization,1,2.44e-06
papers_with_code,level2_fine_grained,Kiss Detection,1,2.44e-06
papers_with_code,level2_fine_grained,Attentive segmentation networks,1,2.44e-06
papers_with_code,level2_fine_grained,Speech-to-Gesture Translation,1,2.44e-06
papers_with_code,level2_fine_grained,Multi-Grained Named Entity Recognition,1,2.44e-06
papers_with_code,level2_fine_grained,Business Taxonomy Construction,1,2.44e-06
papers_with_code,level2_fine_grained,Joint NER and Classification,1,2.44e-06
papers_with_code,level2_fine_grained,Active Observation Completion,1,2.44e-06
papers_with_code,level2_fine_grained,Observation Completion,1,2.44e-06
papers_with_code,level2_fine_grained,Klondike,1,2.44e-06
papers_with_code,level2_fine_grained,Text-Line Extraction,1,2.44e-06
papers_with_code,level2_fine_grained,Image popularity prediction,1,2.44e-06
papers_with_code,level2_fine_grained,multi-word expression embedding,1,2.44e-06
papers_with_code,level2_fine_grained,multi-word expression sememe prediction,1,2.44e-06
papers_with_code,level2_fine_grained,Autonomous Flight (Dense Forest),1,2.44e-06
papers_with_code,level2_fine_grained,Fashion Compatibility Learning,1,2.44e-06
papers_with_code,level2_fine_grained,UNET Quantization,1,2.44e-06
papers_with_code,level2_fine_grained,Single-Image Blind Deblurring,1,2.44e-06
papers_with_code,level2_fine_grained,Generalized Few-Shot Classification,1,2.44e-06
papers_with_code,level2_fine_grained,Poker Hand Classification,1,2.44e-06
papers_with_code,level2_fine_grained,Sentiment Analysis (Product + User),1,2.44e-06
papers_with_code,level2_fine_grained,Chinese Spam Detection,1,2.44e-06
papers_with_code,level2_fine_grained,Class-Specific Performance,1,2.44e-06
papers_with_code,level2_fine_grained,Pulmonary Artery–Vein Classification,1,2.44e-06
papers_with_code,level2_fine_grained,Pulmorary Vessel Segmentation,1,2.44e-06
papers_with_code,level2_fine_grained,Cross-Domain Document Classification,1,2.44e-06
papers_with_code,level2_fine_grained,Multiple Object Forecasting,1,2.44e-06
papers_with_code,level2_fine_grained,RF-based Action Recognition,1,2.44e-06
papers_with_code,level2_fine_grained,Triad Prediction,1,2.44e-06
papers_with_code,level2_fine_grained,Network Congestion Control,1,2.44e-06
papers_with_code,level2_fine_grained,One-shot model fusion,1,2.44e-06
papers_with_code,level2_fine_grained,Moving Point Cloud Processing,1,2.44e-06
papers_with_code,level2_fine_grained,House Generation,1,2.44e-06
papers_with_code,level2_fine_grained,Oral Cancer Classification,1,2.44e-06
papers_with_code,level2_fine_grained,Image Declipping,1,2.44e-06
papers_with_code,level2_fine_grained,Negation and Speculation Cue Detection,1,2.44e-06
papers_with_code,level2_fine_grained,Anorexia Detection,1,2.44e-06
papers_with_code,level2_fine_grained,Procgen Hard (100M),1,2.44e-06
papers_with_code,level2_fine_grained,Action Recognition In Still Images,1,2.44e-06
papers_with_code,level2_fine_grained,Ticket Search,1,2.44e-06
papers_with_code,level2_fine_grained,Complimentary Image Retrieval,1,2.44e-06
papers_with_code,level2_fine_grained,band gap classification,1,2.44e-06
papers_with_code,level2_fine_grained,Calibration for Link Prediction,1,2.44e-06
papers_with_code,level2_fine_grained,Function-docstring mismatch,1,2.44e-06
papers_with_code,level2_fine_grained,Swapped operands,1,2.44e-06
papers_with_code,level2_fine_grained,Wrong binary operator,1,2.44e-06
papers_with_code,level2_fine_grained,Direct Transfer Person Re-identification,1,2.44e-06
papers_with_code,level2_fine_grained,Vietnamese Image Captioning,1,2.44e-06
papers_with_code,level2_fine_grained,Fine-Grained Image Inpainting,1,2.44e-06
papers_with_code,level2_fine_grained,Medical question pair similarity computation,1,2.44e-06
papers_with_code,level2_fine_grained,Sentinel-1 SAR processing,1,2.44e-06
papers_with_code,level2_fine_grained,Core set discovery,1,2.44e-06
papers_with_code,level2_fine_grained,Amodal Layout Estimation,1,2.44e-06
papers_with_code,level2_fine_grained,Occluded 3D Object Symmetry Detection,1,2.44e-06
papers_with_code,level2_fine_grained,ALS Detection,1,2.44e-06
papers_with_code,level2_fine_grained,Image Recognition,1,2.44e-06
papers_with_code,level2_fine_grained,wavelet structure similarity loss,1,2.44e-06
papers_with_code,level2_fine_grained,Breast Mass Segmentation In Whole Mammograms,1,2.44e-06
papers_with_code,level2_fine_grained,Localization In Video Forgery,1,2.44e-06
papers_with_code,level2_fine_grained,furniture segmentation,1,2.44e-06
papers_with_code,level2_fine_grained,Sub-diagnostic,1,2.44e-06
papers_with_code,level2_fine_grained,Super-diagnostic,1,2.44e-06
papers_with_code,level2_fine_grained,Clothes Landmark Detection,1,2.44e-06
papers_with_code,level2_fine_grained,Semantic Segmentation Of Orthoimagery,1,2.44e-06
papers_with_code,level2_fine_grained,Muscle Tendon Junction Identification,1,2.44e-06
papers_with_code,level2_fine_grained,English Conversational Speech Recognition,1,2.44e-06
papers_with_code,level2_fine_grained,LWR Classification,1,2.44e-06
papers_with_code,level2_fine_grained,EditCompletion,1,2.44e-06
papers_with_code,level2_fine_grained,Pill Classification (Both Sides),1,2.44e-06
papers_with_code,level2_fine_grained,SMC会议,1,2.44e-06
papers_with_code,level2_fine_grained,Multilingual Machine Comprehension in English Hindi,1,2.44e-06
papers_with_code,level2_fine_grained,Shape from Texture,1,2.44e-06
papers_with_code,level2_fine_grained,person reposing,1,2.44e-06
papers_with_code,level2_fine_grained,Artistic style classification,1,2.44e-06
papers_with_code,level2_fine_grained,Open Knowledge Graph Embedding,1,2.44e-06
papers_with_code,level2_fine_grained,NetHack Score,1,2.44e-06
papers_with_code,level2_fine_grained,Blink estimation,1,2.44e-06
papers_with_code,level2_fine_grained,Fact-based Text Editing,1,2.44e-06
papers_with_code,level2_fine_grained,Attractiveness Estimation,1,2.44e-06
papers_with_code,level2_fine_grained,Multi-object colocalization,1,2.44e-06
papers_with_code,level2_fine_grained,Word Attribute Transfer,1,2.44e-06
papers_with_code,level2_fine_grained,Sketch,1,2.44e-06
papers_with_code,level2_fine_grained,Few-Shot Transfer Learning for Saliency Prediction,1,2.44e-06
papers_with_code,level2_fine_grained,Bladder Segmentation,1,2.44e-06
papers_with_code,level2_fine_grained,Natural Image Orientation Angle Detection,1,2.44e-06
papers_with_code,level2_fine_grained,Vector Graphics Animation,1,2.44e-06
papers_with_code,level2_fine_grained,Image Instance Retrieval,1,2.44e-06
papers_with_code,level2_fine_grained,Anxiety Detection,1,2.44e-06
papers_with_code,level2_fine_grained,Unsupervised 3D Multi-Person Pose Estimation,1,2.44e-06
papers_with_code,level2_fine_grained,lifetime image denoising,1,2.44e-06
papers_with_code,level2_fine_grained,NMR J-coupling,1,2.44e-06
papers_with_code,level2_fine_grained,Tiling & Deployment,1,2.44e-06
papers_with_code,level2_fine_grained,Human-Object-interaction motion tracking,1,2.44e-06
papers_with_code,level2_fine_grained,Propaganda span identification,1,2.44e-06
papers_with_code,level2_fine_grained,Propaganda technique identification,1,2.44e-06
papers_with_code,level2_fine_grained,Pre-election ratings estimation,1,2.44e-06
papers_with_code,level2_fine_grained,Online nonnegative CP decomposition,1,2.44e-06
papers_with_code,level2_fine_grained,Extreme Sample Generation,1,2.44e-06
papers_with_code,level2_fine_grained,Ultrasound,1,2.44e-06
papers_with_code,level2_fine_grained,Commonsense Reasoning for RL,1,2.44e-06
papers_with_code,level2_fine_grained,Radiologist Binary Classification,1,2.44e-06
papers_with_code,level2_fine_grained,Semi-Supervised Formality Style Transfer,1,2.44e-06
papers_with_code,level2_fine_grained,Music Texture Transfer,1,2.44e-06
papers_with_code,level2_fine_grained,Paraphrase Identification within Bi-Encoder,1,2.44e-06
papers_with_code,level2_fine_grained,Semantic Textual Similarity within Bi-Encoder,1,2.44e-06
papers_with_code,level2_fine_grained,Population Assignment,1,2.44e-06
papers_with_code,level2_fine_grained,Audio Fingerprint,1,2.44e-06
papers_with_code,level2_fine_grained,OrangeSum,1,2.44e-06
papers_with_code,level2_fine_grained,Activeness Detection,1,2.44e-06
papers_with_code,level2_fine_grained,Intubation Support Prediction,1,2.44e-06
papers_with_code,level2_fine_grained,Extractive Tags Summarization,1,2.44e-06
papers_with_code,level2_fine_grained,Programming Error Detection,1,2.44e-06
papers_with_code,level2_fine_grained,Fast Vehicle Detection,1,2.44e-06
papers_with_code,level2_fine_grained,Hurricane Forecasting,1,2.44e-06
papers_with_code,level2_fine_grained,Audio Dequantization,1,2.44e-06
papers_with_code,level2_fine_grained,Point cloud classification dataset,1,2.44e-06
papers_with_code,level2_fine_grained,Recommendation Systems (Item cold-start),1,2.44e-06
papers_with_code,level2_fine_grained,Camera shot segmentation,1,2.44e-06
papers_with_code,level2_fine_grained,Aerial Video Semantic Segmentation,1,2.44e-06
papers_with_code,level2_fine_grained,Speaker Orientation,1,2.44e-06
papers_with_code,level2_fine_grained,Filling Level Estimation,1,2.44e-06
papers_with_code,level2_fine_grained,Filling Mass Estimation,1,2.44e-06
papers_with_code,level2_fine_grained,Filling Type Estimation,1,2.44e-06
papers_with_code,level2_fine_grained,Surface Normals Estimation from Point Clouds,1,2.44e-06
papers_with_code,level2_fine_grained,Lip password classification,1,2.44e-06
papers_with_code,level2_fine_grained,Clinical Assertion Status Detection,1,2.44e-06
papers_with_code,level2_fine_grained,Reliable Intelligence Identification,1,2.44e-06
papers_with_code,level2_fine_grained,Keyword Spotting CSS,1,2.44e-06
papers_with_code,level2_fine_grained,Cross-Document Language Modeling,1,2.44e-06
papers_with_code,level2_fine_grained,Cervical cancer biopsy identification,1,2.44e-06
papers_with_code,level2_fine_grained,Hybrid Positioning,1,2.44e-06
papers_with_code,level2_fine_grained,Pulmonary Nodules Classification,1,2.44e-06
papers_with_code,level2_fine_grained,Sparse subspace-based clustering,1,2.44e-06
papers_with_code,level2_fine_grained,Medical Codes Prediction,1,2.44e-06
papers_with_code,level2_fine_grained,Populist attitude,1,2.44e-06
papers_with_code,level2_fine_grained,Seismic source localization,1,2.44e-06
papers_with_code,level2_fine_grained,EMG Signal Prediction,1,2.44e-06
papers_with_code,level2_fine_grained,Cross-Domain Activity Recognition,1,2.44e-06
papers_with_code,level2_fine_grained,Arbitrary Conditional Density Estimation,1,2.44e-06
papers_with_code,level2_fine_grained,Image Classification with Human Noise,1,2.44e-06
papers_with_code,level2_fine_grained,Mental Workload Estimation,1,2.44e-06
papers_with_code,level2_fine_grained,Molecular Property Prediction (1-shot)),1,2.44e-06
papers_with_code,level2_fine_grained,Pulse wave simulation,1,2.44e-06
papers_with_code,level2_fine_grained,Multimodal Text Prediction,1,2.44e-06
papers_with_code,level2_fine_grained,Multiclass Quantification,1,2.44e-06
papers_with_code,level2_fine_grained,Temporal Metadata Manipulation Detection,1,2.44e-06
papers_with_code,level2_fine_grained,Math Word Problem SolvingΩ,1,2.44e-06
papers_with_code,level2_fine_grained,Semantic Object Interaction Classification,1,2.44e-06
papers_with_code,level2_fine_grained,Semi-Supervised Sketch Based Image Retrieval,1,2.44e-06
papers_with_code,level2_fine_grained,eXtreme-Video-Frame-Interpolation,1,2.44e-06
papers_with_code,level2_fine_grained,Partially View-aligned Multi-view Learning,1,2.44e-06
papers_with_code,level2_fine_grained,B-Rep face segmentation,1,2.44e-06
papers_with_code,level2_fine_grained,Negation and Speculation Scope resolution,1,2.44e-06
papers_with_code,level2_fine_grained,EM showers clusterization,1,2.44e-06
papers_with_code,level2_fine_grained,API Sequence Recommendation,1,2.44e-06
papers_with_code,level2_fine_grained,Git Commit Message Generation,1,2.44e-06
papers_with_code,level2_fine_grained,VGSI,1,2.44e-06
papers_with_code,level2_fine_grained,Infinite Image Generation,1,2.44e-06
papers_with_code,level2_fine_grained,Cross-device ASR,1,2.44e-06
papers_with_code,level2_fine_grained,Cross-environment ASR,1,2.44e-06
papers_with_code,level2_fine_grained,Hope Speech Detection for English,1,2.44e-06
papers_with_code,level2_fine_grained,Hope Speech Detection for Malayalam,1,2.44e-06
papers_with_code,level2_fine_grained,Hope Speech Detection for Tamil,1,2.44e-06
papers_with_code,level2_fine_grained,Weakly Supervised Data Denoising,1,2.44e-06
papers_with_code,level2_fine_grained,Cross-Lingual POS Tagging,1,2.44e-06
papers_with_code,level2_fine_grained,Cloze (multi-choices) (Few-Shot),1,2.44e-06
papers_with_code,level2_fine_grained,Cloze (multi-choices) (One-Shot),1,2.44e-06
papers_with_code,level2_fine_grained,Cloze (multi-choices) (Zero-Shot),1,2.44e-06
papers_with_code,level2_fine_grained,Common Sense Reasoning (Few-Shot),1,2.44e-06
papers_with_code,level2_fine_grained,Common Sense Reasoning (One-Shot),1,2.44e-06
papers_with_code,level2_fine_grained,Natural Language Inference (Few-Shot),1,2.44e-06
papers_with_code,level2_fine_grained,Natural Language Inference (One-Shot),1,2.44e-06
papers_with_code,level2_fine_grained,Reading Comprehension (Few-Shot),1,2.44e-06
papers_with_code,level2_fine_grained,Reading Comprehension (One-Shot),1,2.44e-06
papers_with_code,level2_fine_grained,Reading Comprehension (Zero-Shot),1,2.44e-06
papers_with_code,level2_fine_grained,image-sentence alignment,1,2.44e-06
papers_with_code,level2_fine_grained,Few-Shot Video Object Detection,1,2.44e-06
papers_with_code,level2_fine_grained,Audio/Video to Text Retrieval,1,2.44e-06
papers_with_code,level2_fine_grained,Im2Spec,1,2.44e-06
papers_with_code,level2_fine_grained,Exponential degradation,1,2.44e-06
papers_with_code,level2_fine_grained,Cross-Lingual ASR,1,2.44e-06
papers_with_code,level2_fine_grained,Event-Driven Trading,1,2.44e-06
papers_with_code,level2_fine_grained,Touch detection,1,2.44e-06
papers_with_code,level2_fine_grained,Emergent communications on relations,1,2.44e-06
papers_with_code,level2_fine_grained,Stance Detection (US Election 2020 - Biden),1,2.44e-06
papers_with_code,level2_fine_grained,Stance Detection (US Election 2020 - Trump),1,2.44e-06
papers_with_code,level2_fine_grained,Phrase Ranking,1,2.44e-06
papers_with_code,level2_fine_grained,Phrase Tagging,1,2.44e-06
papers_with_code,level2_fine_grained,Insurance Prediction,1,2.44e-06
papers_with_code,level2_fine_grained,Monocular 3D Object Detection (10 / NYU-37),1,2.44e-06
papers_with_code,level2_fine_grained,Monocular 3D Object Detection (10 / PNet-30),1,2.44e-06
papers_with_code,level2_fine_grained,Abstention Prediction,1,2.44e-06
papers_with_code,level2_fine_grained,Foot keypoint detection,1,2.44e-06
papers_with_code,level2_fine_grained,Continuous Control (100k environment steps),1,2.44e-06
papers_with_code,level2_fine_grained,Continuous Control (500k environment steps),1,2.44e-06
papers_with_code,level2_fine_grained,Plan2Scene,1,2.44e-06
papers_with_code,level2_fine_grained,Deep Feature Inversion,1,2.44e-06
papers_with_code,level2_fine_grained,Hurtful Sentence Completion,1,2.44e-06
papers_with_code,level2_fine_grained,TFLM sequence generation,1,2.44e-06
papers_with_code,level2_fine_grained,Bidirectional Relationship Classification,1,2.44e-06
papers_with_code,level2_fine_grained,Subdomain adaptation,1,2.44e-06
papers_with_code,level2_fine_grained,IFC Entity Classification,1,2.44e-06
papers_with_code,level2_fine_grained,Image Similarity Detection,1,2.44e-06
papers_with_code,level2_fine_grained,TREC 2019 Passage Ranking,1,2.44e-06
papers_with_code,level2_fine_grained,Multiple Object Track and Segmentation,1,2.44e-06
papers_with_code,level2_fine_grained,Structual Feature Correlation,1,2.44e-06
papers_with_code,level2_fine_grained,Recognizing And Localizing Human Actions,1,2.44e-06
papers_with_code,level2_fine_grained,Crowdsourced Text Aggregation,1,2.44e-06
papers_with_code,level2_fine_grained,Learning Language specific models,1,2.44e-06
papers_with_code,level2_fine_grained,Question-Answer categorization,1,2.44e-06
papers_with_code,level2_fine_grained,Caustics Segmentation,1,2.44e-06
papers_with_code,level2_fine_grained,Social Cue Forecasting,1,2.44e-06
papers_with_code,level2_fine_grained,Email Thread Summarization,1,2.44e-06
papers_with_code,level2_fine_grained,2D Semantic Segmentation task 2 (17 classes),1,2.44e-06
papers_with_code,level2_fine_grained,2D Semantic Segmentation task 3 (25 classes),1,2.44e-06
papers_with_code,level2_fine_grained,Visibility Estimation from Point Cloud,1,2.44e-06
papers_with_code,level2_fine_grained,Low-light Pedestrian Detection,1,2.44e-06
papers_with_code,level2_fine_grained,Thermal Infrared Pedestrian Detection,1,2.44e-06
papers_with_code,level2_fine_grained,Semi-Supervised Person Instance Segmentation,1,2.44e-06
papers_with_code,level2_fine_grained,Root Cause Ranking,1,2.44e-06
papers_with_code,level2_fine_grained,Zero-Shot Out-of-Domain Detection,1,2.44e-06
papers_with_code,level2_fine_grained,Cyber Attack Investigation,1,2.44e-06
papers_with_code,level2_fine_grained,Spoof Detection,1,2.44e-06
papers_with_code,level2_fine_grained,"Classification of toxic, engaging, fact-claiming comments",1,2.44e-06
papers_with_code,level2_fine_grained,Engaging Comment Classification,1,2.44e-06
papers_with_code,level2_fine_grained,Fact-Claiming Comment Classification,1,2.44e-06
papers_with_code,level2_fine_grained,Panoptic Tracking,1,2.44e-06
papers_with_code,level2_fine_grained,relation explanation,1,2.44e-06
papers_with_code,level2_fine_grained,Flowchart Grounded Dialog Response Generation,1,2.44e-06
papers_with_code,level2_fine_grained,Zero-Shot Flowchart Grounded Dialog Response Generation,1,2.44e-06
papers_with_code,level2_fine_grained,ContextNER,1,2.44e-06
papers_with_code,level2_fine_grained,Point-Supervised Instance Segmentation,1,2.44e-06
papers_with_code,level2_fine_grained,Corpus Video Moment Retrieval,1,2.44e-06
papers_with_code,level2_fine_grained,orpus Video Moment Retrieval,1,2.44e-06
papers_with_code,level2_fine_grained,rpus Video Moment Retrieval,1,2.44e-06
papers_with_code,level2_fine_grained,Multimodal GIF Dialog,1,2.44e-06
papers_with_code,level2_fine_grained,Table Functional Analysis,1,2.44e-06
papers_with_code,level2_fine_grained,Adroid door-cloned,1,2.44e-06
papers_with_code,level2_fine_grained,Adroid door-human,1,2.44e-06
papers_with_code,level2_fine_grained,Adroid hammer-cloned,1,2.44e-06
papers_with_code,level2_fine_grained,Adroid hammer-human,1,2.44e-06
papers_with_code,level2_fine_grained,Adroid pen-cloned,1,2.44e-06
papers_with_code,level2_fine_grained,Adroid pen-human,1,2.44e-06
papers_with_code,level2_fine_grained,Adroid relocate-cloned,1,2.44e-06
papers_with_code,level2_fine_grained,Adroid relocate-human,1,2.44e-06
papers_with_code,level2_fine_grained,Gym halfcheetah-expert,1,2.44e-06
papers_with_code,level2_fine_grained,Gym halfcheetah-full-replay,1,2.44e-06
papers_with_code,level2_fine_grained,Semi-Supervised Image Classification (Cold Start),1,2.44e-06
papers_with_code,level2_fine_grained,Sample Probing,1,2.44e-06
papers_with_code,level2_fine_grained,3D Building Mesh Labeling,1,2.44e-06
papers_with_code,level2_fine_grained,Sentiment Dependency Learning,1,2.44e-06
papers_with_code,level2_fine_grained,Computer Architecture and Systems,1,2.44e-06
papers_with_code,level2_fine_grained,Yield Mapping In Apple Orchards,1,2.44e-06
papers_with_code,level2_fine_grained,Domain-IL Continual Learning,1,2.44e-06
papers_with_code,level2_fine_grained,Set-to-Graph Prediction,1,2.44e-06
papers_with_code,level2_fine_grained,Ancestor-descendant prediction,1,2.44e-06
papers_with_code,level2_fine_grained,Prostate Zones Segmentation,1,2.44e-06
papers_with_code,level2_fine_grained,Galaxy emergent property recreation,1,2.44e-06
papers_with_code,level2_fine_grained,Emotion Classification in German,1,2.44e-06
papers_with_code,level2_fine_grained,Model Posioning,1,2.44e-06
papers_with_code,level2_fine_grained,Timbre Interpolation,1,2.44e-06
papers_with_code,level2_fine_grained,Self-Supervised Sound Classification,1,2.44e-06
papers_with_code,level2_fine_grained,JPEG Decompression,1,2.44e-06
papers_with_code,level2_fine_grained,Uncropping,1,2.44e-06
papers_with_code,level2_fine_grained,BBBC021 NSC Accuracy,1,2.44e-06
papers_with_code,level2_fine_grained,COOS-7 Accuracy,1,2.44e-06
papers_with_code,level2_fine_grained,CYCLoPs Accuracy,1,2.44e-06
papers_with_code,level2_fine_grained,Feedback Vertex Set (FVS),1,2.44e-06
papers_with_code,level2_fine_grained,Partial Point Cloud Matching,1,2.44e-06
papers_with_code,level2_fine_grained,Open Set Video Captioning,1,2.44e-06
papers_with_code,level2_fine_grained,SSTOD,1,2.44e-06
papers_with_code,level2_fine_grained,Global 3D Human Pose Estimation,1,2.44e-06
papers_with_code,level2_fine_grained,DrugProt,1,2.44e-06
papers_with_code,level2_fine_grained,Eikonal Tomography,1,2.44e-06
papers_with_code,level2_fine_grained,Tree Map Layout,1,2.44e-06
papers_with_code,level2_fine_grained,Directional Hearing,1,2.44e-06
papers_with_code,level2_fine_grained,Real-time Directional Hearing,1,2.44e-06
papers_with_code,level2_fine_grained,W-R-L-D Sleep Staging,1,2.44e-06
papers_with_code,level2_fine_grained,W-R-N Sleep Staging,1,2.44e-06
papers_with_code,level2_fine_grained,Joint Entity and Relation Extraction on Scientific Data,1,2.44e-06
papers_with_code,level2_fine_grained,Blackout Poetry Generation,1,2.44e-06
papers_with_code,level2_fine_grained,Cause-Effect Relation Classification,1,2.44e-06
papers_with_code,level2_fine_grained,Earthquake prediction,1,2.44e-06
papers_with_code,level2_fine_grained,SENTER,1,2.44e-06
papers_with_code,level2_fine_grained,Business Ethics,1,2.44e-06
papers_with_code,level2_fine_grained,Code Line Descriptions,1,2.44e-06
papers_with_code,level2_fine_grained,College Biology,1,2.44e-06
papers_with_code,level2_fine_grained,College Physics,1,2.44e-06
papers_with_code,level2_fine_grained,Conceptual Physics,1,2.44e-06
papers_with_code,level2_fine_grained,FEVER (2-way),1,2.44e-06
papers_with_code,level2_fine_grained,FEVER (3-way),1,2.44e-06
papers_with_code,level2_fine_grained,Global Facts,1,2.44e-06
papers_with_code,level2_fine_grained,High School Biology,1,2.44e-06
papers_with_code,level2_fine_grained,High School Chemistry,1,2.44e-06
papers_with_code,level2_fine_grained,High School Computer Science,1,2.44e-06
papers_with_code,level2_fine_grained,High School European History,1,2.44e-06
papers_with_code,level2_fine_grained,High School Geography,1,2.44e-06
papers_with_code,level2_fine_grained,High School Government and Politics,1,2.44e-06
papers_with_code,level2_fine_grained,High School Macroeconomics,1,2.44e-06
papers_with_code,level2_fine_grained,High School Mathematics,1,2.44e-06
papers_with_code,level2_fine_grained,High School Microeconomics,1,2.44e-06
papers_with_code,level2_fine_grained,High School Psychology,1,2.44e-06
papers_with_code,level2_fine_grained,High School Statistics,1,2.44e-06
papers_with_code,level2_fine_grained,High School US History,1,2.44e-06
papers_with_code,level2_fine_grained,High School World History,1,2.44e-06
papers_with_code,level2_fine_grained,Human Sexuality,1,2.44e-06
papers_with_code,level2_fine_grained,International Law,1,2.44e-06
papers_with_code,level2_fine_grained,Moral Disputes,1,2.44e-06
papers_with_code,level2_fine_grained,Movie Genre Recommendation System,1,2.44e-06
papers_with_code,level2_fine_grained,Professional Accounting,1,2.44e-06
papers_with_code,level2_fine_grained,Professional Law,1,2.44e-06
papers_with_code,level2_fine_grained,Public Relations,1,2.44e-06
papers_with_code,level2_fine_grained,US Foreign Policy,1,2.44e-06
papers_with_code,level2_fine_grained,World Religions,1,2.44e-06
papers_with_code,level2_fine_grained,Dial Meter Reading,1,2.44e-06
papers_with_code,level2_fine_grained,Image-based Automatic Meter Reading,1,2.44e-06
papers_with_code,level2_fine_grained,Majority Voting Classifier,1,2.44e-06
papers_with_code,level2_fine_grained,Manufacturing simulation,1,2.44e-06
papers_with_code,level2_fine_grained,MNLI-m,1,2.44e-06
papers_with_code,level2_fine_grained,Source Code Authorship Attribution,1,2.44e-06
papers_with_code,level2_fine_grained,Style change detection,1,2.44e-06
papers_with_code,level2_fine_grained,Code Reuse Detection,1,2.44e-06
papers_with_code,level2_fine_grained,Obfuscation Detection,1,2.44e-06
papers_with_code,level2_fine_grained,ST-MoE-L 4.1B (fine-tuned),1,2.44e-06
papers_with_code,level2_fine_grained,Pose Contrastive Learning,1,2.44e-06
papers_with_code,level2_fine_grained,Fake Image Attribution,1,2.44e-06
papers_with_code,level2_fine_grained,ZSL Video Classification,1,2.44e-06
papers_with_code,level2_fine_grained,Breast Cancer Histology Image Classification (20% labels),1,2.44e-06
papers_with_code,level2_fine_grained,Overlapped 25-25,1,2.44e-06
papers_with_code,level2_fine_grained,Math Information Retrieval,1,2.44e-06
papers_with_code,level2_fine_grained,Claim-Evidence Pair Extraction (CEPE),1,2.44e-06
papers_with_code,level2_fine_grained,Claim Extraction with Stance Classification (CESC),1,2.44e-06
papers_with_code,level2_fine_grained,Deep Nonparametric Clustering,1,2.44e-06
papers_with_code,level2_fine_grained,OPD: Single-view 3D Openable Part Detection,1,2.44e-06
papers_with_code,level2_fine_grained,Audio Multiple Target Classification,1,2.44e-06
papers_with_code,level2_fine_grained,Boundary Grounding,1,2.44e-06
papers_with_code,level2_fine_grained,Face Recognition (Closed-Set),1,2.44e-06
papers_with_code,level2_fine_grained,RoomEnv-v0,1,2.44e-06
papers_with_code,level2_fine_grained,No real Data Binarization,1,2.44e-06
papers_with_code,level2_fine_grained,Synthetic Data Binarization,1,2.44e-06
papers_with_code,level2_fine_grained,ECG QRS Detection,1,2.44e-06
papers_with_code,level2_fine_grained,"Deep-Sea Treasure, Image version",1,2.44e-06
papers_with_code,level2_fine_grained,Clean-label Backdoor Attack (0.024%),1,2.44e-06
papers_with_code,level2_fine_grained,Clean-label Backdoor Attack (0.05%),1,2.44e-06
papers_with_code,level2_fine_grained,Latent Aspect Detection,1,2.44e-06
papers_with_code,level2_fine_grained,Interactive 3D Instance Segmentation,1,2.44e-06
papers_with_code,level2_fine_grained,Interactive 3D Instance Segmentation -Trained on Scannet40 - Evaluated on Scannet40,1,2.44e-06
papers_with_code,level2_fine_grained,FAD Curve Analysis,1,2.44e-06
papers_with_code,level2_fine_grained,Injury Prediction,1,2.44e-06
papers_with_code,level2_fine_grained,Information Retrieva,1,2.44e-06
papers_with_code,level2_fine_grained,AbbreviationDetection,1,2.44e-06
papers_with_code,level2_fine_grained,Compressed Image Quality Assessment,1,2.44e-06
papers_with_code,level2_fine_grained,PII Masking,1,2.44e-06
papers_with_code,level2_fine_grained,3D Holography,1,2.44e-06
papers_with_code,level2_fine_grained,Geometry-aware processing,1,2.44e-06
papers_with_code,level2_fine_grained,Legal Document Summarization,1,2.44e-06
papers_with_code,level2_fine_grained,Unsupervised Domain Adaptation on Duke to Market,1,2.44e-06
papers_with_code,level2_fine_grained,Unsupervised Domain Adaptation on Market to Duke,1,2.44e-06
papers_with_code,level2_fine_grained,Cubic splines Image Registration,1,2.44e-06
papers_with_code,level2_fine_grained,Unsupervised Facial Landmark Detection on MAFL,1,2.44e-06
papers_with_code,level2_fine_grained,PSO-ConvNets Dynamics 1,1,2.44e-06
papers_with_code,level2_fine_grained,PSO-ConvNets Dynamics 2,1,2.44e-06
papers_with_code,level2_fine_grained,Workflow Discovery,1,2.44e-06
papers_with_code,level2_fine_grained,Rules-of-thumb Generation,1,2.44e-06
papers_with_code,level2_fine_grained,Personalized and Emotional Conversation,1,2.44e-06
papers_with_code,level2_fine_grained,Vietnamese Natural Language Understanding,1,2.44e-06
papers_with_code,level2_fine_grained,Weakly Supervised Action Segmentation (Action Set)),1,2.44e-06
papers_with_code,level2_fine_grained,Hate Intensity Prediction,1,2.44e-06
papers_with_code,level2_fine_grained,Context-specific Spam Detection,1,2.44e-06
papers_with_code,level2_fine_grained,陕西、四川、重庆地区2017-2022年末人口数（如图1-7所示）中，陕西省人口数较稳 定，维持在3940万人，四川和重庆均呈上升趋势。,1,2.44e-06
papers_with_code,level2_fine_grained,Row Annotation,1,2.44e-06
papers_with_code,level2_fine_grained,Table Type Detection,1,2.44e-06
papers_with_code,level2_fine_grained,Malicious Detection,1,2.44e-06
papers_with_code,level2_fine_grained,Continuous Affect Estimation,1,2.44e-06
papers_with_code,level2_fine_grained,Chemical Indexing,1,2.44e-06
papers_with_code,level2_fine_grained,Entity Typing on DH-KGs,1,2.44e-06
papers_with_code,level2_fine_grained,Link prediction on DH-KGs,1,2.44e-06
papers_with_code,level2_fine_grained,Video Domain Adapation,1,2.44e-06
papers_with_code,level2_fine_grained,Key-Frame-based Video Super-Resolution (K = 15),1,2.44e-06
papers_with_code,level2_fine_grained,Audio Emotion Recognition,1,2.44e-06
papers_with_code,level2_fine_grained,Soundscape evaluation,1,2.44e-06
papers_with_code,level2_fine_grained,Photoplethysmography (PPG) beat detection,1,2.44e-06
papers_with_code,level2_fine_grained,Episode Classification,1,2.44e-06
papers_with_code,level2_fine_grained,Human-Human Interaction Recognition,1,2.44e-06
papers_with_code,level2_fine_grained,Malware Type Detection,1,2.44e-06
papers_with_code,level2_fine_grained,Edit script generation,1,2.44e-06
papers_with_code,level2_fine_grained,File difference,1,2.44e-06
papers_with_code,level2_fine_grained,Anomaly Forecasting,1,2.44e-06
papers_with_code,level2_fine_grained,Genetic Risk Prediction,1,2.44e-06
papers_with_code,level2_fine_grained,Multimedia Generative Script Learning,1,2.44e-06
papers_with_code,level2_fine_grained,Cross-lingual Fact-checking,1,2.44e-06
papers_with_code,level2_fine_grained,Zero-shot Cross-lingual Fact-checking,1,2.44e-06
papers_with_code,level2_fine_grained,Text Complexity Assessment (GermEval 2022),1,2.44e-06
papers_with_code,level2_fine_grained,Device-Cloud Collaboration,1,2.44e-06
papers_with_code,level2_fine_grained,One-Shot Part Segmentation of Contain Affordance - Inter Class,1,2.44e-06
papers_with_code,level2_fine_grained,One-Shot Part Segmentation of Contain Affordance - Intra Class,1,2.44e-06
papers_with_code,level2_fine_grained,One-Shot Part Segmentation of Cut Affordance - Inter Class,1,2.44e-06
papers_with_code,level2_fine_grained,One-Shot Part Segmentation of Cut Affordance - Intra Class,1,2.44e-06
papers_with_code,level2_fine_grained,One-Shot Part Segmentation of Grasp Affordance - Inter Class,1,2.44e-06
papers_with_code,level2_fine_grained,One-Shot Part Segmentation of Grasp Affordance - Intra Class,1,2.44e-06
papers_with_code,level2_fine_grained,One-Shot Part Segmentation of Pound Affordance - Inter Class,1,2.44e-06
papers_with_code,level2_fine_grained,One-Shot Part Segmentation of Pound Affordance - Intra Class,1,2.44e-06
papers_with_code,level2_fine_grained,One-Shot Part Segmentation of Scoop Affordance - Inter Class,1,2.44e-06
papers_with_code,level2_fine_grained,One-Shot Part Segmentation of Scoop Affordance - Intra Class,1,2.44e-06
papers_with_code,level2_fine_grained,One-Shot Part Segmentation of Support Affordance - Inter Class,1,2.44e-06
papers_with_code,level2_fine_grained,One-Shot Part Segmentation of Support Affordance - Intra Class,1,2.44e-06
papers_with_code,level2_fine_grained,One-Shot Part Segmentation of Wrap-Grasp Affordance - Inter Class,1,2.44e-06
papers_with_code,level2_fine_grained,One-Shot Part Segmentation of Wrap-Grasp Affordance - Intra Class,1,2.44e-06
papers_with_code,level2_fine_grained,Variable Disambiguation,1,2.44e-06
papers_with_code,level2_fine_grained,Similarity Explanation,1,2.44e-06
papers_with_code,level2_fine_grained,Detect Ground Reflections,1,2.44e-06
papers_with_code,level2_fine_grained,Point- of-no-return (PNR) temporal localization,1,2.44e-06
papers_with_code,level2_fine_grained,Semi-supervised 2D and 3D landmark labeling,1,2.44e-06
papers_with_code,level2_fine_grained,Avg. sequence length,1,2.44e-06
papers_with_code,level2_fine_grained,Success Rate (5 task-horizon),1,2.44e-06
papers_with_code,level2_fine_grained,Image and Sketch based Model Retrieval,1,2.44e-06
papers_with_code,level2_fine_grained,Model Description Based Search,1,2.44e-06
papers_with_code,level2_fine_grained,Text based Model Retrieval,1,2.44e-06
papers_with_code,level2_fine_grained,Multiview Contextual Commonsense Inference,1,2.44e-06
papers_with_code,level2_fine_grained,FG-1-PG-1,1,2.44e-06
papers_with_code,level2_fine_grained,ValNov,1,2.44e-06
papers_with_code,level2_fine_grained,Result aggregation,1,2.44e-06
papers_with_code,level2_fine_grained,Overlapped 14-1,1,2.44e-06
papers_with_code,level2_fine_grained,Laminar-Turbulent Flow Localisation,1,2.44e-06
papers_with_code,level2_fine_grained,Text within image generation,1,2.44e-06
papers_with_code,level2_fine_grained,Computational fabrication,1,2.44e-06
papers_with_code,level2_fine_grained,Concave shapes,1,2.44e-06
papers_with_code,level2_fine_grained,Stability-aware design,1,2.44e-06
papers_with_code,level2_fine_grained,Emotion Detection and Trigger Summarization,1,2.44e-06
papers_with_code,level2_fine_grained,Analogical questions,1,2.44e-06
papers_with_code,level2_fine_grained,Reference Expression Generation,1,2.44e-06
papers_with_code,level2_fine_grained,Visual Commonsense Tests,1,2.44e-06
papers_with_code,level2_fine_grained,(deleted task 2),1,2.44e-06
papers_with_code,level2_fine_grained,Interspecies Facial Keypoint Transfer,1,2.44e-06
papers_with_code,level2_fine_grained,Cross Encoder Reranking,1,2.44e-06
papers_with_code,level2_fine_grained,Phonocardiogram Classification,1,2.44e-06
papers_with_code,level2_fine_grained,Streaming Target Sound Extraction,1,2.44e-06
papers_with_code,level2_fine_grained,Add - PO,1,2.44e-06
papers_with_code,level2_fine_grained,Add - PQ,1,2.44e-06
papers_with_code,level2_fine_grained,Remove - PO,1,2.44e-06
papers_with_code,level2_fine_grained,Remove - PQ,1,2.44e-06
papers_with_code,level2_fine_grained,Replace - PO,1,2.44e-06
papers_with_code,level2_fine_grained,Replace - PQ,1,2.44e-06
papers_with_code,level2_fine_grained,Conversational Sentiment Quadruple Extraction,1,2.44e-06
papers_with_code,level2_fine_grained,Persuasive Writing Strategy Detection,1,2.44e-06
papers_with_code,level2_fine_grained,Persuasive Writing Strategy Detection Level-1,1,2.44e-06
papers_with_code,level2_fine_grained,Persuasive Writing Strategy Detection Level-2,1,2.44e-06
papers_with_code,level2_fine_grained,Persuasive Writing Strategy Detection Level-3,1,2.44e-06
papers_with_code,level2_fine_grained,Persuasive Writing Strategy Detection Level-4,1,2.44e-06
papers_with_code,level2_fine_grained,Page Stream Segmentation,1,2.44e-06
papers_with_code,level2_fine_grained,Persona Dialogue in Story,1,2.44e-06
papers_with_code,level2_fine_grained,Future Hand Prediction,1,2.44e-06
papers_with_code,level2_fine_grained,State Change Object Detection,1,2.44e-06
papers_with_code,level2_fine_grained,Speech Synthesis - Assamese,1,2.44e-06
papers_with_code,level2_fine_grained,Speech Synthesis - Bengali,1,2.44e-06
papers_with_code,level2_fine_grained,Speech Synthesis - Bodo,1,2.44e-06
papers_with_code,level2_fine_grained,Speech Synthesis - Hindi,1,2.44e-06
papers_with_code,level2_fine_grained,Speech Synthesis - Kannada,1,2.44e-06
papers_with_code,level2_fine_grained,Speech Synthesis - Malayalam,1,2.44e-06
papers_with_code,level2_fine_grained,Speech Synthesis - Manipuri,1,2.44e-06
papers_with_code,level2_fine_grained,Speech Synthesis - Marathi,1,2.44e-06
papers_with_code,level2_fine_grained,Speech Synthesis - Rajasthani,1,2.44e-06
papers_with_code,level2_fine_grained,Speech Synthesis - Tamil,1,2.44e-06
papers_with_code,level2_fine_grained,Speech Synthesis - Telugu,1,2.44e-06
papers_with_code,level2_fine_grained,Sketch-to-text Generation,1,2.44e-06
papers_with_code,level2_fine_grained,Motor Imagery Decoding (left-hand vs right-hand),1,2.44e-06
papers_with_code,level2_fine_grained,camera absolute pose regression,1,2.44e-06
papers_with_code,level2_fine_grained,Object Discovery In Videos,1,2.44e-06
papers_with_code,level2_fine_grained,Phrase Extraction and Grounding (PEG),1,2.44e-06
papers_with_code,level2_fine_grained,Multilingual Image-Text Classification,1,2.44e-06
papers_with_code,level2_fine_grained,tercile classification,1,2.44e-06
papers_with_code,level2_fine_grained,Molecular System Prediction,1,2.44e-06
papers_with_code,level2_fine_grained,FocusNews (test),1,2.44e-06
papers_with_code,level2_fine_grained,SRF (test),1,2.44e-06
papers_with_code,level2_fine_grained,Spectral Efficiency Analysis of Uplink-Downlink Decoupled Access in C-V2X Networks,1,2.44e-06
papers_with_code,level2_fine_grained,RoomEnv-v1,1,2.44e-06
papers_with_code,level2_fine_grained,Data Imputation 70%,1,2.44e-06
papers_with_code,level2_fine_grained,Human Detection of Deepfakes,1,2.44e-06
papers_with_code,level2_fine_grained,Document Image Skew Estimation,1,2.44e-06
papers_with_code,level2_fine_grained,Dialogue,1,2.44e-06
papers_with_code,level2_fine_grained,Readability optimization,1,2.44e-06
papers_with_code,level2_fine_grained,Popularity Forecasting,1,2.44e-06
papers_with_code,level2_fine_grained,Multimodal Forgery Detection,1,2.44e-06
papers_with_code,level2_fine_grained,Symmetric face inpainting,1,2.44e-06
papers_with_code,level2_fine_grained,Overlapping Pose Estimation,1,2.44e-06
papers_with_code,level2_fine_grained,mage-to-Text Retrieval,1,2.44e-06
papers_with_code,level2_fine_grained,Film Simulation,1,2.44e-06
papers_with_code,level2_fine_grained,Unsupervised Text Recognition,1,2.44e-06
papers_with_code,level2_fine_grained,Label shift of blended-target domain adaptation,1,2.44e-06
papers_with_code,level2_fine_grained,Model free quantum gate design,1,2.44e-06
papers_with_code,level2_fine_grained,quantum gate calibration,1,2.44e-06
papers_with_code,level2_fine_grained,Ontology Subsumption Inferece,1,2.44e-06
papers_with_code,level2_fine_grained,"Unsupervised Domain Adaptation,Synthetic-to-Real Translation",1,2.44e-06
papers_with_code,level2_fine_grained,Subgraph Counting - C5,1,2.44e-06
papers_with_code,level2_fine_grained,Subgraph Counting - C6,1,2.44e-06
papers_with_code,level2_fine_grained,Subgraph Counting - Tailed Triangle,1,2.44e-06
papers_with_code,level2_fine_grained,Multi class one-shot image synthesis,1,2.44e-06
papers_with_code,level2_fine_grained,Single class few-shot image synthesis,1,2.44e-06
papers_with_code,level2_fine_grained,Face Dubbing,1,2.44e-06
papers_with_code,level2_fine_grained,Equilibrium traffic assignment,1,2.44e-06
papers_with_code,level2_fine_grained,Lung Nodule 3D Classification,1,2.44e-06
papers_with_code,level2_fine_grained,Lung Nodule 3D Detection,1,2.44e-06
papers_with_code,level2_fine_grained,Driver Authentication,1,2.44e-06
papers_with_code,level2_fine_grained,legal outcome extraction,1,2.44e-06
papers_with_code,level2_fine_grained,Scene Flow Estimation on KITTI 2015 Scene Flow Test,1,2.44e-06
papers_with_code,level2_fine_grained,Zero-Guidance Segmentation,1,2.44e-06
papers_with_code,level2_fine_grained,Gournd video synthesis from satellite image,1,2.44e-06
papers_with_code,level2_fine_grained,3D Human Pose Estimation in Limited Data,1,2.44e-06
papers_with_code,level2_fine_grained,3D Human Pose Estimation in Limited Date,1,2.44e-06
papers_with_code,level2_fine_grained,Cross-domain 3D Human Pose Estimation,1,2.44e-06
papers_with_code,level2_fine_grained,Weakly Supervised Referring Expression Segmentation,1,2.44e-06
papers_with_code,level2_fine_grained,lidar absolute pose regression,1,2.44e-06
papers_with_code,level2_fine_grained,Multimodal fashion image editing,1,2.44e-06
papers_with_code,level2_fine_grained,Video Retrieval (frame-level),1,2.44e-06
papers_with_code,level2_fine_grained,Multi-Domain Sentiment Classification,1,2.44e-06
papers_with_code,level2_fine_grained,Audio-Video Question Answering (AVQA),1,2.44e-06
papers_with_code,level2_fine_grained,entity_extraction,1,2.44e-06
papers_with_code,level2_fine_grained,Robust Semi-Supervised RGBD Semantic Segmentation,1,2.44e-06
papers_with_code,level2_fine_grained,Image ClassiData Augmentationfication,1,2.44e-06
papers_with_code,level2_fine_grained,Race/Bias-conflicting,1,2.44e-06
papers_with_code,level2_fine_grained,Catalog Extraction,1,2.44e-06
papers_with_code,level2_fine_grained,Semantic Image Similarity,1,2.44e-06
papers_with_code,level2_fine_grained,Person-Centric Knowledge Graphs,1,2.44e-06
papers_with_code,level2_fine_grained,Multiple Instance LearningMultiple Instance Learning,1,2.44e-06
papers_with_code,level2_fine_grained,Cross-Part Evaluation,1,2.44e-06
papers_with_code,level2_fine_grained,Oriented Object Detcti,1,2.44e-06
papers_with_code,level2_fine_grained,Oriented Object Detctio,1,2.44e-06
papers_with_code,level2_fine_grained,Controllable Language Modelling,1,2.44e-06
papers_with_code,level2_fine_grained,Video Emotion Detection,1,2.44e-06
papers_with_code,level2_fine_grained,Kinship face generation,1,2.44e-06
papers_with_code,level2_fine_grained,Collaborative Plan Acquisition,1,2.44e-06
papers_with_code,level2_fine_grained,Joint Deblur and Frame Interpolation,1,2.44e-06
papers_with_code,level2_fine_grained,Joint Deblur and Unrolling,1,2.44e-06
papers_with_code,level2_fine_grained,Contextualized Literature-based Discovery,1,2.44e-06
papers_with_code,level2_fine_grained,Unsupervised Clothes Changing Person Re-Identification,1,2.44e-06
papers_with_code,level2_fine_grained,Unsupervised Long Term Person Re-Identification,1,2.44e-06
papers_with_code,level2_fine_grained,NONPARAMETRIC DEEP CLUSTERING,1,2.44e-06
papers_with_code,level2_fine_grained,Caller Detection,1,2.44e-06
papers_with_code,level2_fine_grained,Meme Captioning,1,2.44e-06
papers_with_code,level2_fine_grained,Complex Scene Breaking and Synthesis,1,2.44e-06
papers_with_code,level2_fine_grained,DreamBooth Personalized Generation,1,2.44e-06
papers_with_code,level2_fine_grained,Unsupervised Few-Shot Audio Classification,1,2.44e-06
papers_with_code,level2_fine_grained,Brain Visual Reconstruction,1,2.44e-06
papers_with_code,level2_fine_grained,Referring Image Matting (Prompt-based),1,2.44e-06
papers_with_code,level2_fine_grained,Subgraph Counting - 2 star,1,2.44e-06
papers_with_code,level2_fine_grained,Subgraph Counting - Chordal C4,1,2.44e-06
papers_with_code,level2_fine_grained,Subgraph Counting - K4,1,2.44e-06
papers_with_code,level2_fine_grained,Backdoor Defense for Data-Free Distillation with Poisoned Teachers,1,2.44e-06
papers_with_code,level2_fine_grained,Hate Speech Detection CrisisHateMM Benchmark,1,2.44e-06
papers_with_code,level2_fine_grained,Stay Region Extraction,1,2.44e-06
papers_with_code,level2_fine_grained,ECG Patient Identification,1,2.44e-06
papers_with_code,level2_fine_grained,ECG Patient Identification (gallery-probe),1,2.44e-06
papers_with_code,level2_fine_grained,Video Captioning on MSR-VTT,1,2.44e-06
papers_with_code,level2_fine_grained,Grounded Open Vocabulary Acquisition,1,2.44e-06
papers_with_code,level2_fine_grained,Catalytic activity prediction,1,2.44e-06
papers_with_code,level2_fine_grained,Chemical-Disease Interaction Extraction,1,2.44e-06
papers_with_code,level2_fine_grained,Domain/Motif Prediction,1,2.44e-06
papers_with_code,level2_fine_grained,Functional Description Generation,1,2.44e-06
papers_with_code,level2_fine_grained,Coding Problem Tagging,1,2.44e-06
papers_with_code,level2_fine_grained,Core Promoter Detection,1,2.44e-06
papers_with_code,level2_fine_grained,Covid Variant Prediction,1,2.44e-06
papers_with_code,level2_fine_grained,Epigenetic Marks Prediction,1,2.44e-06
papers_with_code,level2_fine_grained,"noisy quantum circuit classification (quantum ML, error mitigation)",1,2.44e-06
papers_with_code,level2_fine_grained,quantum circuit classification (classical ML),1,2.44e-06
papers_with_code,level2_fine_grained,quantum circuit classification (quantum ML),1,2.44e-06
papers_with_code,level2_fine_grained,Medical Image Deblurring,1,2.44e-06
papers_with_code,level2_fine_grained,Training-free Object Counting,1,2.44e-06
papers_with_code,level2_fine_grained,Anchor link prediction,1,2.44e-06
papers_with_code,level2_fine_grained,Dynamic Point Removal,1,2.44e-06
papers_with_code,level2_fine_grained,MonkeyPox Diagnosis,1,2.44e-06
papers_with_code,level2_fine_grained,Image-Guided Composition,1,2.44e-06
papers_with_code,level2_fine_grained,Respiratory Rate Estimation,1,2.44e-06
papers_with_code,level2_fine_grained,zero-shot long video breakpoint-model question answering,1,2.44e-06
papers_with_code,level2_fine_grained,Text-to-3D-Human Generation,1,2.44e-06
papers_with_code,level2_fine_grained,Zero-shot 3D Point Cloud Classificationclassification,1,2.44e-06
papers_with_code,level2_fine_grained,Micro-expression Generation (MEGC2021),1,2.44e-06
papers_with_code,level2_fine_grained,Research Performance Prediction,1,2.44e-06
papers_with_code,level2_fine_grained,Real-time instance measurement,1,2.44e-06
papers_with_code,level2_fine_grained,Motion Expressions Guided Video Segmentation,1,2.44e-06
papers_with_code,level2_fine_grained,erson Re-Identification,1,2.44e-06
papers_with_code,level2_fine_grained,CyberBattleSim (RL) chain scenario,1,2.44e-06
papers_with_code,level2_fine_grained,NetSecGame,1,2.44e-06
papers_with_code,level2_fine_grained,NetSecGame (RL) full scenario defender,1,2.44e-06
papers_with_code,level2_fine_grained,NetSecGame (RL) full scenario no defender,1,2.44e-06
papers_with_code,level2_fine_grained,NetSecGame (RL) small scenario defender,1,2.44e-06
papers_with_code,level2_fine_grained,NetSecGame (RL) small scenario no defender,1,2.44e-06
papers_with_code,level2_fine_grained,Potrait Generation,1,2.44e-06
papers_with_code,level2_fine_grained,Vignetting Removal,1,2.44e-06
papers_with_code,level2_fine_grained,File Type Identification,1,2.44e-06
papers_with_code,level2_fine_grained,Human Body Volume Estimation,1,2.44e-06
papers_with_code,level2_fine_grained,Open-World Video Segmentation,1,2.44e-06
papers_with_code,level2_fine_grained,Factual Visual Question Answering,1,2.44e-06
papers_with_code,level2_fine_grained,Cough Classification,1,2.44e-06
papers_with_code,level2_fine_grained,Optical Tweezers Simulations,1,2.44e-06
papers_with_code,level2_fine_grained,"Speaker Attribution in German Parliamentary Debates (GermEval 2023, subtask 1)",1,2.44e-06
papers_with_code,level2_fine_grained,"Speaker Attribution in German Parliamentary Debates (GermEval 2023, subtask 2)",1,2.44e-06
papers_with_code,level2_fine_grained,Incremental Constrained Clustering,1,2.44e-06
papers_with_code,level2_fine_grained,Artificial Global Workspace,1,2.44e-06
papers_with_code,level2_fine_grained,Panoptic Segmentation (PanopticNDT instances),1,2.44e-06
papers_with_code,level2_fine_grained,GPS Embeddings,1,2.44e-06
papers_with_code,level2_fine_grained,Few-shot Video Question Answering,1,2.44e-06
papers_with_code,level2_fine_grained,Change Data Generation,1,2.44e-06
papers_with_code,level2_fine_grained,Dialog Learning,1,2.44e-06
papers_with_code,level2_fine_grained,Semi-supervised Audio Classification,1,2.44e-06
papers_with_code,level2_fine_grained,NWP Post-processing,1,2.44e-06
papers_with_code,level2_fine_grained,Adversarial Defense against AutoAttack,1,2.44e-06
papers_with_code,level2_fine_grained,Adversarial Defense against PGD,1,2.44e-06
papers_with_code,level2_fine_grained,Zero-Shot Video-Audio Retrieval,1,2.44e-06
papers_with_code,level2_fine_grained,Generalized Zero-Shot Object Detection on MS-COCO,1,2.44e-06
papers_with_code,level2_fine_grained,Cadenza 1 - Task 1 - Headphone,1,2.44e-06
papers_with_code,level2_fine_grained,Cadenza 1 - Task 2 - In Car,1,2.44e-06
papers_with_code,level2_fine_grained,Event-based N-ary Relaiton Extraction,1,2.44e-06
papers_with_code,level2_fine_grained,Hypergraph-based N-ary Relaiton Extraction,1,2.44e-06
papers_with_code,level2_fine_grained,Role-based N-ary Relaiton Extraction,1,2.44e-06
papers_with_code,level2_fine_grained,Gesture Synchronization,1,2.44e-06
papers_with_code,level2_fine_grained,Zero-Shot Image Paragraph Captioning,1,2.44e-06
papers_with_code,level2_fine_grained,Figurative Language Visualization,1,2.44e-06
papers_with_code,level2_fine_grained,universal meta-learning,1,2.44e-06
papers_with_code,level2_fine_grained,Stenosis Segmentation,1,2.44e-06
papers_with_code,level2_fine_grained,en-US domain classification,1,2.44e-06
papers_with_code,level2_fine_grained,en-US Intent Classification,1,2.44e-06
papers_with_code,level2_fine_grained,en-US Slot Filling,1,2.44e-06
papers_with_code,level2_fine_grained,Odor Descriptor Prediction,1,2.44e-06
papers_with_code,level2_fine_grained,Procedure Step Recognition,1,2.44e-06
papers_with_code,level2_fine_grained,Video Question Answering (Level 3),1,2.44e-06
papers_with_code,level2_fine_grained,Video Question Answering (Level 4),1,2.44e-06
papers_with_code,level2_fine_grained,N-Queens Problem - All Possible Solutions,1,2.44e-06
papers_with_code,level2_fine_grained,Text-to-GQL,1,2.44e-06
papers_with_code,level2_fine_grained,Climate Projection,1,2.44e-06
papers_with_code,level2_fine_grained,LMM real-life tasks,1,2.44e-06
papers_with_code,level2_fine_grained,Image-based Generative Performance Benchmarking,1,2.44e-06
papers_with_code,level2_fine_grained,Video-based Generative Performance Benchmarking (Correctness of Information) on VideoInstruct,1,2.44e-06
papers_with_code,level2_fine_grained,Scholarly Named Entity Recognition,1,2.44e-06
papers_with_code,level2_fine_grained,How to refund a wrong transaction in PhonePe,1,2.44e-06
papers_with_code,level2_fine_grained,Virtual Try-on (Model2Street),1,2.44e-06
papers_with_code,level2_fine_grained,Virtual Try-on (Shop2Street),1,2.44e-06
papers_with_code,level2_fine_grained,Virtual Try-on (Street2Street),1,2.44e-06
papers_with_code,level2_fine_grained,Mutational/Variant Effect Prediction,1,2.44e-06
papers_with_code,level2_fine_grained,Zero-shot Composed Person Retrieval,1,2.44e-06
papers_with_code,level2_fine_grained,Cross-lingual Text-to-Image Generation,1,2.44e-06
papers_with_code,level2_fine_grained,Few-Shot LearningFew-Shot Image Classification,1,2.44e-06
papers_with_code,level2_fine_grained,Simple Semantic-Aided Few-Shot Learning,1,2.44e-06
papers_with_code,level2_fine_grained,Harvesting Date Prediction,1,2.44e-06
papers_with_code,level2_fine_grained,Sowing Date Prediction,1,2.44e-06
papers_with_code,level2_fine_grained,Transplanting Date Prediction,1,2.44e-06
papers_with_code,level2_fine_grained,Pedestrian Image Caption,1,2.44e-06
papers_with_code,level2_fine_grained,Hand-Object Interaction Detection,1,2.44e-06
papers_with_code,level2_fine_grained,Intracorporeal Tracking,1,2.44e-06
papers_with_code,level2_fine_grained,Intraoperative Tracking,1,2.44e-06
papers_with_code,level2_fine_grained,Visibility Tracking,1,2.44e-06
papers_with_code,level2_fine_grained,Mono3DVG,1,2.44e-06
papers_with_code,level2_fine_grained,video narration captioning,1,2.44e-06
papers_with_code,level2_fine_grained,Chat-based Image Retrieval,1,2.44e-06
papers_with_code,level2_fine_grained,Only Connect Walls Dataset Task 2 (Connections),1,2.44e-06
papers_with_code,level2_fine_grained,Unsupervised Zero-Shot Panoptic Segmentation,1,2.44e-06
papers_with_code,level2_fine_grained,mixture property prediction,1,2.44e-06
papers_with_code,level2_fine_grained,Specular Segmentation,1,2.44e-06
papers_with_code,level2_fine_grained,Point Cloud Semantic Completion,1,2.44e-06
papers_with_code,level2_fine_grained,Multilingual Paraphrase Generation,1,2.44e-06
papers_with_code,level2_fine_grained,Faithfulness Critic,1,2.44e-06
papers_with_code,level2_fine_grained,MLLM Evaluation: Aesthetics,1,2.44e-06
papers_with_code,level2_fine_grained,Personality Trait Recognition by Face,1,2.44e-06
papers_with_code,level2_fine_grained,Multilingual Text-to-Image Generation,1,2.44e-06
papers_with_code,level2_fine_grained,Vietnamese Lexical Normalization,1,2.44e-06
papers_with_code,level2_fine_grained,WiFi CSI-based Image Reconstruction,1,2.44e-06
papers_with_code,level2_fine_grained,Misclassification Rate - Natural Adversarial Samples,1,2.44e-06
papers_with_code,level2_fine_grained,Urban Itinerary Planning,1,2.44e-06
papers_with_code,level2_fine_grained,CSV dialect detection,1,2.44e-06
papers_with_code,level2_fine_grained,Pre-Fine-Tuning Weight Recovery,1,2.44e-06
papers_with_code,level2_fine_grained,Atomic number classification,1,2.44e-06
papers_with_code,level2_fine_grained,Crystal system classification,1,2.44e-06
papers_with_code,level2_fine_grained,ND regression,1,2.44e-06
papers_with_code,level2_fine_grained,Neutron PDF regression,1,2.44e-06
papers_with_code,level2_fine_grained,SANS regression,1,2.44e-06
papers_with_code,level2_fine_grained,SAXS regression,1,2.44e-06
papers_with_code,level2_fine_grained,X-ray PDF regression,1,2.44e-06
papers_with_code,level2_fine_grained,XRD regression,1,2.44e-06
papers_with_code,level2_fine_grained,Temporal Human Motion Composition,1,2.44e-06
papers_with_code,level2_fine_grained,Noisy Semantic Image Synthesis,1,2.44e-06
papers_with_code,level2_fine_grained,Summarization Consistency Evaluation,1,2.44e-06
papers_with_code,level2_fine_grained,Trajectory Long-tail Distribution for Muti-object Tracking,1,2.44e-06
papers_with_code,level2_fine_grained,Film Removal,1,2.44e-06
papers_with_code,level2_fine_grained,Train Ego-Path Detection,1,2.44e-06
papers_with_code,level2_fine_grained,Action Quality Assessment Report Generation,1,2.44e-06
papers_with_code,level2_fine_grained,Generative Temporal Nursing,1,2.44e-06
papers_with_code,level2_fine_grained,X-ray Visual Question Answering,1,2.44e-06
papers_with_code,level2_fine_grained,Zero-Shot Single Object Tracking,1,2.44e-06
papers_with_code,level2_fine_grained,ENF (Electric Network Frequency) Classification,1,2.44e-06
papers_with_code,level2_fine_grained,3D Video Frame Interpolation,1,2.44e-06
papers_with_code,level2_fine_grained,Unsupervised Video Frame Interpolation,1,2.44e-06
papers_with_code,level2_fine_grained,Out-of-Sight Trajectory Prediction,1,2.44e-06
papers_with_code,level2_fine_grained,2D Tiny Object Detection,1,2.44e-06
papers_with_code,level2_fine_grained,Go to AnyThing,1,2.44e-06
papers_with_code,level2_fine_grained,Universal Navigation,1,2.44e-06
papers_with_code,level2_fine_grained,Zero-Shot Region Description,1,2.44e-06
papers_with_code,level2_fine_grained,"Indoor Localization (3-DoF Pose: X, Y, Yaw)",1,2.44e-06
papers_with_code,level2_fine_grained,Indoor Localization (6-DoF Pose),1,2.44e-06
papers_with_code,level2_fine_grained,Image Retrieval on Fashion IQ,1,2.44e-06
papers_with_code,level2_fine_grained,Within-Session ERP,1,2.44e-06
papers_with_code,level2_fine_grained,Within-Session Motor Imagery (all classes),1,2.44e-06
papers_with_code,level2_fine_grained,Within-Session Motor Imagery (left hand vs. right hand),1,2.44e-06
papers_with_code,level2_fine_grained,Within-Session Motor Imagery (right hand vs. feet),1,2.44e-06
papers_with_code,level2_fine_grained,Within-Session SSVEP,1,2.44e-06
papers_with_code,level2_fine_grained,Open-vocab Temporal Action Detection,1,2.44e-06
papers_with_code,level2_fine_grained,Vietnamese Multimodal Sentiment Analysis,1,2.44e-06
papers_with_code,level2_fine_grained,fingerprint verification,1,2.44e-06
papers_with_code,level2_fine_grained,Wrong PDF attached,1,2.44e-06
papers_with_code,level2_fine_grained,Citation worhtiness,1,2.44e-06
papers_with_code,level2_fine_grained,Quant Trading,1,2.44e-06
papers_with_code,level2_fine_grained,OpenAPI code completion,1,2.44e-06
papers_with_code,level2_fine_grained,Python Code Synthesis,1,2.44e-06
papers_with_code,level2_fine_grained,hopper-random,1,2.44e-06
papers_with_code,level2_fine_grained,Single-View 3D Reconstruction on ShapeNet,1,2.44e-06
papers_with_code,level2_fine_grained,Cold-Start Anomaly Detection,1,2.44e-06
papers_with_code,level2_fine_grained,Student Engagement Level Detection (Four Class Video Classification),1,2.44e-06
papers_with_code,level2_fine_grained,Contribution Assessment,1,2.44e-06
papers_with_code,level2_fine_grained,Informal-to-formal Style Transfer,1,2.44e-06
papers_with_code,level2_fine_grained,Segmented Multimodal Named Entity Recognition,1,2.44e-06
papers_with_code,level2_fine_grained,Detection of potentially void clauses,1,2.44e-06
papers_with_code,level2_fine_grained,Lane Labeling,1,2.44e-06
papers_with_code,level2_fine_grained,Linear Probing Object-Level 3D Awareness,1,2.44e-06
papers_with_code,level2_fine_grained,Landmark-based Lipreading,1,2.44e-06
papers_with_code,level2_fine_grained,Sence Classification,1,2.44e-06
papers_with_code,level2_fine_grained,Audio Scene Understanding,1,2.44e-06
papers_with_code,level2_fine_grained,Surrogate Hydrodynamic Modeling,1,2.44e-06
papers_with_code,level2_fine_grained,Parkinson Detection from Speech,1,2.44e-06
papers_with_code,level2_fine_grained,few-shot-htc,1,2.44e-06
papers_with_code,level2_fine_grained,Zero-Shot Cross-Lingual Image-to-Text Retrieval on xFlickr&CO,1,2.44e-06
papers_with_code,level2_fine_grained,Zero-Shot Cross-Lingual Text-to-Image Retrieval on xFlickr&CO,1,2.44e-06
papers_with_code,level2_fine_grained,ArzEn Code-switched Translation to ara,1,2.44e-06
papers_with_code,level2_fine_grained,ArzEn Code-switched Translation to eng,1,2.44e-06
papers_with_code,level2_fine_grained,ArzEn Speech Recognition,1,2.44e-06
papers_with_code,level2_fine_grained,Code-switched Translation to ara,1,2.44e-06
papers_with_code,level2_fine_grained,Code-switched Translation to eng,1,2.44e-06
papers_with_code,level2_fine_grained,Dataset Size Recovery,1,2.44e-06
papers_with_code,level2_fine_grained,Website Fingerprinting Attacks,1,2.44e-06
papers_with_code,level2_fine_grained,Stable MCI vs Progressive MCI,1,2.44e-06
papers_with_code,level2_fine_grained,Open-Vocabulary Panoramic Semantic Segmentation,1,2.44e-06
papers_with_code,level2_fine_grained,Open-vocabulary object counting,1,2.44e-06
papers_with_code,level2_fine_grained,Elasticity3D,1,2.44e-06
papers_with_code,level2_fine_grained,Goop2D,1,2.44e-06
papers_with_code,level2_fine_grained,MultiMaterial2D,1,2.44e-06
papers_with_code,level2_fine_grained,Plasticine3D,1,2.44e-06
papers_with_code,level2_fine_grained,Sand2D,1,2.44e-06
papers_with_code,level2_fine_grained,Sand3D_Long,1,2.44e-06
papers_with_code,level2_fine_grained,Water3D_Long,1,2.44e-06
papers_with_code,level2_fine_grained,WaterDrop2D,1,2.44e-06
papers_with_code,level2_fine_grained,Drum Transcription in Music (DTM),1,2.44e-06
papers_with_code,level2_fine_grained,Hierarchical Text-Image Matching,1,2.44e-06
papers_with_code,level2_fine_grained,Mammographic Breast Positioning Assessment,1,2.44e-06
papers_with_code,level2_fine_grained,Disjoint 19-1,1,2.44e-06
papers_with_code,level2_fine_grained,Automatic Phoneme Recognition,1,2.44e-06
papers_with_code,level2_fine_grained,Zero-shot gesture recognition,1,2.44e-06
papers_with_code,level2_fine_grained,Speech Interruption Detection,1,2.44e-06
papers_with_code,level2_fine_grained,Red Wine Quality Prediction,1,2.44e-06
papers_with_code,level2_fine_grained,Load Virtual Sensing,1,2.44e-06
papers_with_code,level2_fine_grained,Load Virtual Sensing (Fx),1,2.44e-06
papers_with_code,level2_fine_grained,Load Virtual Sensing (Fy),1,2.44e-06
papers_with_code,level2_fine_grained,Intention-oriented Segmentation,1,2.44e-06
papers_with_code,level2_fine_grained,MM-Vet v2,1,2.44e-06
papers_with_code,level2_fine_grained,Self-Supervised Image Classification on ImageNet,1,2.44e-06
papers_with_code,level2_fine_grained,RoomEnv-v2,1,2.44e-06
papers_with_code,level2_fine_grained,Hierarchical Text Clustering,1,2.44e-06
papers_with_code,level2_fine_grained,Action Classification (zero-shot),1,2.44e-06
papers_with_code,level2_fine_grained,Person Identification (zero-shot),1,2.44e-06
papers_with_code,level2_fine_grained,Molecular geometry optimization,1,2.44e-06
papers_with_code,level2_fine_grained,Synthetic Song Detection,1,2.44e-06
papers_with_code,level2_fine_grained,Grounded Multiple Object Tracking,1,2.44e-06
papers_with_code,level2_fine_grained,3D Source-Free Domain Adaptation,1,2.44e-06
papers_with_code,level2_fine_grained,Speech to Facial Landmark,1,2.44e-06
papers_with_code,level2_fine_grained,Concept-based Classification,1,2.44e-06
papers_with_code,level2_fine_grained,GermEval2024 Shared Task 1 Subtask 1,1,2.44e-06
papers_with_code,level2_fine_grained,GermEval2024 Shared Task 1 Subtask 2,1,2.44e-06
papers_with_code,level2_fine_grained,Hyperspectral Semantic Segmentation,1,2.44e-06
papers_with_code,level2_fine_grained,Data Driven Optimal Control,1,2.44e-06
papers_with_code,level2_fine_grained,DFT Z isomer pi-pi* wavelength,1,2.44e-06
papers_with_code,level2_fine_grained,Equilibrium Reaction Energy (ev/atom),1,2.44e-06
papers_with_code,level2_fine_grained,Log Solubility,1,2.44e-06
papers_with_code,level2_fine_grained,TiROD,1,2.44e-06
papers_with_code,level2_fine_grained,2-task Classification,1,2.44e-06
papers_with_code,level2_fine_grained,Unusual Activity Localization,1,2.44e-06
papers_with_code,level2_fine_grained,Genetic IE,1,2.44e-06
papers_with_code,level2_fine_grained,Multivariate Time Series Forecastingm,1,2.44e-06
papers_with_code,level2_fine_grained,Multi-Dialect Vietnamese,1,2.44e-06
papers_with_code,level2_fine_grained,Alignement visualisation,1,2.44e-06
papers_with_code,level2_fine_grained,Agent-based model inverse problem,1,2.44e-06
papers_with_code,level2_fine_grained,Superclass classification,1,2.44e-06
papers_with_code,level2_fine_grained,Citation Visualization,1,2.44e-06
papers_with_code,level2_fine_grained,Authority Involvement Detection,1,2.44e-06
papers_with_code,level2_fine_grained,Data Sources Detection,1,2.44e-06
papers_with_code,level2_fine_grained,Detecting Climate/Environmental Topics,1,2.44e-06
papers_with_code,level2_fine_grained,Impacted Location Detection,1,2.44e-06
papers_with_code,level2_fine_grained,News Authenticity Identification,1,2.44e-06
papers_with_code,level2_fine_grained,News Target Detection,1,2.44e-06
papers_with_code,level2_fine_grained,Political Influence Detection,1,2.44e-06
papers_with_code,level2_fine_grained,Scientific Data Usage Detection,1,2.44e-06
papers_with_code,level2_fine_grained,Statistical Data Usage Detection,1,2.44e-06
papers_with_code,level2_fine_grained,Multi-Loss Function Penalizing,1,2.44e-06
papers_with_code,level2_fine_grained,Li-ion battery degradation modes diagnosis,1,2.44e-06
papers_with_code,level2_fine_grained,Semi-Supervised Audio Regression,1,2.44e-06
papers_with_code,level2_fine_grained,Semi-Supervised Image Regression,1,2.44e-06
papers_with_code,level2_fine_grained,Semi-Supervised Text Regression,1,2.44e-06
papers_with_code,level2_fine_grained,Molecule retrieval from MS/MS spectrum,1,2.44e-06
papers_with_code,level2_fine_grained,Molecule retrieval from MS/MS spectrum (bonus chemical formulae),1,2.44e-06
papers_with_code,level2_fine_grained,MS/MS spectrum simulation,1,2.44e-06
papers_with_code,level2_fine_grained,MS/MS spectrum simulation (bonus chemical formulae),1,2.44e-06
papers_with_code,level2_fine_grained,Human-Object Relationship Detection,1,2.44e-06
papers_with_code,level2_fine_grained,Multi-Label Classification on ChestX-ray14,1,2.44e-06
papers_with_code,level2_fine_grained,Thorax Disease Detection,1,2.44e-06
papers_with_code,level2_fine_grained,Emotion Detection and Classification,1,2.44e-06
papers_with_code,level2_fine_grained,Sports Activity Recognition,1,2.44e-06
papers_with_code,level2_fine_grained,Product Relation Classification,1,2.44e-06
papers_with_code,level2_fine_grained,Product Relation Detection,1,2.44e-06
papers_with_code,level2_fine_grained,Audio-Driven Body Animation,1,2.44e-06
papers_with_code,level2_fine_grained,negative flip rate,1,2.44e-06
papers_with_code,level2_fine_grained,Multi-View Geo-Localisation,1,2.44e-06
papers_with_code,level2_fine_grained,Long Question Answer,1,2.44e-06
papers_with_code,level2_fine_grained,Short Question Answers,1,2.44e-06
papers_with_code,level2_fine_grained,Radiomics-based Classification,1,2.44e-06
papers_with_code,level2_fine_grained,Semi_supervised Video Action Detection,1,2.44e-06
papers_with_code,level2_fine_grained,Open-Set Multi-Target Domain Adaptation,1,2.44e-06
papers_with_code,level2_fine_grained,diffusion-generated faces detection,1,2.44e-06
papers_with_code,level2_fine_grained,3D Object Detection on View-of-Delft (val),1,2.44e-06
papers_with_code,level2_fine_grained,3D Object Detection (RoI) on View-of-Delft (val),1,2.44e-06
papers_with_code,level2_fine_grained,Structured Data Classification,1,2.44e-06
papers_with_code,level2_fine_grained,Few-Shot Instance Classification,1,2.44e-06
papers_with_code,level2_fine_grained,Cross-view Referring Multi-Object Tracking,1,2.44e-06
papers_with_code,level2_fine_grained,Few-Shot Learning - 4 shots,1,2.44e-06
papers_with_code,level2_fine_grained,MMSQL performance,1,2.44e-06
papers_with_code,level2_fine_grained,GLinear,1,2.44e-06
papers_with_code,level2_fine_grained,RGB-D Instance Segmentation,1,2.44e-06
papers_with_code,level2_fine_grained,iFun,1,2.44e-06
papers_with_code,level2_fine_grained,Patent Figure Description Generation,1,2.44e-06
papers_with_code,level2_fine_grained,Malaria Falciparum Detection,1,2.44e-06
papers_with_code,level2_fine_grained,Malaria Malariae Detection,1,2.44e-06
papers_with_code,level2_fine_grained,Malaria Ovale Detection,1,2.44e-06
papers_with_code,level2_fine_grained,Malaria Vivax Detection,1,2.44e-06
papers_with_code,level2_fine_grained,Crashworthiness Design,1,2.44e-06
papers_with_code,level2_fine_grained,Pass Classification,1,2.44e-06
papers_with_code,level2_fine_grained,Financial Tweet Prediction,1,2.44e-06
papers_with_code,level2_fine_grained,Vietnamese Fact Checking,1,2.44e-06
papers_with_code,level2_fine_grained,Temporal Group Activity Localization,1,2.44e-06
papers_with_code,level2_fine_grained,Human Fitting,1,2.44e-06
papers_with_code,level2_fine_grained,Federated Learning (Video Super-Resolution),1,2.44e-06
papers_with_code,level2_fine_grained,Nuclei Segmentation and Classfication,1,2.44e-06
papers_with_code,level2_fine_grained,multidimensional harmonic retrieval,1,2.44e-06
papers_with_code,level2_fine_grained,Dynamic Region Segmentation,1,2.44e-06
papers_with_code,level2_fine_grained,Dream Generation,1,2.44e-06
papers_with_code,level2_fine_grained,Philosophical Reflection,1,2.44e-06
papers_with_code,level2_fine_grained,Multiple Action Detection,1,2.44e-06
papers_with_code,level2_fine_grained,confidence interval for traffic prediction,1,2.44e-06
papers_with_code,level2_fine_grained,Nested Term Recognition,1,2.44e-06
papers_with_code,level2_fine_grained,Nested Term Recognition from Flat Supervision,1,2.44e-06
papers_with_code,level2_fine_grained,OpenAI Vision,1,2.44e-06
papers_with_code,level2_fine_grained,Anomaly Severity Classification (Anomaly vs. Defect),1,2.44e-06
papers_with_code,level2_fine_grained,Synthetic Data Evaluation,1,2.44e-06
papers_with_code,level2_fine_grained,MLLM Aesthetic Evaluation,1,2.44e-06
papers_with_code,level2_fine_grained,TinyQA Benchmark++,1,2.44e-06
papers_with_code,level2_fine_grained,Patient QA,1,2.44e-06
papers_with_code,level2_fine_grained,Homomorphic Encryption for Deep Learning,1,2.44e-06
papers_with_code,level2_fine_grained,Weather Editing,1,2.44e-06
papers_with_code,level2_fine_grained,PHMbench,1,2.44e-06
papers_with_code,level2_fine_grained,PHM-Vibench,1,2.44e-06
papers_with_code,level2_fine_grained,Asynchronous Group Communication,1,2.44e-06
papers_with_code,level2_fine_grained,Game of Mafia,1,2.44e-06
papers_with_code,level2_fine_grained,Building Flood Damage Assessment,1,2.44e-06
papers_with_code,level2_fine_grained,3D Noise Generation,1,2.44e-06
papers_with_code,level2_fine_grained,Diverse Top-k Subgroup List Discovery,1,2.44e-06
papers_with_code,level2_fine_grained,Reinforcement Learning (Atari Games),1,2.44e-06
papers_with_code,level2_fine_grained,Video Focal Modulation,1,2.44e-06
