pwc_task_label,pwc_area_label,record_count,task_total_records,area_total_records
Language Modelling,General,5602,17424,114234
Contrastive Learning,Graphs,5003,6618,12318
Language Modeling,General,4509,14015,114234
Semantic Segmentation,General,4245,14729,114234
Language Modelling,Natural Language Processing,3962,17424,40996
Semantic Segmentation,Computer Vision,3854,14729,54472
Image Classification,General,3555,10391,114234
Image Generation,Computer Vision,3447,6664,54472
Retrieval,General,3402,14207,114234
Segmentation,General,3374,13036,114234
Knowledge Distillation,General,3341,4217,114234
Decoder,General,3217,10294,114234
Denoising,Computer Vision,3194,7256,54472
Object Detection,General,3180,10925,114234
Segmentation,Computer Vision,3173,13036,54472
Language Modeling,Natural Language Processing,3121,14015,40996
regression,General,3067,9395,114234
image-classification,General,3004,9178,114234
object-detection,General,2971,10484,114234
Classification,General,2951,12759,114234
Transfer Learning,General,2903,10231,114234
Object Detection,Computer Vision,2783,10925,54472
Graph Neural Network,Graphs,2746,3585,12318
Question Answering,General,2658,10686,114234
object-detection,Computer Vision,2579,10484,54472
General Classification,General,2566,14551,114234
Reinforcement Learning (RL),General,2417,15057,114234
Sentence,General,2360,10587,114234
Image Classification,Computer Vision,2354,10391,54472
Representation Learning,General,2314,10527,114234
Retrieval,Natural Language Processing,2289,14207,40996
Data Augmentation,General,2210,8321,114234
Translation,General,2199,12219,114234
Object,General,2166,10670,114234
Decision Making,General,2120,12282,114234
reinforcement-learning,General,2081,13386,114234
Time Series,General,2021,9146,114234
Clustering,General,2019,10681,114234
Reinforcement Learning,General,1989,13136,114234
Object,Computer Vision,1981,10670,54472
Question Answering,Natural Language Processing,1978,10686,40996
image-classification,Computer Vision,1932,9178,54472
Large Language Model,General,1920,6093,114234
Decoder,Computer Vision,1910,10294,54472
Prediction,General,1905,8724,114234
Deep Learning,General,1889,9401,114234
Reinforcement Learning (RL),Reinforcement Learning,1856,15057,6988
feature selection,General,1828,2968,114234
Image Generation,General,1785,6664,114234
Diversity,General,1774,9013,114234
Contrastive Learning,General,1741,6618,114234
GPU,General,1733,5609,114234
Machine Translation,General,1702,10592,114234
Sentence,Natural Language Processing,1645,10587,40996
Decoder,Natural Language Processing,1604,10294,40996
reinforcement-learning,Reinforcement Learning,1602,13386,6988
Denoising,General,1601,7256,114234
Data Augmentation,Computer Vision,1578,8321,54472
Reinforcement Learning,Reinforcement Learning,1545,13136,6988
RAG,General,1531,2109,114234
Quantization,General,1494,4915,114234
Representation Learning,Graphs,1490,10527,12318
Image Segmentation,General,1486,5028,114234
Computational Efficiency,General,1455,4882,114234
Self-Supervised Learning,General,1455,5029,114234
RAG,Natural Language Processing,1428,2109,40996
Image Segmentation,Computer Vision,1404,5028,54472
Management,General,1394,8119,114234
Retrieval-augmented Generation,General,1388,2194,114234
Language Modelling,Computer Vision,1386,17424,54472
Representation Learning,Computer Vision,1376,10527,54472
Q-Learning,Reinforcement Learning,1371,1912,6988
Autonomous Driving,General,1368,6080,114234
Federated Learning,General,1363,6756,114234
Classification,Computer Vision,1362,12759,54472
Large Language Model,Natural Language Processing,1358,6093,40996
Transfer Learning,Computer Vision,1344,10231,54472
General Classification,Computer Vision,1332,14551,54472
Speech Recognition,General,1327,6397,114234
Text Generation,General,1310,5259,114234
BIG-bench Machine Learning,General,1293,10008,114234
speech-recognition,General,1285,5685,114234
Retrieval-augmented Generation,Natural Language Processing,1269,2194,40996
Time Series Analysis,General,1257,6730,114234
Translation,Natural Language Processing,1256,12219,40996
Benchmarking,General,1243,5525,114234
Sentiment Analysis,General,1235,5588,114234
Deep Reinforcement Learning,General,1232,5808,114234
Diversity,Computer Vision,1162,9013,54472
Semantic Segmentation,Natural Language Processing,1159,14729,40996
Domain Adaptation,General,1158,6401,114234
Retrieval,Computer Vision,1155,14207,54472
Variational Inference,General,1131,2264,114234
model,General,1126,5411,114234
Machine Translation,Natural Language Processing,1120,10592,40996
Diagnostic,General,1112,4504,114234
Attribute,General,1077,5364,114234
Text Classification,General,1060,3582,114234
Contrastive Learning,Computer Vision,1053,6618,54472
Language Modeling,Computer Vision,1038,14015,54472
Reinforcement Learning (RL),Computer Vision,1035,15057,54472
Deep Learning,Computer Vision,1019,9401,54472
Super-Resolution,Computer Vision,1003,3867,54472
Anomaly Detection,General,998,4850,114234
Recommendation Systems,General,998,6037,114234
Text Generation,Natural Language Processing,987,5259,40996
Transfer Learning,Natural Language Processing,981,10231,40996
Representation Learning,Natural Language Processing,976,10527,40996
text-classification,General,948,3005,114234
Object Detection,Natural Language Processing,937,10925,40996
GPU,Computer Vision,929,5609,54472
reinforcement-learning,Computer Vision,929,13386,54472
Few-Shot Learning,General,923,2939,114234
Fairness,General,915,5656,114234
Reinforcement Learning,Computer Vision,903,13136,54472
Meta-Learning,General,900,3548,114234
Deep Reinforcement Learning,Reinforcement Learning,885,5808,6988
object-detection,Natural Language Processing,872,10484,40996
Dimensionality Reduction,General,867,3297,114234
Neural Architecture Search,General,852,1908,114234
Decision Making,Natural Language Processing,850,12282,40996
In-Context Learning,General,845,2291,114234
Image Classification,Natural Language Processing,829,10391,40996
Super-Resolution,General,829,3867,114234
Segmentation,Natural Language Processing,823,13036,40996
Time Series,Computer Vision,820,9146,54472
Classification,Natural Language Processing,816,12759,40996
Autonomous Driving,Computer Vision,799,6080,54472
Generative Adversarial Network,Computer Vision,798,3106,54472
Model Compression,General,797,1350,114234
Gaussian Processes,General,795,1955,114234
Sentiment Analysis,Natural Language Processing,787,5588,40996
Information Retrieval,General,782,4717,114234
Translation,Computer Vision,779,12219,54472
Multi-Task Learning,General,764,3654,114234
Video Generation,Computer Vision,762,1461,54472
Pose Estimation,General,760,4220,114234
Data Augmentation,Natural Language Processing,755,8321,40996
Medical Image Segmentation,General,750,2087,114234
Attribute,Computer Vision,747,5364,54472
Instance Segmentation,General,745,2255,114234
Domain Adaptation,Computer Vision,739,6401,54472
Position,General,738,3658,114234
Automatic Speech Recognition,General,732,3158,114234
Decision Making,Computer Vision,732,12282,54472
Time Series,Natural Language Processing,729,9146,40996
Text Classification,Natural Language Processing,721,3582,40996
Prediction,Computer Vision,720,8724,54472
Contrastive Learning,Natural Language Processing,719,6618,40996
Self-Supervised Learning,Computer Vision,716,5029,54472
Articles,General,709,3983,114234
Medical Image Segmentation,Computer Vision,707,2087,54472
Word Embeddings,General,706,3946,114234
Self-Supervised Learning,Graphs,701,5029,12318
Binary Classification,General,699,2563,114234
Instance Segmentation,Computer Vision,699,2255,54472
Object,Natural Language Processing,699,10670,40996
Uncertainty Quantification,General,693,2364,114234
Diagnostic,Computer Vision,692,4504,54472
image-classification,Natural Language Processing,689,9178,40996
Automatic Speech Recognition (ASR),General,682,2995,114234
Diversity,Natural Language Processing,682,9013,40996
Graph Neural Network,General,668,3585,114234
Scheduling,General,667,3100,114234
Triplet,General,666,1621,114234
Text-to-Image Generation,Computer Vision,660,1081,54472
Benchmarking,Natural Language Processing,657,5525,40996
All,General,646,2624,114234
Quantization,Computer Vision,645,4915,54472
Mixture-of-Experts,General,644,1305,114234
Generative Adversarial Network,General,641,3106,114234
text-classification,Natural Language Processing,636,3005,40996
Anomaly Detection,Computer Vision,631,4850,54472
Privacy Preserving,General,623,2970,114234
Natural Language Understanding,General,622,1934,114234
model,Computer Vision,621,5411,54472
Continual Learning,General,621,2629,114234
Computational Efficiency,Computer Vision,617,4882,54472
Prediction,Natural Language Processing,616,8724,40996
Bayesian Optimization,General,611,1896,114234
Named Entity Recognition,General,608,2524,114234
Knowledge Graphs,General,605,2954,114234
Clustering,Computer Vision,602,10681,54472
valid,General,594,3571,114234
Action Recognition,General,593,2752,114234
named-entity-recognition,General,587,2456,114234
GPU,Natural Language Processing,586,5609,40996
Text to Image Generation,Computer Vision,582,965,54472
Time Series,Sequential,580,9146,6593
Relation,General,578,3452,114234
Word Embeddings,Natural Language Processing,568,3946,40996
Named Entity Recognition (NER),General,567,2836,114234
Node Classification,Graphs,563,1855,12318
Knowledge Distillation,Computer Vision,563,4217,54472
In-Context Learning,Natural Language Processing,563,2291,40996
Pose Estimation,Computer Vision,562,4220,54472
CPU,General,559,2227,114234
Time Series Forecasting,General,557,1604,114234
Hallucination,General,554,1812,114234
Deep Reinforcement Learning,Computer Vision,549,5808,54472
Image Generation,Natural Language Processing,548,6664,40996
Knowledge Distillation,Natural Language Processing,546,4217,40996
Large Language Model,Computer Vision,545,6093,54472
Denoising,Natural Language Processing,543,7256,40996
Code Generation,General,538,1694,114234
Information Retrieval,Natural Language Processing,525,4717,40996
EEG,General,521,2430,114234
Active Learning,General,520,3057,114234
Time Series Analysis,Computer Vision,519,6730,54472
Bayesian Inference,General,508,2217,114234
Visual Question Answering,General,505,2162,114234
Specificity,General,502,2090,114234
Emotion Recognition,General,500,2028,114234
Reinforcement Learning (RL),Natural Language Processing,500,15057,40996
Retrieval,Graphs,498,14207,12318
Speech Recognition,Natural Language Processing,497,6397,40996
Face Recognition,General,495,2326,114234
Question Answering,Computer Vision,495,10686,54472
Articles,Natural Language Processing,495,3983,40996
Inductive Bias,General,494,1518,114234
Math,General,489,1586,114234
Domain Generalization,General,487,1744,114234
speech-recognition,Natural Language Processing,486,5685,40996
Natural Language Inference,General,483,1933,114234
Self-Supervised Learning,Natural Language Processing,483,5029,40996
Semantic Segmentation,Graphs,482,14729,12318
Management,Computer Vision,481,8119,54472
Natural Language Understanding,Natural Language Processing,481,1934,40996
Time Series Analysis,Sequential,480,6730,6593
counterfactual,General,479,2748,114234
Autonomous Driving,Natural Language Processing,478,6080,40996
Network Pruning,General,477,531,114234
Data Augmentation,Graphs,474,8321,12318
Visual Question Answering (VQA),General,472,2148,114234
Autonomous Vehicles,General,468,2602,114234
Model Selection,General,466,2047,114234
Computational Efficiency,Natural Language Processing,466,4882,40996
regression,Computer Vision,465,9395,54472
Image Super-Resolution,Computer Vision,464,1587,54472
Recommendation Systems,Natural Language Processing,462,6037,40996
Diagnostic,Natural Language Processing,462,4504,40996
NER,General,460,1703,114234
Quantization,Natural Language Processing,460,4915,40996
Sentence,Computer Vision,459,10587,54472
Mamba,General,459,1058,114234
Sentence,Sequential,456,10587,6593
Fairness,Natural Language Processing,454,5656,40996
reinforcement-learning,Natural Language Processing,451,13386,40996
Benchmarking,Computer Vision,441,5525,54472
Image Segmentation,Natural Language Processing,441,5028,40996
Image Reconstruction,Computer Vision,440,2139,54472
Management,Natural Language Processing,438,8119,40996
Zero-Shot Learning,General,438,1853,114234
Image Restoration,Computer Vision,437,1454,54472
Hallucination,Natural Language Processing,437,1812,40996
Survey,General,436,4076,114234
Image Captioning,General,435,1858,114234
Named Entity Recognition,Natural Language Processing,435,2524,40996
Depth Estimation,General,434,2446,114234
Vocal Bursts Intensity Prediction,General,434,2608,114234
Text Generation,Computer Vision,433,5259,54472
Zero-Shot Learning,Computer Vision,431,1853,54472
Semantic Textual Similarity,General,431,2360,114234
Prompt Engineering,General,430,1234,114234
Attribute,Natural Language Processing,429,5364,40996
Stochastic Optimization,General,423,1378,114234
Sensitivity,General,421,2008,114234
named-entity-recognition,Natural Language Processing,420,2456,40996
Language Modelling,Sequential,419,17424,6593
Action Recognition,Computer Vision,419,2752,54472
Decision Making,Reinforcement Learning,419,12282,6988
Video Generation,General,418,1461,114234
model,Natural Language Processing,416,5411,40996
Image Inpainting,General,413,706,114234
Adversarial Robustness,General,411,1739,114234
Deep Learning,Natural Language Processing,409,9401,40996
Domain Adaptation,Natural Language Processing,409,6401,40996
Code Generation,Natural Language Processing,409,1694,40996
parameter-efficient fine-tuning,General,402,932,114234
Image-to-Image Translation,Computer Vision,399,1177,54472
Graph Attention,General,398,1081,114234
Classification,Graphs,396,12759,12318
SSIM,Computer Vision,394,1333,54472
Decoder,Sequential,394,10294,6593
Named Entity Recognition (NER),Natural Language Processing,394,2836,40996
Depth Estimation,Computer Vision,392,2446,54472
Disentanglement,Computer Vision,389,1843,54472
Image Restoration,General,389,1454,114234
BIG-bench Machine Learning,Computer Vision,388,10008,54472
Image Reconstruction,General,388,2139,114234
NMT,General,385,1737,114234
Image Super-Resolution,General,385,1587,114234
Reinforcement Learning,Natural Language Processing,385,13136,40996
Natural Language Inference,Natural Language Processing,382,1933,40996
Style Transfer,General,381,1650,114234
Object Tracking,General,379,1960,114234
Q-Learning,General,378,1912,114234
Style Transfer,Computer Vision,378,1650,54472
Medical Image Analysis,General,375,1357,114234
Imitation Learning,General,374,2115,114234
Incremental Learning,General,373,1370,114234
Object Recognition,General,373,2036,114234
Reading Comprehension,General,368,1732,114234
Ensemble Learning,General,367,1203,114234
SSIM,General,366,1333,114234
Feature Engineering,General,365,1698,114234
Recommendation Systems,Graphs,365,6037,12318
Disentanglement,General,365,1843,114234
Navigate,General,364,1976,114234
Few-Shot Learning,Natural Language Processing,364,2939,40996
Link Prediction,Graphs,363,1937,12318
Instruction Following,General,362,1133,114234
Edge-computing,General,361,1279,114234
Survey,Natural Language Processing,359,4076,40996
Image Retrieval,General,356,2231,114234
Language Modelling,Graphs,356,17424,12318
Knowledge Graphs,Natural Language Processing,355,2954,40996
Prompt Engineering,Natural Language Processing,355,1234,40996
Sentence,Graphs,353,10587,12318
Hyperparameter Optimization,General,353,812,114234
Feature Importance,General,351,889,114234
Scene Understanding,General,351,1722,114234
text-to-speech,General,350,1409,114234
Text to Speech,General,350,1415,114234
Anomaly Detection,Natural Language Processing,349,4850,40996
Language Modeling,Sequential,345,14015,6593
Prediction,Graphs,345,8724,12318
General Classification,Sequential,343,14551,6593
Graph Learning,Graphs,343,1567,12318
Federated Learning,Natural Language Processing,341,6756,40996
Adversarial Attack,General,340,1799,114234
Relation Extraction,General,340,1951,114234
Graph Neural Network,Computer Vision,339,3585,54472
counterfactual,Reinforcement Learning,338,2748,6988
Multi-Task Learning,Natural Language Processing,337,3654,40996
NER,Natural Language Processing,335,1703,40996
3D Object Detection,General,333,1572,114234
Optical Flow Estimation,General,332,2178,114234
Metric Learning,General,331,1645,114234
Visual Question Answering,Natural Language Processing,325,2162,40996
General Classification,Natural Language Processing,323,14551,40996
Unsupervised Domain Adaptation,General,322,1942,114234
Position,Natural Language Processing,322,3658,40996
Semantic Similarity,General,321,1550,114234
Math,Natural Language Processing,321,1586,40996
3D Reconstruction,Computer Vision,319,2316,54472
Neural Architecture Search,Computer Vision,318,1908,54472
Image-to-Image Translation,General,317,1177,114234
Segmentation,Graphs,316,13036,12318
Recommendation Systems,Computer Vision,316,6037,54472
regression,Natural Language Processing,316,9395,40996
Autonomous Driving,Reinforcement Learning,315,6080,6988
Medical Image Analysis,Computer Vision,315,1357,54472
Multiple-choice,General,315,1097,114234
Clustering,Graphs,314,10681,12318
Image Classification,Graphs,313,10391,12318
Federated Learning,Computer Vision,313,6756,54472
3D Reconstruction,General,310,2316,114234
Semantic Textual Similarity,Natural Language Processing,309,2360,40996
Memorization,General,308,1078,114234
Time Series Forecasting,Natural Language Processing,308,1604,40996
Text-to-Image Generation,General,307,1081,114234
Person Re-Identification,General,306,1486,114234
Visual Question Answering (VQA),Natural Language Processing,303,2148,40996
Relation,Natural Language Processing,303,3452,40996
Graph Learning,General,302,1567,114234
Few-Shot Learning,Computer Vision,301,2939,54472
Position,Computer Vision,300,3658,54472
Domain Generalization,Computer Vision,300,1744,54472
NeRF,General,299,1710,114234
Face Recognition,Computer Vision,298,2326,54472
Automatic Speech Recognition,Natural Language Processing,297,3158,40996
Speech Recognition,Computer Vision,296,6397,54472
Prediction,Sequential,296,8724,6593
State Space Models,General,295,923,114234
Image Retrieval,Computer Vision,294,2231,54472
Clustering,Natural Language Processing,294,10681,40996
Electroencephalogram (EEG),General,293,1655,114234
Optical Flow Estimation,Computer Vision,293,2178,54472
Image Captioning,Computer Vision,291,1858,54472
All,Computer Vision,291,2624,54472
Tumor Segmentation,General,289,785,114234
Text Summarization,General,287,1315,114234
Computed Tomography (CT),General,286,1207,114234
Out-of-Distribution Detection,General,286,886,114234
Graph Attention,Graphs,285,1081,12318
Mamba,Natural Language Processing,284,1058,40996
speech-recognition,Computer Vision,283,5685,54472
Reading Comprehension,Natural Language Processing,283,1732,40996
image-classification,Graphs,282,9178,12318
3D Generation,Computer Vision,282,430,54472
Node Classification,General,281,1855,114234
Descriptive,General,280,1475,114234
Computed Tomography (CT),Computer Vision,279,1207,54472
Object Recognition,Computer Vision,279,2036,54472
parameter estimation,General,279,1715,114234
Imputation,General,279,1232,114234
All,Natural Language Processing,279,2624,40996
Novel View Synthesis,General,279,1437,114234
NeRF,Computer Vision,278,1710,54472
Fairness,Computer Vision,276,5656,54472
Visual Question Answering,Computer Vision,276,2162,54472
Mathematical Reasoning,General,275,805,114234
Sentiment Analysis,Sequential,274,5588,6593
Language Modeling,Graphs,274,14015,12318
Automatic Speech Recognition (ASR),Natural Language Processing,272,2995,40996
Neural Architecture Search,Sequential,272,1908,6593
Graph Representation Learning,Graphs,272,978,12318
Speech Synthesis,General,271,1247,114234
Specificity,Computer Vision,269,2090,54472
Activity Recognition,General,269,1321,114234
Text to Image Generation,General,268,965,114234
Multi-Task Learning,Computer Vision,267,3654,54472
Temporal Action Localization,General,266,1473,114234
Novel View Synthesis,Computer Vision,266,1437,54472
Density Estimation,General,265,1384,114234
Multiple-choice,Natural Language Processing,265,1097,40996
Chatbot,General,264,963,114234
NMT,Natural Language Processing,263,1737,40996
Medical Image Segmentation,Natural Language Processing,262,2087,40996
Dimensionality Reduction,Computer Vision,261,3297,54472
Misinformation,General,261,1274,114234
Knowledge Graphs,Graphs,260,2954,12318
Link Prediction,General,259,1937,114234
Unsupervised Domain Adaptation,Computer Vision,257,1942,54472
Multi-Label Classification,General,257,1193,114234
Multi-agent Reinforcement Learning,General,256,1710,114234
Transfer Learning,Graphs,256,10231,12318
Graph Neural Network,Natural Language Processing,256,3585,40996
Form,General,253,1610,114234
Optical Character Recognition (OCR),General,251,1206,114234
Explainable artificial intelligence,General,251,971,114234
Inductive Bias,Computer Vision,251,1518,54472
Tumor Segmentation,Computer Vision,250,785,54472
Vocal Bursts Intensity Prediction,Computer Vision,250,2608,54472
Visual Question Answering (VQA),Computer Vision,250,2148,54472
Pose Estimation,Natural Language Processing,250,4220,40996
Multi-class Classification,General,249,895,114234
Scene Understanding,Computer Vision,249,1722,54472
Zero-Shot Learning,Natural Language Processing,249,1853,40996
CPU,Computer Vision,248,2227,54472
Sentiment Classification,General,248,943,114234
Video Understanding,General,248,1143,114234
Object,Graphs,248,10670,12318
Decoder,Graphs,248,10294,12318
Causal Inference,General,246,1717,114234
Instruction Following,Natural Language Processing,246,1133,40996
Time Series,Graphs,245,9146,12318
Explainable Artificial Intelligence (XAI),General,245,1040,114234
Self-Learning,General,243,402,114234
MUlTI-LABEL-ClASSIFICATION,General,242,1101,114234
Object Detection,Graphs,242,10925,12318
Video Semantic Segmentation,Computer Vision,242,893,54472
Colorization,General,241,367,114234
Prompt Learning,Computer Vision,241,675,54472
Deblurring,Computer Vision,240,998,54472
Image Denoising,Computer Vision,240,1218,54472
Anatomy,General,239,1132,114234
Drug Discovery,General,239,1336,114234
Image Denoising,General,238,1218,114234
Image Captioning,Natural Language Processing,238,1858,40996
Machine Translation,Sequential,237,10592,6593
Graph Classification,Graphs,237,924,12318
Autonomous Vehicles,Computer Vision,236,2602,54472
Deep Learning,Sequential,235,9401,6593
object-detection,Graphs,235,10484,12318
Gaussian Processes,Computer Vision,234,1955,54472
Classification,Sequential,233,12759,6593
Text Summarization,Natural Language Processing,233,1315,40996
Anatomy,Computer Vision,231,1132,54472
General Classification,Graphs,231,14551,12318
Response Generation,General,231,894,114234
Inductive Bias,Natural Language Processing,230,1518,40996
Image Inpainting,Computer Vision,229,706,54472
Relation Extraction,Natural Language Processing,229,1951,40996
Management,Reinforcement Learning,227,8119,6988
Semantic Parsing,General,226,1176,114234
Super-Resolution,Natural Language Processing,226,3867,40996
Common Sense Reasoning,General,225,929,114234
3D Object Detection,Computer Vision,224,1572,54472
Mixture-of-Experts,Natural Language Processing,224,1305,40996
Continuous Control,General,223,1159,114234
Machine Translation,Computer Vision,223,10592,54472
Combinatorial Optimization,General,223,1272,114234
Pseudo Label,General,223,953,114234
EEG,Computer Vision,221,2430,54472
Binary Classification,Natural Language Processing,221,2563,40996
Emotion Recognition,Natural Language Processing,219,2028,40996
counterfactual,Natural Language Processing,219,2748,40996
Speech Recognition,Sequential,218,6397,6593
Word Embeddings,Sequential,217,3946,6593
Translation,Sequential,217,12219,6593
Node Classification,Computer Vision,217,1855,54472
Survey,Computer Vision,217,4076,54472
ISAC,General,217,691,114234
Object Tracking,Computer Vision,216,1960,54472
Semantic Similarity,Natural Language Processing,216,1550,40996
Text to 3D,Computer Vision,216,314,54472
Video Semantic Segmentation,General,214,893,114234
valid,Computer Vision,214,3571,54472
Trajectory Prediction,General,213,1003,114234
Relation,Graphs,213,3452,12318
Class Incremental Learning,General,212,633,114234
Graph Embedding,Graphs,212,1184,12318
Speech Synthesis,Computer Vision,212,1247,54472
Image Enhancement,Computer Vision,211,980,54472
Time Series Analysis,Natural Language Processing,211,6730,40996
continuous-control,General,210,1097,114234
Text to Speech,Computer Vision,210,1415,54472
text-to-speech,Computer Vision,209,1409,54472
class-incremental learning,General,208,616,114234
Face Swapping,General,208,912,114234
whole slide images,General,208,745,114234
Action Recognition,Natural Language Processing,208,2752,40996
Logical Reasoning,General,208,738,114234
Misinformation,Natural Language Processing,208,1274,40996
Adversarial Robustness,Computer Vision,207,1739,54472
Model Predictive Control,General,207,1581,114234
Re-Ranking,General,207,735,114234
speech-recognition,Sequential,206,5685,6593
Image Enhancement,General,205,980,114234
Prognosis,General,204,899,114234
Variational Inference,Computer Vision,203,2264,54472
Deep Reinforcement Learning,Natural Language Processing,203,5808,40996
Abstractive Text Summarization,General,201,823,114234
Prompt Learning,General,201,675,114234
Change Detection,General,200,915,114234
POS,General,200,1132,114234
Lesion Segmentation,General,199,639,114234
Instance Segmentation,Natural Language Processing,199,2255,40996
Binary Classification,Computer Vision,198,2563,54472
feature selection,Computer Vision,198,2968,54472
Conformal Prediction,General,197,703,114234
Mamba,Computer Vision,197,1058,54472
Intrusion Detection,General,196,800,114234
Question Answering,Graphs,196,10686,12318
Speech Enhancement,General,195,980,114234
Sequential Decision Making,General,194,1204,114234
Attribute,Graphs,194,5364,12318
Synthetic Data Generation,General,194,820,114234
Uncertainty Quantification,Computer Vision,194,2364,54472
Out of Distribution (OOD) Detection,General,193,627,114234
Adversarial Attack,Computer Vision,192,1799,54472
Collaborative Filtering,General,192,1306,114234
Privacy Preserving,Computer Vision,191,2970,54472
zero-shot-classification,Computer Vision,191,421,54472
Meta-Learning,Computer Vision,190,3548,54472
Motion Generation,Computer Vision,190,445,54472
Model Compression,Computer Vision,190,1350,54472
Medical Diagnosis,General,190,713,114234
AutoML,General,190,640,114234
Mathematical Reasoning,Natural Language Processing,190,805,40996
Multi-agent Reinforcement Learning,Reinforcement Learning,189,1710,6988
World Knowledge,General,189,809,114234
Q-Learning,Computer Vision,188,1912,54472
Lesion Segmentation,Computer Vision,188,639,54472
Image Compression,Computer Vision,188,1007,54472
Language Modelling,Reinforcement Learning,188,17424,6988
Image Compression,General,188,1007,114234
counterfactual,Computer Vision,188,2748,54472
valid,Natural Language Processing,188,3571,40996
Chatbot,Natural Language Processing,188,963,40996
Continuous Control,Reinforcement Learning,187,1159,6988
Sentiment Analysis,Computer Vision,187,5588,54472
Masked Language Modeling,General,187,456,114234
Speaker Verification,General,186,744,114234
Anomaly Detection,Graphs,186,4850,12318
Graph Representation Learning,General,185,978,114234
XLM-R,Natural Language Processing,185,213,40996
Video Generation,Natural Language Processing,185,1461,40996
Transfer Learning,Sequential,184,10231,6593
Action Recognition,Graphs,183,2752,12318
Person Re-Identification,Computer Vision,183,1486,54472
Integrated sensing and communication,General,183,549,114234
Relation,Computer Vision,182,3452,54472
GSM8K,General,182,439,114234
TAG,General,181,1080,114234
Text Classification,Computer Vision,181,3582,54472
Continual Learning,Computer Vision,181,2629,54472
Sensitivity,Computer Vision,181,2008,54472
Imitation Learning,Computer Vision,181,2115,54472
Triplet,Computer Vision,180,1621,54472
Diversity,Graphs,179,9013,12318
Face Swapping,Computer Vision,179,912,54472
Property Prediction,General,179,690,114234
Model Compression,Natural Language Processing,179,1350,40996
parameter-efficient fine-tuning,Natural Language Processing,179,932,40996
Monocular Depth Estimation,General,178,875,114234
GPR,General,178,269,114234
Response Generation,Natural Language Processing,178,894,40996
Privacy Preserving,Natural Language Processing,178,2970,40996
Temporal Action Localization,Computer Vision,177,1473,54472
Atari Games,Reinforcement Learning,175,621,6988
Specificity,Natural Language Processing,175,2090,40996
In-Context Learning,Computer Vision,175,2291,54472
Video Object Segmentation,Computer Vision,174,549,54472
Graph Embedding,General,174,1184,114234
Domain Adaptation,Graphs,174,6401,12318
Deblurring,General,173,998,114234
Graph Learning,Computer Vision,173,1567,54472
Speech Enhancement,Computer Vision,172,980,54472
continuous-control,Reinforcement Learning,172,1097,6988
MuJoCo,General,172,677,114234
Abstractive Text Summarization,Natural Language Processing,172,823,40996
Density Estimation,Computer Vision,171,1384,54472
Scheduling,Natural Language Processing,171,3100,40996
Test-time Adaptation,General,171,483,114234
Zero-shot Generalization,General,171,567,114234
Navigate,Natural Language Processing,171,1976,40996
Scheduling,Computer Vision,170,3100,54472
Automatic Speech Recognition,Computer Vision,170,3158,54472
Conditional Image Generation,Computer Vision,169,285,54472
Video Editing,Computer Vision,169,345,54472
Cross-Lingual Transfer,General,169,750,114234
Topic Models,General,168,875,114234
Descriptive,Computer Vision,168,1475,54472
Missing Values,General,168,801,114234
Time Series Forecasting,Computer Vision,168,1604,54472
Emotion Recognition,Computer Vision,166,2028,54472
Atari Games,General,166,621,114234
Reinforcement Learning (RL),Graphs,166,15057,12318
Decision Making,Graphs,166,12282,12318
Evolutionary Algorithms,General,165,1106,114234
Brain Tumor Segmentation,General,165,435,114234
Sentence Embeddings,General,165,604,114234
Masked Language Modeling,Natural Language Processing,165,456,40996
Continual Learning,Natural Language Processing,165,2629,40996
Vocal Bursts Valence Prediction,General,164,1154,114234
Cross-Lingual Transfer,Natural Language Processing,164,750,40996
Visual Reasoning,General,162,696,114234
Reinforcement Learning,Sequential,162,13136,6593
Marketing,General,162,951,114234
Human Activity Recognition,General,162,743,114234
Video Understanding,Natural Language Processing,162,1143,40996
Imputation,Computer Vision,161,1232,54472
Image Manipulation,Computer Vision,160,426,54472
text-classification,Computer Vision,160,3005,54472
Action Detection,General,160,813,114234
Generalization Bounds,General,159,685,114234
Reranking,General,159,580,114234
Text Retrieval,Computer Vision,159,666,54472
Object Localization,General,158,615,114234
Logical Reasoning,Natural Language Processing,158,738,40996
Multiple Instance Learning,General,157,743,114234
Text Retrieval,General,157,666,114234
Kolmogorov-Arnold Networks,General,157,255,114234
Meta-Learning,Natural Language Processing,156,3548,40996
Sentiment Classification,Natural Language Processing,155,943,40996
reinforcement-learning,Graphs,155,13386,12318
Graph Classification,General,154,924,114234
Video Understanding,Computer Vision,154,1143,54472
Prompt Engineering,Computer Vision,154,1234,54472
Event Detection,General,153,935,114234
Dialogue State Tracking,General,153,287,114234
Memorization,Natural Language Processing,153,1078,40996
3DGS,General,153,633,114234
Image Registration,General,152,951,114234
Hate Speech Detection,General,152,504,114234
Common Sense Reasoning,Natural Language Processing,152,929,40996
Optical Character Recognition (OCR),Computer Vision,151,1206,54472
Monocular Depth Estimation,Computer Vision,151,875,54472
Autonomous Vehicles,Reinforcement Learning,151,2602,6988
Graph Learning,Natural Language Processing,151,1567,40996
Image Restoration,Natural Language Processing,151,1454,40996
Dependency Parsing,General,150,1381,114234
Time Series Classification,General,150,695,114234
Scene Understanding,Natural Language Processing,150,1722,40996
Automatic Speech Recognition (ASR),Computer Vision,149,2995,54472
Domain Generalization,Natural Language Processing,149,1744,40996
Question Answering,Sequential,148,10686,6593
Image Retrieval,Natural Language Processing,148,2231,40996
Active Learning,Computer Vision,147,3057,54472
Medical Image Classification,General,147,422,114234
Sequential Recommendation,General,147,554,114234
Sentence Embeddings,Natural Language Processing,147,604,40996
Task 2,General,145,569,114234
Language Modeling,Reinforcement Learning,145,14015,6988
Hallucination,Computer Vision,144,1812,54472
Text Classification,Sequential,144,3582,6593
Activity Recognition,Computer Vision,144,1321,54472
Navigate,Computer Vision,144,1976,54472
Re-Ranking,Natural Language Processing,144,735,40996
Denoising,Graphs,144,7256,12318
Region Proposal,Computer Vision,143,371,54472
MMLU,General,143,340,114234
Outlier Detection,General,142,702,114234
CPU,Natural Language Processing,142,2227,40996
Language Identification,General,142,792,114234
Machine Reading Comprehension,General,142,541,114234
Zero-shot Generalization,Computer Vision,142,567,54472
Information Retrieval,Computer Vision,141,4717,54472
Learning Theory,General,141,850,114234
Fact Checking,General,141,658,114234
Word Embeddings,Computer Vision,140,3946,54472
Interpretable Machine Learning,General,140,534,114234
Time Series Prediction,General,140,475,114234
Scheduling,Reinforcement Learning,140,3100,6988
General Knowledge,General,140,396,114234
Triplet,Natural Language Processing,140,1621,40996
Knowledge Distillation,Graphs,140,4217,12318
Reinforcement Learning (RL),Sequential,139,15057,6593
Image Quality Assessment,General,139,732,114234
Video Object Segmentation,General,138,549,114234
Facial Expression Recognition,General,138,531,114234
Translation,Graphs,138,12219,12318
Pseudo Label,Computer Vision,138,953,54472
Informativeness,General,137,732,114234
Memorization,Computer Vision,137,1078,54472
Articles,Computer Vision,137,3983,54472
Text to Speech,Natural Language Processing,137,1415,40996
Object Localization,Computer Vision,136,615,54472
Data Augmentation,Sequential,136,8321,6593
Change Detection,Computer Vision,136,915,54472
Face Generation,Computer Vision,136,380,54472
Image Segmentation,Graphs,136,5028,12318
Autonomous Driving,Graphs,136,6080,12318
Federated Learning,Graphs,136,6756,12318
Part-Of-Speech Tagging,General,135,985,114234
Document Classification,General,135,634,114234
3D Human Pose Estimation,General,135,664,114234
Motion Planning,General,135,919,114234
Graph Generation,General,135,709,114234
Visual Grounding,General,135,563,114234
text-to-speech,Natural Language Processing,135,1409,40996
Sensitivity,Natural Language Processing,135,2008,40996
Autonomous Vehicles,Natural Language Processing,135,2602,40996
Image Registration,Computer Vision,134,951,54472
GPU,Graphs,134,5609,12318
State Estimation,General,134,1067,114234
Drug Discovery,Computer Vision,134,1336,54472
Object Tracking,Natural Language Processing,134,1960,40996
State Space Models,Natural Language Processing,134,923,40996
reinforcement-learning,Sequential,133,13386,6593
Brain Tumor Segmentation,Computer Vision,133,435,54472
Dynamic Time Warping,Sequential,133,433,6593
Panoptic Segmentation,Computer Vision,133,461,54472
Offline RL,General,133,753,114234
Node Classification,Natural Language Processing,133,1855,40996
EEG,Natural Language Processing,133,2430,40996
Multi-Armed Bandits,General,132,1260,114234
Traffic Prediction,General,132,375,114234
DeepFake Detection,General,132,579,114234
Time Series Analysis,Graphs,132,6730,12318
Descriptive,Natural Language Processing,132,1475,40996
Medical Image Analysis,Natural Language Processing,132,1357,40996
Active Learning,Natural Language Processing,132,3057,40996
Imitation Learning,Reinforcement Learning,131,2115,6988
Open-Ended Question Answering,General,131,787,114234
Link Prediction,Computer Vision,131,1937,54472
Speech Synthesis,Audio,131,1247,488
Fake News Detection,General,131,487,114234
Causal Discovery,General,130,741,114234
Graph Attention,Natural Language Processing,130,1081,40996
World Knowledge,Natural Language Processing,130,809,40996
Diffusion MRI,Computer Vision,129,212,54472
Diversity,Reinforcement Learning,129,9013,6988
Experimental Design,General,129,687,114234
Facial Expression Recognition (FER),General,129,492,114234
Scene Generation,Computer Vision,129,308,54472
global-optimization,General,128,657,114234
text-to-speech,Audio,128,1409,488
Text to Speech,Audio,128,1415,488
Cloud Computing,General,128,581,114234
POS,Natural Language Processing,128,1132,40996
Entity Linking,General,128,725,114234
Text-to-Image Generation,Natural Language Processing,128,1081,40996
3D Object Detection,Natural Language Processing,128,1572,40996
parameter-efficient fine-tuning,Computer Vision,128,932,54472
Image Classification,Sequential,127,10391,6593
MuJoCo,Reinforcement Learning,127,677,6988
Out-of-Distribution Detection,Computer Vision,127,886,54472
Text Detection,General,126,592,114234
Out-of-Distribution Generalization,General,125,513,114234
Synthetic Data Generation,Computer Vision,125,820,54472
Fact Checking,Natural Language Processing,125,658,40996
Uncertainty Quantification,Natural Language Processing,125,2364,40996
Electroencephalogram (EEG),Computer Vision,124,1655,54472
Deep Learning,Graphs,124,9401,12318
Edge-computing,Computer Vision,123,1279,54472
compressed sensing,General,123,988,114234
Unsupervised Anomaly Detection,General,123,506,114234
Reinforcement Learning,Graphs,123,13136,12318
Graph Attention,Computer Vision,123,1081,54472
Multi-Label Classification,Natural Language Processing,123,1193,40996
Adversarial Attack,Natural Language Processing,123,1799,40996
HumanEval,General,123,264,114234
Time Series Forecasting,Sequential,122,1604,6593
Graph Generation,Computer Vision,122,709,54472
Graph Classification,Computer Vision,122,924,54472
Text-To-SQL,General,122,413,114234
Optical Character Recognition (OCR),Natural Language Processing,122,1206,40996
Depth Estimation,Natural Language Processing,122,2446,40996
Drug Discovery,Natural Language Processing,122,1336,40996
Variable Selection,General,121,565,114234
text-classification,Sequential,121,3005,6593
Community Detection,General,121,915,114234
Ethics,General,121,829,114234
Image Super-Resolution,Natural Language Processing,121,1587,40996
Machine Unlearning,General,121,438,114234
GSM8K,Natural Language Processing,121,439,40996
Form,Natural Language Processing,120,1610,40996
Text Generation,Sequential,120,5259,6593
Prognosis,Computer Vision,120,899,54472
Panoptic Segmentation,General,120,461,114234
Real-Time Object Detection,Computer Vision,120,258,54472
Text-to-Video Generation,Computer Vision,120,200,54472
Image Reconstruction,Natural Language Processing,120,2139,40996
Audio Classification,General,119,359,114234
Learning-To-Rank,General,119,748,114234
Speech Emotion Recognition,General,119,429,114234
ARC,General,119,550,114234
Question Generation,General,119,648,114234
Few-Shot Learning,Graphs,119,2939,12318
Neural Architecture Search,Natural Language Processing,119,1908,40996
Semantic Communication,General,119,409,114234
Continuous Control,Computer Vision,118,1159,54472
Property Prediction,Graphs,118,690,12318
Weakly-Supervised Semantic Segmentation,General,118,296,114234
Multi-Object Tracking,General,117,670,114234
Link Prediction,Natural Language Processing,117,1937,40996
Optical Character Recognition,General,117,526,114234
Text to SQL,General,117,399,114234
MUlTI-LABEL-ClASSIFICATION,Natural Language Processing,117,1101,40996
Weather Forecasting,General,116,418,114234
Fraud Detection,General,116,545,114234
Imitation Learning,Natural Language Processing,116,2115,40996
Semantic Textual Similarity,Graphs,116,2360,12318
Motion Synthesis,Computer Vision,116,279,54472
3D geometry,Computer Vision,115,682,54472
Management,Sequential,115,8119,6593
Music Generation,General,115,386,114234
Metric Learning,Computer Vision,115,1645,54472
Philosophy,General,115,753,114234
Matrix Completion,General,114,792,114234
graph construction,General,114,558,114234
Weakly supervised Semantic Segmentation,General,114,284,114234
Dialogue Generation,General,114,594,114234
Management,Graphs,114,8119,12318
Text to Image Generation,Natural Language Processing,114,965,40996
Salient Object Detection,General,113,526,114234
Trajectory Prediction,Computer Vision,113,1003,54472
Model-based Reinforcement Learning,General,113,707,114234
Distributed Optimization,General,113,535,114234
Voice Conversion,General,113,520,114234
Style Transfer,Natural Language Processing,113,1650,40996
Medical Diagnosis,Computer Vision,113,713,54472
Open-Domain Question Answering,General,113,478,114234
Reranking,Natural Language Processing,113,580,40996
Model Selection,Natural Language Processing,113,2047,40996
Prompt Learning,Natural Language Processing,113,675,40996
Atari Games,Computer Vision,112,621,54472
Image Quality Assessment,Computer Vision,112,732,54472
Quantization,Graphs,112,4915,12318
Instruction Following,Computer Vision,112,1133,54472
Question-Generation,General,112,625,114234
feature selection,Natural Language Processing,112,2968,40996
continuous-control,Computer Vision,111,1097,54472
Bayesian Inference,Computer Vision,111,2217,54472
Representation Learning,Sequential,110,10527,6593
Binarization,General,110,430,114234
Few-Shot Image Classification,General,110,352,114234
Decision Making,Sequential,110,12282,6593
Quantum Machine Learning,General,110,699,114234
MRI Reconstruction,Computer Vision,110,441,54472
Machine Reading Comprehension,Natural Language Processing,110,541,40996
Semantic Parsing,Natural Language Processing,110,1176,40996
Computational Efficiency,Graphs,110,4882,12318
Virtual Try-on,Computer Vision,110,275,54472
Semantic Textual Similarity,Computer Vision,109,2360,54472
Medical Image Classification,Computer Vision,109,422,54472
GPU,Sequential,109,5609,6593
Named Entity Recognition (NER),Sequential,109,2836,6593
Colorization,Computer Vision,109,367,54472
Triplet,Graphs,109,1621,12318
Slot Filling,General,109,453,114234
Hate Speech Detection,Natural Language Processing,109,504,40996
Backdoor Attack,General,109,520,114234
RAG,Computer Vision,109,2109,54472
Mixture-of-Experts,Computer Vision,108,1305,54472
Image Manipulation,General,108,426,114234
3D geometry,General,108,682,114234
zero-shot-classification,General,108,421,114234
Dimensionality Reduction,Natural Language Processing,108,3297,40996
Drug Discovery,Graphs,107,1336,12318
whole slide images,Computer Vision,107,745,54472
Neural Network Compression,General,107,193,114234
Fine-Grained Image Classification,General,107,352,114234
Image Augmentation,Computer Vision,107,308,54472
Action Classification,General,107,456,114234
Aspect-Based Sentiment Analysis,General,107,425,114234
motion prediction,General,107,592,114234
Pedestrian Detection,General,107,438,114234
Benchmarking,Graphs,107,5525,12318
Pose Estimation,Graphs,107,4220,12318
Click-Through Rate Prediction,General,106,390,114234
Coreference Resolution,General,106,869,114234
image-classification,Sequential,105,9178,6593
Aspect-Based Sentiment Analysis (ABSA),General,105,465,114234
Real-Time Object Detection,General,105,258,114234
Continual Learning,Reinforcement Learning,105,2629,6988
energy management,General,105,515,114234
Sentence Embedding,General,105,399,114234
Image to 3D,Computer Vision,105,161,54472
Retrieval-augmented Generation,Computer Vision,105,2194,54472
Video Classification,General,104,452,114234
Scene Classification,General,104,452,114234
Audio Generation,Computer Vision,104,270,54472
Fault Detection,General,104,510,114234
Cross-Modal Retrieval,Computer Vision,104,522,54472
Incremental Learning,Computer Vision,104,1370,54472
Spatial Reasoning,General,104,451,114234
Weakly-supervised Learning,General,104,612,114234
Fairness,Reinforcement Learning,104,5656,6988
Large Language Model,Graphs,104,6093,12318
Bayesian Optimization,Computer Vision,103,1896,54472
Emotion Classification,General,103,453,114234
Feature Engineering,Natural Language Processing,103,1698,40996
Text Classification,Graphs,103,3582,12318
Disentanglement,Natural Language Processing,103,1843,40996
Unsupervised Anomaly Detection,Computer Vision,102,506,54472
Tensor Decomposition,General,102,618,114234
Visual Object Tracking,General,102,338,114234
Earth Observation,General,102,518,114234
Document Summarization,General,102,750,114234
Fault Diagnosis,General,102,375,114234
Conditional Image Generation,General,101,285,114234
Video Prediction,Computer Vision,101,392,54472
BIG-bench Machine Learning,Sequential,101,10008,6593
Visual Reasoning,Natural Language Processing,101,696,40996
Meta-Learning,Graphs,101,3548,12318
3DGS,Computer Vision,101,633,54472
Chunking,General,100,444,114234
Model Selection,Computer Vision,100,2047,54472
Anomaly Detection,Sequential,100,4850,6593
Gesture Recognition,General,100,572,114234
Negation,General,100,600,114234
Defect Detection,General,100,394,114234
Data Integration,General,100,430,114234
Spoken Language Understanding,General,99,547,114234
Cross-Modal Retrieval,General,99,522,114234
parameter estimation,Computer Vision,99,1715,54472
Symbolic Regression,General,99,418,114234
Model Optimization,General,99,379,114234
Sentence-Embedding,General,99,373,114234
DeepFake Detection,Computer Vision,99,579,54472
cross-modal alignment,Computer Vision,99,341,54472
Image Deblurring,Computer Vision,98,395,54472
Blocking,General,98,522,114234
Multi-Label Classification,Computer Vision,98,1193,54472
slot-filling,General,98,357,114234
Multi-agent Reinforcement Learning,Computer Vision,98,1710,54472
4k,General,98,367,114234
regression,Graphs,98,9395,12318
Task 2,Natural Language Processing,98,569,40996
Video Inpainting,General,98,130,114234
OpenAI Gym,Reinforcement Learning,97,382,6988
OpenAI Gym,General,97,382,114234
Thompson Sampling,General,97,652,114234
Video Captioning,General,97,469,114234
Sign Language Recognition,General,97,297,114234
Unsupervised Domain Adaptation,Natural Language Processing,97,1942,40996
Text Retrieval,Natural Language Processing,97,666,40996
Diagnostic,Graphs,97,4504,12318
Misinformation,Computer Vision,97,1274,54472
Autonomous Navigation,General,96,589,114234
Form,Computer Vision,96,1610,54472
Visual Tracking,General,96,524,114234
Collaborative Filtering,Computer Vision,96,1306,54472
Speech Synthesis,Sequential,96,1247,6593
Video Prediction,General,96,392,114234
Texture Synthesis,Computer Vision,96,280,54472
POS Tagging,General,96,516,114234
Collaborative Filtering,Graphs,96,1306,12318
Synthetic Data Generation,Natural Language Processing,96,820,40996
Offline RL,Reinforcement Learning,96,753,6988
Trajectory Prediction,Natural Language Processing,96,1003,40996
Retrieval,Sequential,95,14207,6593
Video Retrieval,Computer Vision,95,485,54472
Facial Expression Recognition,Computer Vision,95,531,54472
Ethics,Natural Language Processing,95,829,40996
Video Segmentation,Computer Vision,95,387,54472
Dialogue Generation,Natural Language Processing,95,594,40996
Knowledge Graphs,Computer Vision,95,2954,54472
Question Generation,Natural Language Processing,95,648,40996
Graph Representation Learning,Natural Language Processing,95,978,40996
compressed sensing,Computer Vision,94,988,54472
Feature Engineering,Computer Vision,94,1698,54472
Salient Object Detection,Computer Vision,94,526,54472
Named Entity Recognition,Sequential,94,2524,6593
Generative Adversarial Network,Natural Language Processing,94,3106,40996
Ensemble Learning,Computer Vision,94,1203,54472
Video Compression,General,94,496,114234
Brain Computer Interface,General,94,465,114234
Code Generation,Computer Vision,94,1694,54472
text-classification,Graphs,94,3005,12318
Face Swapping,Natural Language Processing,94,912,40996
Adversarial Robustness,Natural Language Processing,94,1739,40996
MMLU,Natural Language Processing,94,340,40996
Region Proposal,General,93,371,114234
Structured Prediction,General,93,636,114234
Image Colorization,General,93,127,114234
Organ Segmentation,Computer Vision,93,304,54472
Skeleton Based Action Recognition,Graphs,93,418,12318
Defect Detection,Computer Vision,93,394,54472
Speaker Recognition,General,93,434,114234
text-to-speech,Sequential,93,1409,6593
Text to Speech,Sequential,93,1415,6593
Multivariate Time Series Forecasting,General,93,245,114234
document understanding,General,93,307,114234
Sequential Recommendation,Natural Language Processing,93,554,40996
Neural Rendering,General,93,512,114234
3D Generation,General,93,430,114234
Human Activity Recognition,Computer Vision,92,743,54472
Person Re-Identification,Natural Language Processing,92,1486,40996
Clustering,Sequential,92,10681,6593
Graph Representation Learning,Computer Vision,92,978,54472
Bilevel Optimization,General,92,422,114234
Image Generation,Graphs,92,6664,12318
STS,General,92,325,114234
Molecular Property Prediction,General,92,354,114234
Fairness,Graphs,92,5656,12318
Explainable artificial intelligence,Natural Language Processing,92,971,40996
Semantic Similarity,Computer Vision,91,1550,54472
Sensor Fusion,General,91,508,114234
Survival Analysis,General,91,472,114234
Action Classification,Computer Vision,91,456,54472
named-entity-recognition,Sequential,91,2456,6593
NeRF,Natural Language Processing,91,1710,40996
Multimodal Large Language Model,General,91,346,114234
Prediction,Reinforcement Learning,90,8724,6988
Dictionary Learning,General,90,821,114234
Music Generation,Computer Vision,90,386,54472
scientific discovery,General,90,463,114234
Rhythm,General,90,515,114234
Data Augmentation,Reinforcement Learning,90,8321,6988
Imputation,Natural Language Processing,90,1232,40996
Causal Inference,Natural Language Processing,90,1717,40996
Answer Generation,General,90,276,114234
Image-text Retrieval,Computer Vision,90,246,54472
Marketing,Computer Vision,89,951,54472
Self-Driving Cars,General,89,514,114234
Transfer Learning,Reinforcement Learning,89,10231,6988
Face Detection,General,89,532,114234
Keyword Spotting,General,89,405,114234
Video Retrieval,General,89,485,114234
Traffic Prediction,Computer Vision,89,375,54472
State Space Models,Computer Vision,89,923,54472
Video Editing,General,89,345,114234
Dependency Parsing,Natural Language Processing,89,1381,40996
Motion Generation,General,89,445,114234
Fake News Detection,Natural Language Processing,89,487,40996
Emotion Recognition,Graphs,89,2028,12318
XLM-R,General,89,213,114234
Image Enhancement,Natural Language Processing,89,980,40996
Diversity,Sequential,88,9013,6593
Network Pruning,Computer Vision,88,531,54472
Text-To-Speech Synthesis,General,88,331,114234
Text Matching,General,88,361,114234
Part-Of-Speech Tagging,Natural Language Processing,88,985,40996
Sentence Embedding,Natural Language Processing,88,399,40996
Property Prediction,Natural Language Processing,88,690,40996
Automatic Speech Recognition,Sequential,87,3158,6593
Efficient Exploration,General,87,513,114234
Face Detection,Computer Vision,87,532,54472
Skeleton Based Action Recognition,General,87,418,114234
Face Generation,General,87,380,114234
Zero-Shot Learning,Graphs,87,1853,12318
Human-Object Interaction Detection,Computer Vision,87,445,54472
Intent Classification,General,87,342,114234
Word Sense Disambiguation,General,87,1032,114234
Sentiment Analysis,Graphs,87,5588,12318
Rain Removal,General,87,315,114234
Visual Grounding,Natural Language Processing,87,563,40996
Change Detection,Natural Language Processing,87,915,40996
Explainable Artificial Intelligence (XAI),Natural Language Processing,87,1040,40996
Document Classification,Natural Language Processing,86,634,40996
Organ Segmentation,General,86,304,114234
Image Augmentation,General,86,308,114234
Fine-Grained Image Classification,Computer Vision,86,352,54472
Lesion Detection,General,86,257,114234
Edge Detection,Computer Vision,86,488,54472
Text Detection,Natural Language Processing,86,592,40996
intent-classification,General,86,332,114234
LEMMA,General,86,624,114234
Out of Distribution (OOD) Detection,Computer Vision,86,627,54472
Language Identification,Natural Language Processing,86,792,40996
Open-Domain Question Answering,Natural Language Processing,86,478,40996
Multi-Task Learning,Graphs,86,3654,12318
Question-Generation,Natural Language Processing,86,625,40996
Binarization,Computer Vision,85,430,54472
MUlTI-LABEL-ClASSIFICATION,Computer Vision,85,1101,54472
Adversarial Defense,General,85,401,114234
Facial Expression Recognition (FER),Computer Vision,85,492,54472
Information Retrieval,Graphs,85,4717,12318
Earth Observation,Computer Vision,85,518,54472
Neural Rendering,Computer Vision,85,512,54472
Medical Image Segmentation,Graphs,85,2087,12318
Offline RL,Natural Language Processing,85,753,40996
Automatic Speech Recognition (ASR),Sequential,84,2995,6593
Point Processes,General,84,540,114234
Sign Language Recognition,Computer Vision,84,297,54472
Video Question Answering,General,84,458,114234
Task-Oriented Dialogue Systems,General,84,300,114234
Lifelong learning,General,84,467,114234
Speaker Verification,Computer Vision,83,744,54472
Voice Conversion,Computer Vision,83,520,54472
Video Super-Resolution,Computer Vision,83,281,54472
Question Answering,Reinforcement Learning,83,10686,6988
Image Dehazing,Computer Vision,83,294,54472
Time Series Classification,Computer Vision,83,695,54472
Hyperspectral Image Classification,General,83,286,114234
Data Compression,General,83,459,114234
Deep Reinforcement Learning,Graphs,83,5808,12318
Sentence-Embedding,Natural Language Processing,83,373,40996
Inference Attack,General,83,283,114234
Graph Generation,Natural Language Processing,83,709,40996
Activity Recognition,Natural Language Processing,83,1321,40996
Multivariate Time Series Forecasting,Natural Language Processing,83,245,40996
HumanEval,Natural Language Processing,83,264,40996
Zero Shot Segmentation,Computer Vision,83,133,54472
Video Recognition,General,82,306,114234
Action Detection,Computer Vision,82,813,54472
Multiple Instance Learning,Computer Vision,82,743,54472
Survival Prediction,General,82,233,114234
Visual Grounding,Computer Vision,82,563,54472
Image Retrieval,Graphs,82,2231,12318
Unsupervised Pre-training,General,82,263,114234
Object Detection,Reinforcement Learning,82,10925,6988
Knowledge Graph Completion,General,82,477,114234
Virtual Try-on,General,82,275,114234
Text-To-SQL,Natural Language Processing,82,413,40996
Test-time Adaptation,Computer Vision,82,483,54472
Visual Reasoning,Computer Vision,81,696,54472
Action Recognition,Sequential,81,2752,6593
Deep Reinforcement Learning,Sequential,81,5808,6593
Face Verification,General,81,359,114234
Document Summarization,Natural Language Processing,81,750,40996
Knowledge Graph Embedding,Graphs,81,461,12318
Pedestrian Detection,Computer Vision,81,438,54472
Speech Separation,General,81,359,114234
Multimodal Reasoning,General,81,302,114234
Grammatical Error Correction,General,81,410,114234
Video Segmentation,General,80,387,114234
model,Reinforcement Learning,80,5411,6988
Relation Classification,General,80,439,114234
Data Poisoning,General,80,490,114234
MRI Reconstruction,General,80,441,114234
Low-Light Image Enhancement,Computer Vision,80,315,54472
Temporal Action Localization,Natural Language Processing,80,1473,40996
Informativeness,Natural Language Processing,80,732,40996
3D Reconstruction,Natural Language Processing,80,2316,40996
Zero-shot Generalization,Natural Language Processing,80,567,40996
SSIM,Natural Language Processing,80,1333,40996
Disease Prediction,General,79,260,114234
Caption Generation,General,79,308,114234
Molecular Property Prediction,Graphs,79,354,12318
3D Human Pose Estimation,Computer Vision,79,664,54472
Optical Flow Estimation,Natural Language Processing,79,2178,40996
Cancer Classification,General,79,208,114234
Text Generation,Graphs,79,5259,12318
Text to SQL,Natural Language Processing,79,399,40996
Sequential Recommendation,Graphs,79,554,12318
Arithmetic Reasoning,General,79,175,114234
Semantic Segmentation,Sequential,78,14729,6593
Policy Gradient Methods,General,78,381,114234
Feature Importance,Computer Vision,78,889,54472
Keypoint Detection,General,78,339,114234
Vocal Bursts Type Prediction,General,78,670,114234
Coreference Resolution,Natural Language Processing,78,869,40996
Open Set Learning,General,78,267,114234
TAG,Natural Language Processing,78,1080,40996
Load Forecasting,General,78,235,114234
Rain Removal,Computer Vision,78,315,54472
Code Completion,General,78,212,114234
Instance Segmentation,Graphs,78,2255,12318
Semi-Supervised Image Classification,General,77,167,114234
Video Classification,Computer Vision,77,452,54472
Representation Learning,Reinforcement Learning,77,10527,6988
Missing Values,Computer Vision,77,801,54472
Malware Detection,General,77,431,114234
Computational Efficiency,Reinforcement Learning,77,4882,6988
Image Dehazing,General,77,294,114234
Feature Engineering,Sequential,77,1698,6593
Text Matching,Computer Vision,77,361,54472
BIG-bench Machine Learning,Natural Language Processing,77,10008,40996
coreference-resolution,General,77,584,114234
Intent Detection,General,77,328,114234
Aspect-Based Sentiment Analysis,Natural Language Processing,77,425,40996
Dataset Generation,General,77,308,114234
STS,Natural Language Processing,77,325,40996
Point Cloud Registration,General,77,444,114234
Multi-agent Reinforcement Learning,Natural Language Processing,77,1710,40996
Large Language Model,Reinforcement Learning,77,6093,6988
Articles,Sequential,76,3983,6593
Low-Light Image Enhancement,General,76,315,114234
Person Re-Identification,Graphs,76,1486,12318
Weather Forecasting,Computer Vision,76,418,54472
Few-Shot Object Detection,General,76,179,114234
Domain Generalization,Graphs,76,1744,12318
Incremental Learning,Natural Language Processing,76,1370,40996
NER,Sequential,75,1703,6593
Thompson Sampling,Computer Vision,75,652,54472
One-Shot Learning,General,75,303,114234
Image Deblurring,General,75,395,114234
Segmentation,Sequential,75,13036,6593
quantile regression,General,75,420,114234
MuJoCo,Computer Vision,75,677,54472
AI Agent,General,75,391,114234
Deep Clustering,General,75,307,114234
object-detection,Reinforcement Learning,75,10484,6988
Deblurring,Natural Language Processing,75,998,40996
Face Recognition,Natural Language Processing,75,2326,40996
Depth Prediction,Computer Vision,74,421,54472
regression,Sequential,74,9395,6593
Human Detection,General,74,306,114234
Object Detection,Sequential,74,10925,6593
Explainable Artificial Intelligence (XAI),Computer Vision,74,1040,54472
Object Recognition,Natural Language Processing,74,2036,40996
Speech Recognition,Graphs,74,6397,12318
Natural Language Queries,General,74,335,114234
Anatomy,Natural Language Processing,74,1132,40996
Relational Reasoning,General,73,483,114234
2D Object Detection,General,73,210,114234
Skeleton Based Action Recognition,Computer Vision,73,418,54472
Task Planning,General,73,342,114234
Network Intrusion Detection,General,73,261,114234
Crowd Counting,General,73,369,114234
Graph Embedding,Computer Vision,73,1184,54472
BIG-bench Machine Learning,Graphs,73,10008,12318
Answer Generation,Natural Language Processing,73,276,40996
Operator learning,General,73,347,114234
Navigate,Reinforcement Learning,72,1976,6988
Multi-Object Tracking,Computer Vision,72,670,54472
Scene Segmentation,General,72,282,114234
Drug Design,Computer Vision,72,440,54472
Motion Estimation,General,72,740,114234
Robot Navigation,General,72,542,114234
motion prediction,Computer Vision,72,592,54472
speech-recognition,Graphs,72,5685,12318
Scheduling,Graphs,72,3100,12318
Robot Manipulation,General,72,428,114234
Novel View Synthesis,Natural Language Processing,72,1437,40996
Disentanglement,Graphs,72,1843,12318
Text Detection,Computer Vision,71,592,54472
Semantic Segmentation,Reinforcement Learning,71,14729,6988
2k,General,71,287,114234
Scene Graph Generation,General,71,316,114234
3D Semantic Segmentation,Computer Vision,71,346,54472
Time Series Classification,Sequential,71,695,6593
Knowledge Graph Completion,Graphs,71,477,12318
model,Graphs,71,5411,12318
Human-Object Interaction Detection,General,71,445,114234
Aspect-Based Sentiment Analysis (ABSA),Natural Language Processing,71,465,40996
Multiple Instance Learning,Natural Language Processing,71,743,40996
Program Synthesis,General,71,419,114234
Surface Reconstruction,General,71,621,114234
EEG,Graphs,71,2430,12318
Sequential Decision Making,Natural Language Processing,71,1204,40996
Motion Generation,Natural Language Processing,71,445,40996
Unsupervised Domain Adaptation,Graphs,71,1942,12318
Interpretable Machine Learning,Computer Vision,70,534,54472
Edge Detection,General,70,488,114234
Image Classification,Reinforcement Learning,70,10391,6988
Robust classification,General,70,295,114234
object-detection,Sequential,70,10484,6593
Activity Recognition,Sequential,70,1321,6593
Text-To-Speech Synthesis,Computer Vision,70,331,54472
Self-Supervised Image Classification,General,70,110,114234
Audio Generation,General,70,270,114234
POS Tagging,Natural Language Processing,70,516,40996
Sequential Decision Making,Reinforcement Learning,70,1204,6988
Semantic Parsing,Sequential,70,1176,6593
Scene Understanding,Graphs,70,1722,12318
Activity Detection,General,70,378,114234
Semantic Similarity,Graphs,70,1550,12318
Model Editing,General,70,193,114234
General Knowledge,Natural Language Processing,70,396,40996
cross-modal alignment,General,70,341,114234
Offline RL,Computer Vision,70,753,54472
Personalized Federated Learning,General,70,311,114234
Bayesian Optimization,Natural Language Processing,70,1896,40996
Text to 3D,General,70,314,114234
Safety Alignment,General,70,288,114234
Retrieval,Reinforcement Learning,69,14207,6988
Speech-to-Text,General,69,401,114234
Efficient Neural Network,General,69,223,114234
Collision Avoidance,General,69,568,114234
Natural Language Understanding,Computer Vision,69,1934,54472
Explainable artificial intelligence,Computer Vision,69,971,54472
BIG-bench Machine Learning,Reinforcement Learning,69,10008,6988
Scene Generation,General,69,308,114234
Hyperspectral Image Classification,Computer Vision,69,286,54472
World Knowledge,Computer Vision,69,809,54472
Ensemble Learning,Natural Language Processing,69,1203,40996
Graph Classification,Natural Language Processing,69,924,40996
Entity Linking,Natural Language Processing,69,725,40996
Vulnerability Detection,General,69,216,114234
Open Vocabulary Semantic Segmentation,Computer Vision,69,113,54472
Natural Language Inference,Sequential,68,1933,6593
Scene Classification,Computer Vision,68,452,54472
Depth Prediction,General,68,421,114234
Multi-Task Learning,Sequential,68,3654,6593
Additive models,General,68,251,114234
Benchmarking,Reinforcement Learning,68,5525,6988
Scene Segmentation,Computer Vision,68,282,54472
Lesion Detection,Computer Vision,68,257,54472
regression,Reinforcement Learning,68,9395,6988
Multimodal Sentiment Analysis,General,68,200,114234
Knowledge Graph Embedding,General,68,461,114234
Sentence Classification,General,68,300,114234
Point Cloud Classification,General,68,265,114234
Video Super-Resolution,General,68,281,114234
Tensor Decomposition,Graphs,68,618,12318
Simultaneous Localization and Mapping,General,68,571,114234
Optical Character Recognition,Computer Vision,68,526,54472
3D Human Pose Estimation,Natural Language Processing,68,664,40996
Collaborative Filtering,Natural Language Processing,68,1306,40996
DeepFake Detection,Natural Language Processing,68,579,40996
whole slide images,Natural Language Processing,68,745,40996
Graph Embedding,Natural Language Processing,67,1184,40996
Video Recognition,Computer Vision,67,306,54472
Machine Translation,Graphs,67,10592,12318
Second-order methods,General,67,181,114234
Selection bias,General,67,365,114234
Speech Synthesis,Natural Language Processing,67,1247,40996
Slot Filling,Natural Language Processing,67,453,40996
Relation Extraction,Graphs,67,1951,12318
Pseudo Label,Natural Language Processing,67,953,40996
Image-text Retrieval,General,67,246,114234
COVID-19 Diagnosis,General,67,210,114234
Spatial Reasoning,Natural Language Processing,67,451,40996
Video Semantic Segmentation,Natural Language Processing,67,893,40996
Open Vocabulary Object Detection,General,67,145,114234
Stance Detection,General,66,340,114234
Distributed Computing,General,66,377,114234
Stereo Matching,General,66,515,114234
graph construction,Graphs,66,558,12318
EEG,Sequential,66,2430,6593
Keypoint Detection,Computer Vision,66,339,54472
GPU,Reinforcement Learning,66,5609,6988
Dynamic Time Warping,General,66,433,114234
Image-text matching,Computer Vision,66,186,54472
Image to text,Computer Vision,66,245,54472
Music Generation,Natural Language Processing,66,386,40996
Word Sense Disambiguation,Natural Language Processing,66,1032,40996
Chunking,Natural Language Processing,66,444,40996
Articles,Graphs,66,3983,12318
Inductive Bias,Graphs,66,1518,12318
Text Retrieval,Graphs,66,666,12318
Network Embedding,Graphs,65,402,12318
2D Object Detection,Computer Vision,65,210,54472
Gesture Recognition,Computer Vision,65,572,54472
Knowledge Base Question Answering,General,65,133,114234
Multimodal Deep Learning,General,65,211,114234
slot-filling,Natural Language Processing,65,357,40996
Systematic Literature Review,General,65,337,114234
Multi-hop Question Answering,General,65,201,114234
Negation,Natural Language Processing,65,600,40996
Video Question Answering,Natural Language Processing,65,458,40996
Motion Synthesis,General,65,279,114234
Multimodal Large Language Model,Natural Language Processing,65,346,40996
Stochastic Block Model,General,64,369,114234
8k,General,64,200,114234
Spoken Language Understanding,Natural Language Processing,64,547,40996
Passage Retrieval,General,64,261,114234
Math,Computer Vision,64,1586,54472
Edge-computing,Natural Language Processing,64,1279,40996
Few-Shot Class-Incremental Learning,General,64,118,114234
Unity,General,63,378,114234
Lesion Classification,General,63,188,114234
Adversarial Defense,Computer Vision,63,401,54472
Causal Inference,Computer Vision,63,1717,54472
Sentence Embeddings,Graphs,63,604,12318
Referring Expression,General,63,362,114234
Data Visualization,General,63,335,114234
3D Semantic Segmentation,General,63,346,114234
Time Series Anomaly Detection,General,63,264,114234
Code Completion,Natural Language Processing,63,212,40996
Dataset Distillation,General,63,216,114234
document understanding,Natural Language Processing,63,307,40996
Tumor Segmentation,Natural Language Processing,63,785,40996
Zero-Shot Image Classification,Computer Vision,63,111,54472
mbpp,General,63,129,114234
Red Teaming,Natural Language Processing,63,251,40996
Safety Alignment,Natural Language Processing,63,288,40996
Age Estimation,General,62,251,114234
model,Sequential,62,5411,6593
Crowd Counting,Computer Vision,62,369,54472
Face Alignment,General,62,306,114234
3D Pose Estimation,General,62,379,114234
Audio Classification,Computer Vision,62,359,54472
Bayesian Optimisation,General,62,221,114234
Event Detection,Computer Vision,62,935,54472
Object,Sequential,62,10670,6593
Graph Regression,Graphs,62,145,12318
Motion Planning,Computer Vision,62,919,54472
3D Shape Generation,Computer Vision,62,105,54472
Functional Connectivity,General,62,460,114234
intent-classification,Natural Language Processing,62,332,40996
Intent Classification,Natural Language Processing,62,342,40996
Membership Inference Attack,General,62,186,114234
motion prediction,Natural Language Processing,62,592,40996
Vulnerability Detection,Natural Language Processing,62,216,40996
Rhythm,Computer Vision,61,515,54472
Relation,Sequential,61,3452,6593
Compressive Sensing,General,61,594,114234
vehicle detection,General,61,248,114234
Interactive Segmentation,Computer Vision,61,253,54472
Drug Design,General,61,440,114234
Weakly-Supervised Semantic Segmentation,Computer Vision,61,296,54472
Texture Synthesis,General,61,280,114234
L2 Regularization,General,61,127,114234
Prognosis,Natural Language Processing,61,899,40996
Robot Manipulation,Computer Vision,61,428,54472
Philosophy,Natural Language Processing,61,753,40996
Image to text,General,61,245,114234
Continual Learning,Graphs,61,2629,12318
COVID-19 Diagnosis,Computer Vision,61,210,54472
Point Cloud Classification,Computer Vision,60,265,54472
Model-based Reinforcement Learning,Reinforcement Learning,60,707,6988
Autonomous Navigation,Computer Vision,60,589,54472
Action Localization,General,60,368,114234
Out-of-Distribution Generalization,Computer Vision,60,513,54472
Visual Object Tracking,Computer Vision,60,338,54472
Video Captioning,Natural Language Processing,60,469,40996
Motion Estimation,Computer Vision,60,740,54472
Computational Efficiency,Sequential,60,4882,6593
Topological Data Analysis,General,60,496,114234
Few-Shot Semantic Segmentation,General,60,168,114234
All,Graphs,60,2624,12318
Trajectory Planning,General,60,324,114234
Video Object Segmentation,Natural Language Processing,60,549,40996
Sequential Recommendation,Computer Vision,60,554,54472
Text-to-Video Generation,General,60,200,114234
Multimodal Large Language Model,Computer Vision,60,346,54472
Sentiment Classification,Sequential,59,943,6593
Time Series Prediction,Sequential,59,475,6593
Temporal Action Localization,Graphs,59,1473,12318
Emotion Recognition,Sequential,59,2028,6593
Video Frame Interpolation,Computer Vision,59,204,54472
Astronomy,General,59,394,114234
Recommendation Systems,Reinforcement Learning,59,6037,6988
Graph Clustering,General,59,389,114234
Portfolio Optimization,General,59,428,114234
Position,Graphs,59,3658,12318
Fact Verification,General,59,211,114234
Combinatorial Optimization,Natural Language Processing,59,1272,40996
Data-free Knowledge Distillation,General,59,75,114234
Image Denoising,Natural Language Processing,59,1218,40996
Video Compression,Computer Vision,58,496,54472
Stereo Matching,Computer Vision,58,515,54472
Image Captioning,Sequential,58,1858,6593
Object Localization,Natural Language Processing,58,615,40996
Combinatorial Optimization,Reinforcement Learning,58,1272,6988
Boundary Detection,General,58,357,114234
Scene Text Recognition,General,58,267,114234
Text Simplification,General,58,467,114234
Stock Price Prediction,General,58,137,114234
Music Information Retrieval,General,58,255,114234
Disaster Response,General,58,217,114234
Backdoor Attack,Computer Vision,58,520,54472
Code Summarization,General,58,160,114234
graph construction,Natural Language Processing,58,558,40996
Open Vocabulary Object Detection,Computer Vision,58,145,54472
image-classification,Reinforcement Learning,57,9178,6988
TAG,Computer Vision,57,1080,54472
Weakly supervised Semantic Segmentation,Computer Vision,57,284,54472
Marketing,Natural Language Processing,57,951,40996
Object Discovery,General,57,209,114234
Skin Lesion Segmentation,General,57,154,114234
Document Ranking,General,57,167,114234
CPU,Graphs,57,2227,12318
Medical Diagnosis,Natural Language Processing,57,713,40996
Friction,General,57,417,114234
Lane Detection,General,57,250,114234
Ethics,Computer Vision,57,829,54472
Grammatical Error Correction,Natural Language Processing,57,410,40996
Multi-class Classification,Natural Language Processing,57,895,40996
Text Matching,Natural Language Processing,57,361,40996
Linear evaluation,General,57,128,114234
Arithmetic Reasoning,Natural Language Processing,57,175,40996
Open-Vocabulary Semantic Segmentation,Computer Vision,57,95,54472
Semantic Communication,Computer Vision,57,409,54472
Red Teaming,General,57,251,114234
Policy Gradient Methods,Reinforcement Learning,56,381,6988
Real-Time Semantic Segmentation,General,56,144,114234
Retinal Vessel Segmentation,Computer Vision,56,139,54472
Skin Lesion Segmentation,Computer Vision,56,154,54472
Face Anti-Spoofing,General,56,204,114234
Dependency Parsing,Sequential,56,1381,6593
Semantic Role Labeling,General,56,615,114234
Property Prediction,Computer Vision,56,690,54472
Point Cloud Segmentation,General,56,271,114234
text similarity,General,56,268,114234
Combinatorial Optimization,Graphs,56,1272,12318
Time Series Forecasting,Graphs,56,1604,12318
Explanation Generation,General,56,232,114234
Feature Importance,Natural Language Processing,56,889,40996
Q-Learning,Natural Language Processing,56,1912,40996
Image Quality Assessment,Natural Language Processing,56,732,40996
text-guided-image-editing,Computer Vision,56,68,54472
Real-Time Semantic Segmentation,Computer Vision,55,144,54472
Retinal Vessel Segmentation,General,55,139,114234
Cell Segmentation,Computer Vision,55,178,54472
Self-Driving Cars,Computer Vision,55,514,54472
16k,General,55,145,114234
Quantization,Sequential,55,4915,6593
Outlier Detection,Computer Vision,55,702,54472
Metric Learning,Graphs,55,1645,12318
Hippocampus,General,55,299,114234
Multi-Label Text Classification,General,55,170,114234
Numerical Integration,General,55,242,114234
Multiple Object Tracking,General,55,317,114234
Multimodal Reasoning,Natural Language Processing,55,302,40996
Model extraction,General,55,174,114234
Prediction Intervals,General,55,309,114234
Human Activity Recognition,Natural Language Processing,55,743,40996
ARC,Natural Language Processing,55,550,40996
Pseudo Label,Graphs,55,953,12318
Fraud Detection,Computer Vision,54,545,54472
Philosophy,Computer Vision,54,753,54472
Multi-class Classification,Computer Vision,54,895,54472
Position,Sequential,54,3658,6593
3D Point Cloud Classification,General,54,201,114234
Demand Forecasting,General,54,212,114234
Time Series,Reinforcement Learning,54,9146,6988
MRI segmentation,General,54,177,114234
Class Incremental Learning,Computer Vision,54,633,54472
Starcraft,General,54,309,114234
Benchmarking,Sequential,54,5525,6593
Informativeness,Computer Vision,54,732,54472
Natural Language Queries,Natural Language Processing,54,335,40996
Deep Learning,Reinforcement Learning,54,9401,6988
Medical Question Answering,General,54,139,114234
Code Summarization,Natural Language Processing,54,160,40996
Privacy Preserving,Graphs,54,2970,12318
Optical Character Recognition,Natural Language Processing,54,526,40996
Rain Removal,Natural Language Processing,54,315,40996
Open-vocabulary object detection,General,54,121,114234
Depth Completion,Computer Vision,53,242,54472
Image Registration,Natural Language Processing,53,951,40996
Visual Tracking,Computer Vision,53,524,54472
Interactive Segmentation,General,53,253,114234
POS,Sequential,53,1132,6593
Learning with noisy labels,General,53,248,114234
Extractive Summarization,General,53,311,114234
4k,Computer Vision,53,367,54472
Sentence Classification,Natural Language Processing,53,300,40996
Video Anomaly Detection,General,53,262,114234
Text Generation,Reinforcement Learning,53,5259,6988
Structural Health Monitoring,General,53,197,114234
Natural Language Understanding,Graphs,53,1934,12318
Visual Question Answering,Graphs,53,2162,12318
D4RL,General,53,225,114234
zero-shot-classification,Natural Language Processing,53,421,40996
Video Retrieval,Graphs,53,485,12318
Human-Object Interaction Detection,Natural Language Processing,53,445,40996
Task Planning,Natural Language Processing,53,342,40996
class-incremental learning,Computer Vision,52,616,54472
Cultural Vocal Bursts Intensity Prediction,General,52,488,114234
Sarcasm Detection,General,52,260,114234
Emotion Classification,Natural Language Processing,52,453,40996
Motor Imagery,General,52,252,114234
Math Word Problem Solving,General,52,106,114234
Molecular Property Prediction,Natural Language Processing,52,354,40996
Visual Question Answering (VQA),Graphs,52,2148,12318
Video Retrieval,Natural Language Processing,52,485,40996
counterfactual,Graphs,52,2748,12318
Semantic Communication,Natural Language Processing,52,409,40996
STS,Graphs,52,325,12318
Point Cloud Segmentation,Computer Vision,51,271,54472
Combinatorial Optimization,Computer Vision,51,1272,54472
Multimodal Emotion Recognition,General,51,179,114234
Stochastic Optimization,Computer Vision,51,1378,54472
Breast Cancer Detection,General,51,126,114234
Image-text matching,General,51,186,114234
graph partitioning,General,51,208,114234
Super-Resolution,Graphs,51,3867,12318
Simultaneous Localization and Mapping,Computer Vision,51,571,54472
Natural Questions,General,51,174,114234
Knowledge Graph Embeddings,General,51,269,114234
Monocular Depth Estimation,Natural Language Processing,51,875,40996
Program Repair,Computer Vision,51,132,54472
Multi-hop Question Answering,Natural Language Processing,51,201,40996
Graph Generation,Graphs,51,709,12318
Binary Classification,Graphs,51,2563,12318
Surface Reconstruction,Computer Vision,51,621,54472
cross-modal alignment,Natural Language Processing,51,341,40996
Action Detection,Natural Language Processing,51,813,40996
Text Simplification,Natural Language Processing,51,467,40996
Backdoor Attack,Natural Language Processing,51,520,40996
Saliency Prediction,General,50,265,114234
Response Generation,Computer Vision,50,894,54472
Human Detection,Computer Vision,50,306,54472
Classification,Reinforcement Learning,50,12759,6988
Chatbot,Computer Vision,50,963,54472
CT Reconstruction,Computer Vision,50,235,54472
3D Point Cloud Classification,Computer Vision,50,201,54472
Visual Place Recognition,General,50,296,114234
Topic Classification,General,50,180,114234
Event Extraction,General,50,441,114234
Denoising,Sequential,50,7256,6593
Decoder,Reinforcement Learning,50,10294,6988
coreference-resolution,Natural Language Processing,50,584,40996
Sequential Decision Making,Computer Vision,50,1204,54472
Unsupervised Pre-training,Natural Language Processing,50,263,40996
Image to Video Generation,Computer Vision,50,85,54472
valid,Reinforcement Learning,50,3571,6988
Counterfactual Reasoning,General,50,218,114234
Computed Tomography (CT),Natural Language Processing,50,1207,40996
scientific discovery,Natural Language Processing,50,463,40996
Math,Reinforcement Learning,50,1586,6988
Temporal Action Localization,Sequential,49,1473,6593
Paraphrase Identification,General,49,170,114234
Caption Generation,Computer Vision,49,308,54472
Electroencephalogram (EEG),Sequential,49,1655,6593
Meta-Learning,Reinforcement Learning,49,3548,6988
Face Anti-Spoofing,Computer Vision,49,204,54472
Object Recognition,Graphs,49,2036,12318
Speech Recognition,Reinforcement Learning,49,6397,6988
Face Verification,Computer Vision,49,359,54472
Superpixels,General,49,371,114234
Mortality Prediction,General,49,188,114234
Few-Shot Image Classification,Computer Vision,49,352,54472
Weakly-supervised Learning,Computer Vision,49,612,54472
Multi-Label Classification,Graphs,49,1193,12318
Video Captioning,Computer Vision,49,469,54472
Navigate,Graphs,49,1976,12318
Speaker Diarization,General,49,324,114234
Relation Classification,Natural Language Processing,49,439,40996
Intent Detection,Natural Language Processing,49,328,40996
Vertical Federated Learning,General,49,194,114234
Program Repair,General,49,132,114234
Lesion Segmentation,Natural Language Processing,49,639,40996
Bayesian Inference,Natural Language Processing,49,2217,40996
Medical Image Classification,Natural Language Processing,49,422,40996
Motion Planning,Natural Language Processing,49,919,40996
Binary Classification,Sequential,48,2563,6593
Word Embeddings,Graphs,48,3946,12318
speech-recognition,Reinforcement Learning,48,5685,6988
Saliency Detection,Computer Vision,48,364,54472
Spatial Reasoning,Computer Vision,48,451,54472
Traffic Signal Control,Reinforcement Learning,48,201,6988
Named Entity Recognition,Computer Vision,48,2524,54472
Dataset Generation,Computer Vision,48,308,54472
Story Generation,General,48,231,114234
Image Animation,Computer Vision,48,94,54472
Specificity,Graphs,48,2090,12318
Speech-to-Text,Natural Language Processing,48,401,40996
Attribute,Reinforcement Learning,48,5364,6988
speaker-diarization,General,48,310,114234
Learning-To-Rank,Natural Language Processing,48,748,40996
Out-of-Distribution Generalization,Natural Language Processing,48,513,40996
Vision and Language Navigation,General,48,219,114234
Story Generation,Natural Language Processing,48,231,40996
Linear evaluation,Graphs,48,128,12318
Hyperparameter Optimization,Computer Vision,47,812,54472
Temporal Sequences,General,47,200,114234
Dictionary Learning,Computer Vision,47,821,54472
Word Similarity,Natural Language Processing,47,374,40996
Face Reconstruction,Computer Vision,47,259,54472
Trajectory Prediction,Sequential,47,1003,6593
Text-To-Speech Synthesis,Audio,47,331,488
Skin Lesion Classification,General,47,129,114234
Generative Adversarial Network,Graphs,47,3106,12318
MUlTI-LABEL-ClASSIFICATION,Graphs,47,1101,12318
Emotion Recognition in Conversation,General,47,139,114234
Handwriting Recognition,General,47,171,114234
Community Detection,Graphs,47,915,12318
Sentence Similarity,General,47,192,114234
Sentence,Reinforcement Learning,47,10587,6988
imbalanced classification,General,47,211,114234
Traffic Prediction,Graphs,47,375,12318
graph construction,Computer Vision,47,558,54472
Epidemiology,General,47,425,114234
Model Predictive Control,Reinforcement Learning,47,1581,6988
Event Detection,Natural Language Processing,47,935,40996
Medical Question Answering,Natural Language Processing,47,139,40996
Knowledge Graph Completion,Natural Language Processing,47,477,40996
Hyperparameter Optimization,Natural Language Processing,47,812,40996
class-incremental learning,Natural Language Processing,47,616,40996
Sound Classification,General,46,146,114234
Relation Extraction,Sequential,46,1951,6593
Two-sample testing,General,46,336,114234
MORPH,General,46,206,114234
Functional Connectivity,Computer Vision,46,460,54472
Semi-Supervised Image Classification,Computer Vision,46,167,54472
Scene Parsing,Computer Vision,46,198,54472
Saliency Detection,General,46,364,114234
Visual Localization,General,46,401,114234
Self-Supervised Image Classification,Computer Vision,46,110,54472
Small Object Detection,Computer Vision,46,151,54472
Handwritten Text Recognition,General,46,139,114234
Graph Clustering,Graphs,46,389,12318
named-entity-recognition,Computer Vision,46,2456,54472
Linguistic Acceptability,Natural Language Processing,46,72,40996
AutoML,Computer Vision,46,640,54472
Visual Navigation,General,46,314,114234
Unconditional Image Generation,Computer Vision,46,73,54472
Zero-Shot Cross-Lingual Transfer,Natural Language Processing,46,149,40996
Imputation,Graphs,46,1232,12318
Small Object Detection,General,46,151,114234
Video Instance Segmentation,Computer Vision,46,147,54472
Fact Verification,Natural Language Processing,46,211,40996
Depth Completion,General,46,242,114234
Motion Forecasting,General,46,205,114234
Automated Theorem Proving,General,46,287,114234
Traveling Salesman Problem,General,46,253,114234
Activity Recognition,Graphs,46,1321,12318
Cross-Modal Retrieval,Natural Language Processing,46,522,40996
Missing Values,Natural Language Processing,46,801,40996
Data Integration,Natural Language Processing,46,430,40996
Class Incremental Learning,Natural Language Processing,46,633,40996
Diagnostic,Sequential,45,4504,6593
Efficient Exploration,Computer Vision,45,513,54472
Novelty Detection,General,45,249,114234
blind source separation,General,45,211,114234
OpenAI Gym,Computer Vision,45,382,54472
Scene Parsing,General,45,198,114234
Gaze Estimation,General,45,248,114234
Intrusion Detection,Computer Vision,45,800,54472
Incremental Learning,Graphs,45,1370,12318
Multi Label Text Classification,General,45,135,114234
Opinion Mining,General,45,629,114234
Object,Reinforcement Learning,45,10670,6988
Image Matting,Computer Vision,45,225,54472
Linguistic Acceptability,General,45,72,114234
Word Alignment,General,45,545,114234
Indoor Localization,General,45,250,114234
Cancer Classification,Computer Vision,45,208,54472
3D Object Detection,Graphs,45,1572,12318
Scene Graph Generation,Natural Language Processing,45,316,40996
General Knowledge,Computer Vision,45,396,54472
Fraud Detection,Graphs,45,545,12318
Cross-Domain Few-Shot,General,45,141,114234
Salient Object Detection,Natural Language Processing,45,526,40996
Open-vocabulary object detection,Computer Vision,45,121,54472
Conformal Prediction,Natural Language Processing,45,703,40996
Machine Unlearning,Computer Vision,45,438,54472
Out-of-Distribution Detection,Natural Language Processing,45,886,40996
Machine Unlearning,Natural Language Processing,45,438,40996
Visual Speech Recognition,General,44,182,114234
feature selection,Sequential,44,2968,6593
2D Human Pose Estimation,General,44,118,114234
Natural Language Inference,Computer Vision,44,1933,54472
Action Segmentation,General,44,217,114234
Board Games,Reinforcement Learning,44,131,6988
Multi-Person Pose Estimation,General,44,151,114234
Fault Detection,Computer Vision,44,510,54472
Face Alignment,Computer Vision,44,306,54472
Neural Architecture Search,Reinforcement Learning,44,1908,6988
Saliency Prediction,Computer Vision,44,265,54472
Object Reconstruction,Computer Vision,44,290,54472
Human Activity Recognition,Sequential,44,743,6593
Tensor Decomposition,Computer Vision,44,618,54472
Audio Synthesis,Computer Vision,44,127,54472
Vocal Bursts Valence Prediction,Computer Vision,44,1154,54472
Hand Gesture Recognition,General,44,198,114234
Sensor Fusion,Computer Vision,44,508,54472
Weakly-Supervised Object Localization,General,44,140,114234
Image Clustering,General,44,235,114234
Image Captioning,Graphs,44,1858,12318
Few-Shot Semantic Segmentation,Computer Vision,44,168,54472
Camera Calibration,General,44,342,114234
Zero-Shot Cross-Lingual Transfer,General,44,149,114234
Semi-Supervised Video Object Segmentation,Computer Vision,44,146,54472
Document Ranking,Natural Language Processing,44,167,40996
Bias Detection,General,44,197,114234
Federated Learning,Reinforcement Learning,44,6756,6988
Video Question Answering,Computer Vision,44,458,54472
Sarcasm Detection,Natural Language Processing,44,260,40996
Automatic Speech Recognition,Graphs,44,3158,12318
Gesture Recognition,Natural Language Processing,44,572,40996
Earth Observation,Natural Language Processing,44,518,40996
Clustering,Reinforcement Learning,43,10681,6988
Reading Comprehension,Computer Vision,43,1732,54472
Deep Clustering,Computer Vision,43,307,54472
Text Summarization,Sequential,43,1315,6593
Cell Segmentation,General,43,178,114234
Starcraft,Reinforcement Learning,43,309,6988
Model Optimization,Computer Vision,43,379,54472
Knowledge Tracing,General,43,214,114234
Lesion Classification,Computer Vision,43,188,54472
Point Cloud Registration,Computer Vision,43,444,54472
Few-Shot Object Detection,Computer Vision,43,179,54472
Safe Reinforcement Learning,General,43,306,114234
Collision Avoidance,Computer Vision,43,568,54472
Robust classification,Computer Vision,43,295,54472
Sparse Learning,General,43,183,114234
Vocal Bursts Intensity Prediction,Natural Language Processing,43,2608,40996
Instruction Following,Reinforcement Learning,43,1133,6988
8k,Natural Language Processing,43,200,40996
Depression Detection,General,43,157,114234
Medical Image Registration,General,43,198,114234
Layout Generation,Computer Vision,43,148,54472
Traffic Prediction,Natural Language Processing,43,375,40996
Metric Learning,Natural Language Processing,43,1645,40996
Out of Distribution (OOD) Detection,Natural Language Processing,43,627,40996
Mathematical Problem-Solving,General,43,106,114234
knowledge editing,General,43,175,114234
Speech Emotion Recognition,Computer Vision,42,429,54472
Scene Text Recognition,Computer Vision,42,267,54472
Segmentation,Reinforcement Learning,42,13036,6988
3D Face Reconstruction,Computer Vision,42,211,54472
Video Quality Assessment,General,42,216,114234
Small Data Image Classification,General,42,178,114234
MRI segmentation,Computer Vision,42,177,54472
Data-to-Text Generation,General,42,214,114234
Speech Emotion Recognition,Natural Language Processing,42,429,40996
Video Frame Interpolation,General,42,204,114234
Astronomy,Computer Vision,42,394,54472
Hand-Gesture Recognition,General,42,187,114234
TriviaQA,General,42,121,114234
Semantic correspondence,General,42,175,114234
Medical Image Generation,Computer Vision,42,77,54472
Speech Recognition,Audio,42,6397,488
multimodal generation,Computer Vision,42,97,54472
Referring Expression,Computer Vision,42,362,54472
Event Extraction,Natural Language Processing,42,441,40996
Multi-Label Text Classification,Natural Language Processing,42,170,40996
Model-based Reinforcement Learning,Computer Vision,42,707,54472
Graph Neural Network,Reinforcement Learning,42,3585,6988
Time Series Classification,Natural Language Processing,42,695,40996
Long-range modeling,General,42,95,114234
token-classification,General,42,98,114234
text similarity,Natural Language Processing,42,268,40996
AI Agent,Natural Language Processing,42,391,40996
Graph Regression,General,42,145,114234
Token Reduction,General,42,78,114234
Test-time Adaptation,Natural Language Processing,42,483,40996
Open-Ended Question Answering,Natural Language Processing,41,787,40996
Video Summarization,General,41,277,114234
Object Counting,General,41,157,114234
Object Counting,Computer Vision,41,157,54472
Text Summarization,Computer Vision,41,1315,54472
Abstractive Text Summarization,Sequential,41,823,6593
MS-SSIM,Computer Vision,41,178,54472
Fault Diagnosis,Computer Vision,41,375,54472
Minecraft,General,41,235,114234
Hierarchical Reinforcement Learning,General,41,382,114234
Information Retrieval,Sequential,41,4717,6593
Dimensionality Reduction,Graphs,41,3297,12318
Point Cloud Generation,Computer Vision,41,117,54472
Meta Reinforcement Learning,General,41,276,114234
Lemmatization,General,41,350,114234
Photoplethysmography (PPG),General,41,148,114234
Trajectory Forecasting,General,41,187,114234
Passage Retrieval,Natural Language Processing,41,261,40996
Dialogue State Tracking,Natural Language Processing,41,287,40996
Video Instance Segmentation,General,41,147,114234
Graph Neural Network,Sequential,41,3585,6593
Referring Expression Comprehension,General,41,166,114234
Multimodal Deep Learning,Natural Language Processing,41,211,40996
Electroencephalogram (EEG),Natural Language Processing,41,1655,40996
D4RL,Natural Language Processing,41,225,40996
Token Classification,General,41,98,114234
Sign Language Recognition,Natural Language Processing,41,297,40996
Adversarial Robustness,Graphs,41,1739,12318
Image to text,Natural Language Processing,41,245,40996
Gaussian Processes,Natural Language Processing,41,1955,40996
Audio Classification,Natural Language Processing,41,359,40996
2k,Natural Language Processing,41,287,40996
Small Language Model,General,41,109,114234
parameter estimation,Natural Language Processing,41,1715,40996
ISAC,Natural Language Processing,41,691,40996
Efficient Exploration,Reinforcement Learning,40,513,6988
Robot Navigation,Computer Vision,40,542,54472
Evolutionary Algorithms,Computer Vision,40,1106,54472
Medical Image Registration,Computer Vision,40,198,54472
Topic Models,Computer Vision,40,875,54472
Natural Language Understanding,Sequential,40,1934,6593
Relation Extraction,Computer Vision,40,1951,54472
Scene Text Detection,Computer Vision,40,212,54472
Action Localization,Computer Vision,40,368,54472
Time Series Analysis,Reinforcement Learning,40,6730,6988
Visual Odometry,General,40,408,114234
Image Clustering,Computer Vision,40,235,54472
Scene Recognition,General,40,207,114234
Sentence Completion,General,40,91,114234
Entity Alignment,Graphs,40,187,12318
Decoder,Audio,40,10294,488
Data Compression,Computer Vision,40,459,54472
Open-Ended Question Answering,Computer Vision,40,787,54472
Paraphrase Generation,General,40,206,114234
Named Entity Recognition (NER),Computer Vision,40,2836,54472
Variational Inference,Natural Language Processing,40,2264,40996
Causal Inference,Reinforcement Learning,40,1717,6988
Medical Image Analysis,Graphs,40,1357,12318
Nutrition,General,40,202,114234
Systematic Generalization,General,40,124,114234
Topic Classification,Natural Language Processing,40,180,40996
Speech Enhancement,Natural Language Processing,40,980,40996
Intrusion Detection,Natural Language Processing,40,800,40996
Visual Object Tracking,Natural Language Processing,40,338,40996
Weather Forecasting,Natural Language Processing,40,418,40996
Image to 3D,General,40,161,114234
3D Generation,Natural Language Processing,40,430,40996
TAG,Sequential,39,1080,6593
channel selection,General,39,119,114234
2k,Computer Vision,39,287,54472
Image Generation,Reinforcement Learning,39,6664,6988
Multivariate Time Series Forecasting,Computer Vision,39,245,54472
Video Reconstruction,Computer Vision,39,145,54472
vehicle detection,Computer Vision,39,248,54472
CT Reconstruction,General,39,235,114234
Video Inpainting,Computer Vision,39,130,54472
Survival Prediction,Computer Vision,39,233,54472
Video Object Detection,General,39,147,114234
Gait Recognition,General,39,220,114234
Common Sense Reasoning,Computer Vision,39,929,54472
Speech Separation,Computer Vision,39,359,54472
Graph Matching,General,39,472,114234
Deep Attention,General,39,108,114234
Paraphrase Identification,Natural Language Processing,39,170,40996
speech-recognition,Audio,39,5685,488
Re-Ranking,Computer Vision,39,735,54472
Adversarial Attack,Graphs,39,1799,12318
Avg,General,39,117,114234
Neural Architecture Search,Graphs,39,1908,12318
Object Tracking,Graphs,39,1960,12318
Image-text Retrieval,Natural Language Processing,39,246,40996
Stance Detection,Natural Language Processing,39,340,40996
Clinical Knowledge,General,39,133,114234
Facial Expression Recognition,Natural Language Processing,39,531,40996
Program Synthesis,Natural Language Processing,39,419,40996
Explainable Artificial Intelligence (XAI),Reinforcement Learning,39,1040,6988
Active Learning,Graphs,39,3057,12318
Code Translation,General,39,99,114234
Autonomous Vehicles,Graphs,39,2602,12318
Automatic Speech Recognition (ASR),Graphs,39,2995,12318
Multiple-choice,Computer Vision,39,1097,54472
Sentence Embedding,Graphs,39,399,12318
State Estimation,Natural Language Processing,39,1067,40996
Robot Manipulation,Natural Language Processing,39,428,40996
energy management,Natural Language Processing,39,515,40996
4k,Natural Language Processing,39,367,40996
Personalized Image Generation,Computer Vision,39,58,54472
Protein Design,Computer Vision,39,175,54472
Attribute,Sequential,38,5364,6593
NMT,Sequential,38,1737,6593
Generative Adversarial Network,Sequential,38,3106,6593
Visual Localization,Computer Vision,38,401,54472
Relation Prediction,General,38,184,114234
Hand Pose Estimation,General,38,260,114234
Sentiment Classification,Computer Vision,38,943,54472
Descriptive,Graphs,38,1475,12318
Named Entity Recognition,Graphs,38,2524,12318
Long-tail Learning,General,38,131,114234
One-Shot Learning,Computer Vision,38,303,54472
No-Reference Image Quality Assessment,General,38,155,114234
6D Pose Estimation using RGB,General,38,232,114234
Speaker Identification,General,38,247,114234
Object Detection In Aerial Images,Computer Vision,38,107,54472
Starcraft II,General,38,173,114234
PAC learning,General,38,288,114234
Knowledge Distillation,Sequential,38,4217,6593
One-Class Classification,General,38,227,114234
Traffic Classification,General,38,110,114234
Natural Questions,Natural Language Processing,38,174,40996
Anomaly Detection,Reinforcement Learning,38,4850,6988
Monocular 3D Object Detection,General,38,187,114234
Motion Planning,Reinforcement Learning,38,919,6988
Multimodal Sentiment Analysis,Natural Language Processing,38,200,40996
Masked Language Modeling,Computer Vision,38,456,54472
Referring Expression,Natural Language Processing,38,362,40996
Cross-Modal Retrieval,Graphs,38,522,12318
Drug Design,Natural Language Processing,38,440,40996
Trajectory Prediction,Graphs,38,1003,12318
molecular representation,General,38,168,114234
Math Word Problem Solving,Natural Language Processing,38,106,40996
Rhythm,Natural Language Processing,38,515,40996
Depth Estimation,Graphs,38,2446,12318
D4RL,Reinforcement Learning,38,225,6988
Sentence-Embedding,Graphs,38,373,12318
Explanation Generation,Natural Language Processing,38,232,40996
3D geometry,Natural Language Processing,38,682,40996
Model Editing,Natural Language Processing,38,193,40996
Causal Discovery,Natural Language Processing,38,741,40996
Unsupervised Image-To-Image Translation,Computer Vision,37,124,54472
Lane Detection,Computer Vision,37,250,54472
Efficient Neural Network,Computer Vision,37,223,54472
Evolutionary Algorithms,Reinforcement Learning,37,1106,6988
Knowledge Graph Embeddings,Graphs,37,269,12318
RGB Salient Object Detection,Computer Vision,37,222,54472
CPU,Sequential,37,2227,6593
3D Part Segmentation,Computer Vision,37,98,54472
Semantic Role Labeling,Natural Language Processing,37,615,40996
named-entity-recognition,Graphs,37,2456,12318
News Recommendation,General,37,193,114234
Mixed Reality,General,37,230,114234
Dialogue Generation,Computer Vision,37,594,54472
Hand Pose Estimation,Computer Vision,37,260,54472
Land Cover Classification,General,37,151,114234
Topic Models,Natural Language Processing,37,875,40996
Semantic correspondence,Computer Vision,37,175,54472
Object Reconstruction,General,37,290,114234
Novel Concepts,General,37,158,114234
Video Understanding,Graphs,37,1143,12318
3D Human Pose Estimation,Graphs,37,664,12318
Multiobjective Optimization,General,37,155,114234
Session-Based Recommendations,Graphs,37,172,12318
Bias Detection,Natural Language Processing,37,197,40996
AutoML,Natural Language Processing,37,640,40996
Speaker Verification,Natural Language Processing,37,744,40996
Multimodal Emotion Recognition,Natural Language Processing,37,179,40996
Model Predictive Control,Natural Language Processing,37,1581,40996
Image Compression,Natural Language Processing,37,1007,40996
Relational Reasoning,Computer Vision,36,483,54472
RGB Salient Object Detection,General,36,222,114234
Lip Reading,General,36,152,114234
Weakly supervised segmentation,General,36,147,114234
Face Recognition,Graphs,36,2326,12318
Speech Representation Learning,General,36,131,114234
Video Prediction,Sequential,36,392,6593
Position,Reinforcement Learning,36,3658,6988
Protein Structure Prediction,General,36,188,114234
dialog state tracking,General,36,107,114234
Image Colorization,Computer Vision,36,127,54472
Probabilistic Programming,General,36,273,114234
Word Similarity,General,36,374,114234
Quantum Machine Learning,Computer Vision,36,699,54472
feature selection,Graphs,36,2968,12318
Stock Price Prediction,Sequential,36,137,6593
Video Anomaly Detection,Computer Vision,36,262,54472
Heuristic Search,General,36,260,114234
Fine-Grained Image Classification,Natural Language Processing,36,352,40996
Conversational Question Answering,General,36,140,114234
Sentence Similarity,Natural Language Processing,36,192,40996
Time Series Prediction,Computer Vision,36,475,54472
Click-Through Rate Prediction,Natural Language Processing,36,390,40996
Genre classification,General,36,130,114234
Counterfactual Explanation,Reinforcement Learning,36,177,6988
Physics-informed machine learning,General,36,192,114234
Deep Clustering,Graphs,36,307,12318
Data Poisoning,Computer Vision,36,490,54472
Source-Free Domain Adaptation,General,36,187,114234
Panoptic Segmentation,Natural Language Processing,36,461,40996
Linear evaluation,Computer Vision,36,128,54472
Multi-Object Tracking,Natural Language Processing,36,670,40996
Travel Time Estimation,Reinforcement Learning,36,55,6988
Time Series Prediction,Natural Language Processing,36,475,40996
zero-shot-classification,Graphs,36,421,12318
Visual Prompt Tuning,General,36,70,114234
Low-Light Image Enhancement,Natural Language Processing,36,315,40996
mbpp,Natural Language Processing,36,129,40996
D4RL,Computer Vision,36,225,54472
Acoustic Scene Classification,General,35,131,114234
Brain Segmentation,General,35,146,114234
Language Acquisition,General,35,519,114234
Speaker Recognition,Computer Vision,35,434,54472
Constituency Parsing,General,35,199,114234
Scene Text Detection,General,35,212,114234
Visual Odometry,Computer Vision,35,408,54472
Breast Cancer Detection,Computer Vision,35,126,54472
Person Search,General,35,138,114234
Image Restoration,Graphs,35,1454,12318
Template Matching,General,35,219,114234
Recommendation Systems,Sequential,35,6037,6593
Inductive Bias,Sequential,35,1518,6593
Generalization Bounds,Computer Vision,35,685,54472
Extractive Summarization,Natural Language Processing,35,311,40996
3D Instance Segmentation,General,35,153,114234
Traffic Signal Control,General,35,201,114234
6D Pose Estimation using RGB,Computer Vision,35,232,54472
Abstract Meaning Representation,General,35,212,114234
Authorship Attribution,General,35,208,114234
Diffusion MRI,General,35,212,114234
Sign Language Translation,General,35,153,114234
Point Cloud Completion,General,35,174,114234
Multi-Document Summarization,General,35,354,114234
Relational Reasoning,Graphs,35,483,12318
Transliteration,General,35,431,114234
Reading Comprehension,Graphs,35,1732,12318
whole slide images,Graphs,35,745,12318
Action Classification,Natural Language Processing,35,456,40996
6D Pose Estimation,General,35,255,114234
Multi-task Language Understanding,General,35,57,114234
Unsupervised Anomaly Detection,Natural Language Processing,35,506,40996
3D Scene Reconstruction,Computer Vision,35,246,54472
Text Style Transfer,General,35,179,114234
Extractive Question-Answering,General,35,93,114234
Video Classification,Natural Language Processing,35,452,40996
Uncertainty Quantification,Reinforcement Learning,35,2364,6988
Document Layout Analysis,Computer Vision,35,98,54472
Imitation Learning,Graphs,35,2115,12318
Multiple Object Tracking,Computer Vision,35,317,54472
Counterfactual Explanation,General,35,177,114234
Adversarial Purification,Computer Vision,35,65,54472
Motion Synthesis,Natural Language Processing,35,279,40996
Mathematical Reasoning,Computer Vision,35,805,54472
Defect Detection,Natural Language Processing,35,394,40996
Caption Generation,Natural Language Processing,35,308,40996
Fraud Detection,Natural Language Processing,35,545,40996
Explainable artificial intelligence,Reinforcement Learning,35,971,6988
Density Estimation,Natural Language Processing,35,1384,40996
Talking Head Generation,Computer Vision,35,119,54472
Text-based Image Editing,Computer Vision,35,45,54472
Retrieval-augmented Generation,Graphs,35,2194,12318
Systematic Literature Review,Natural Language Processing,35,337,40996
Speech Enhancement,Sequential,34,980,6593
Multi-Armed Bandits,Computer Vision,34,1260,54472
MS-SSIM,General,34,178,114234
State Estimation,Computer Vision,34,1067,54472
Object Discovery,Computer Vision,34,209,54472
Stochastic Optimization,Natural Language Processing,34,1378,40996
Texture Classification,General,34,206,114234
Operator learning,Computer Vision,34,347,54472
MORPH,Computer Vision,34,206,54472
Rolling Shutter Correction,General,34,216,114234
Hippocampus,Computer Vision,34,299,54472
ERP,General,34,150,114234
Brain Computer Interface,Computer Vision,34,465,54472
Hard Attention,General,34,99,114234
geo-localization,General,34,140,114234
Human motion prediction,Computer Vision,34,161,54472
Referring Expression Segmentation,General,34,145,114234
Data-to-Text Generation,Natural Language Processing,34,214,40996
Blocking,Computer Vision,34,522,54472
Vehicle Re-Identification,General,34,150,114234
Noise Estimation,Computer Vision,34,114,54472
Relational Reasoning,Natural Language Processing,34,483,40996
Multi-agent Reinforcement Learning,Graphs,34,1710,12318
Survival Analysis,Natural Language Processing,34,472,40996
Voice Conversion,Natural Language Processing,34,520,40996
Disaster Response,Computer Vision,34,217,54472
RAG,Graphs,34,2109,12318
Mathematical Reasoning,Reinforcement Learning,34,805,6988
Dataset Generation,Natural Language Processing,34,308,40996
backdoor defense,General,34,130,114234
Point Cloud Classification,Natural Language Processing,34,265,40996
Multi-Armed Bandits,Natural Language Processing,34,1260,40996
Contrastive Learning,Reinforcement Learning,34,6618,6988
Evolutionary Algorithms,Natural Language Processing,34,1106,40996
Gesture Generation,Computer Vision,34,107,54472
Open Vocabulary Semantic Segmentation,General,34,113,114234
Open-Vocabulary Semantic Segmentation,General,34,95,114234
Sentence Embedding,Computer Vision,33,399,54472
Gender Classification,General,33,149,114234
ECG Classification,General,33,116,114234
valid,Sequential,33,3571,6593
Seizure Detection,General,33,175,114234
Tensor Networks,General,33,226,114234
NMT,Computer Vision,33,1737,54472
Thermal Image Segmentation,General,33,83,114234
Misconceptions,General,33,161,114234
Multi-Label Learning,General,33,297,114234
General Classification,Reinforcement Learning,33,14551,6988
2D Human Pose Estimation,Computer Vision,33,118,54472
Semi-Supervised Semantic Segmentation,General,33,190,114234
Autonomous Driving,Sequential,33,6080,6593
Traffic Prediction,Sequential,33,375,6593
NER,Graphs,33,1703,12318
6D Pose Estimation,Computer Vision,33,255,54472
Sound Event Detection,General,33,194,114234
Learning Theory,Computer Vision,33,850,54472
Face Model,General,33,211,114234
MULTI-VIEW LEARNING,General,33,253,114234
Robotic Grasping,General,33,246,114234
Word Alignment,Natural Language Processing,33,545,40996
Camera Pose Estimation,General,33,301,114234
Unity,Computer Vision,33,378,54472
Sentence Completion,Natural Language Processing,33,91,40996
Hallucination,Graphs,33,1812,12318
Extractive Question-Answering,Natural Language Processing,33,93,40996
Self-Knowledge Distillation,General,33,68,114234
valid,Graphs,33,3571,12318
Node Clustering,Graphs,33,130,12318
Document Layout Analysis,General,33,98,114234
Point Cloud Registration,Natural Language Processing,33,444,40996
Code Translation,Natural Language Processing,33,99,40996
16k,Natural Language Processing,33,145,40996
Denoising,Reinforcement Learning,33,7256,6988
Out of Distribution (OOD) Detection,Graphs,33,627,12318
TruthfulQA,General,33,80,114234
Time Series Anomaly Detection,Natural Language Processing,33,264,40996
Visual Prompting,Computer Vision,33,127,54472
In-Context Learning,Graphs,33,2291,12318
Prompt Learning,Graphs,33,675,12318
Vision-Language-Action,Computer Vision,33,157,54472
Hybrid Machine Learning,General,32,103,114234
Optical Flow Estimation,Sequential,32,2178,6593
Disease Prediction,Computer Vision,32,260,54472
Collision Avoidance,Reinforcement Learning,32,568,6988
Multi-Document Summarization,Natural Language Processing,32,354,40996
Inverse Rendering,Computer Vision,32,269,54472
Cloud Computing,Computer Vision,32,581,54472
Skin Lesion Classification,Computer Vision,32,129,54472
Reading Comprehension,Sequential,32,1732,6593
Video Object Detection,Computer Vision,32,147,54472
Compressive Sensing,Computer Vision,32,594,54472
Weakly Supervised Object Detection,General,32,141,114234
Feature Engineering,Graphs,32,1698,12318
Named Entity Recognition (NER),Graphs,32,2836,12318
CPU,Reinforcement Learning,32,2227,6988
Experimental Design,Computer Vision,32,687,54472
Chinese Word Segmentation,General,32,241,114234
Claim Verification,General,32,132,114234
Community Question Answering,General,32,235,114234
Object Detection In Aerial Images,General,32,107,114234
CoLA,General,32,78,114234
3D Pose Estimation,Computer Vision,32,379,54472
Multi-task Language Understanding,Natural Language Processing,32,57,40996
TriviaQA,Natural Language Processing,32,121,40996
Talking Face Generation,Computer Vision,32,109,54472
Multilingual NLP,General,32,95,114234
Multilingual NLP,Natural Language Processing,32,95,40996
Referring Expression Comprehension,Natural Language Processing,32,166,40996
Blind Face Restoration,Computer Vision,32,55,54472
Image-text matching,Natural Language Processing,32,186,40996
Multi-Objective Reinforcement Learning,General,32,143,114234
SST-2,General,32,64,114234
Humanitarian,General,32,185,114234
Anatomy,Graphs,32,1132,12318
Oriented Object Detection,Computer Vision,32,123,54472
token-classification,Natural Language Processing,32,98,40996
SMAC,General,32,121,114234
molecular representation,Natural Language Processing,32,168,40996
Inverse Rendering,General,32,269,114234
Skeleton Based Action Recognition,Natural Language Processing,32,418,40996
CoLA,Audio,32,78,488
Image Inpainting,Natural Language Processing,32,706,40996
Experimental Design,Natural Language Processing,32,687,40996
Image-text Retrieval,Graphs,32,246,12318
Continuous Control,Natural Language Processing,32,1159,40996
Audio Generation,Natural Language Processing,32,270,40996
Long-Context Understanding,General,32,81,114234
Text-to-Video Generation,Natural Language Processing,32,200,40996
3DGS,Natural Language Processing,32,633,40996
Sentence-Embedding,Computer Vision,31,373,54472
Sentence Embeddings,Computer Vision,31,604,54472
Meta-Learning,Sequential,31,3548,6593
Term Extraction,General,31,157,114234
Visual Place Recognition,Computer Vision,31,296,54472
Edge-computing,Reinforcement Learning,31,1279,6988
Automatic Speech Recognition,Reinforcement Learning,31,3158,6988
Automatic Speech Recognition (ASR),Reinforcement Learning,31,2995,6988
Video Quality Assessment,Computer Vision,31,216,54472
Keyword Spotting,Computer Vision,31,405,54472
Unsupervised Pre-training,Computer Vision,31,263,54472
SMAC+,General,31,126,114234
Image Segmentation,Sequential,31,5028,6593
Multi-Label Image Classification,General,31,124,114234
Supervised Anomaly Detection,General,31,155,114234
Protein Folding,General,31,185,114234
Load Forecasting,Sequential,31,235,6593
software testing,General,31,134,114234
Text Simplification,Computer Vision,31,467,54472
Multiple Choice Question Answering (MCQA),General,31,64,114234
Knowledge Base Completion,General,31,154,114234
Face Reconstruction,General,31,259,114234
Brain Decoding,General,31,118,114234
Natural Language Queries,Computer Vision,31,335,54472
Task 2,Computer Vision,31,569,54472
GPR,Computer Vision,31,269,54472
Action Anticipation,General,31,110,114234
Survey,Graphs,31,4076,12318
Passage Ranking,General,31,73,114234
MuJoCo,Natural Language Processing,31,677,40996
Multi Label Text Classification,Natural Language Processing,31,135,40996
Dynamic Time Warping,Computer Vision,31,433,54472
Electroencephalogram (EEG),Graphs,31,1655,12318
Text Augmentation,General,31,96,114234
Shadow Removal,Computer Vision,31,127,54472
Dataset Distillation,Computer Vision,31,216,54472
Facial Emotion Recognition,General,31,81,114234
Data Poisoning,Natural Language Processing,31,490,40996
Token Classification,Natural Language Processing,31,98,40996
Depression Detection,Natural Language Processing,31,157,40996
Neural Rendering,Natural Language Processing,31,512,40996
Spatio-Temporal Forecasting,General,31,87,114234
Layout Generation,General,31,148,114234
MedQA,General,31,80,114234
Source-Free Domain Adaptation,Computer Vision,31,187,54472
Image Dehazing,Natural Language Processing,31,294,40996
continuous-control,Natural Language Processing,31,1097,40996
3D Semantic Segmentation,Natural Language Processing,31,346,40996
Small Language Model,Natural Language Processing,31,109,40996
Model Optimization,Natural Language Processing,31,379,40996
Visual Prompting,General,31,127,114234
Hallucination,Reinforcement Learning,31,1812,6988
Age Estimation,Computer Vision,30,251,54472
Thermal Image Segmentation,Computer Vision,30,83,54472
Autonomous Vehicles,Sequential,30,2602,6593
Single Image Dehazing,Computer Vision,30,130,54472
3D Hand Pose Estimation,General,30,178,114234
Multi-Person Pose Estimation,Computer Vision,30,151,54472
Pose Estimation,Sequential,30,4220,6593
Multi-domain Dialogue State Tracking,General,30,49,114234
Semantic Retrieval,General,30,86,114234
LIDAR Semantic Segmentation,General,30,129,114234
Abstractive Text Summarization,Computer Vision,30,823,54472
global-optimization,Computer Vision,30,657,54472
Feature Correlation,General,30,123,114234
Scene Recognition,Computer Vision,30,207,54472
geo-localization,Computer Vision,30,140,54472
ARC,Computer Vision,30,550,54472
Spelling Correction,General,30,192,114234
Translation,Reinforcement Learning,30,12219,6988
Emotion Recognition in Conversation,Natural Language Processing,30,139,40996
Activity Detection,Computer Vision,30,378,54472
Video Prediction,Natural Language Processing,30,392,40996
Semi-Supervised Video Object Segmentation,General,30,146,114234
Model Predictive Control,Computer Vision,30,1581,54472
Entity Embeddings,General,30,150,114234
domain classification,General,30,159,114234
Multiple Instance Learning,Graphs,30,743,12318
Retrosynthesis,General,30,110,114234
Unconditional Image Generation,General,30,73,114234
Land Cover Classification,Computer Vision,30,151,54472
Relation Prediction,Natural Language Processing,30,184,40996
Financial Analysis,General,30,93,114234
Unsupervised Semantic Segmentation,Computer Vision,30,95,54472
Graph Matching,Graphs,30,472,12318
Image-to-Image Translation,Natural Language Processing,30,1177,40996
Fault Detection,Natural Language Processing,30,510,40996
Human Activity Recognition,Graphs,30,743,12318
Data Integration,Computer Vision,30,430,54472
3D Point Cloud Classification,Natural Language Processing,30,201,40996
Point Cloud Completion,Computer Vision,30,174,54472
Video Editing,Natural Language Processing,30,345,40996
Image Deblurring,Natural Language Processing,30,395,40996
Video Recognition,Natural Language Processing,30,306,40996
3D Scene Reconstruction,General,30,246,114234
3D Molecule Generation,Computer Vision,30,37,54472
Autonomous Navigation,Natural Language Processing,30,589,40996
Vision-Language-Action,General,30,157,114234
Liver Segmentation,General,29,86,114234
Generalized Zero-Shot Learning,Computer Vision,29,159,54472
RTE,General,29,111,114234
Starcraft,Computer Vision,29,309,54472
Few-Shot Text Classification,General,29,96,114234
Neural Network Compression,Computer Vision,29,193,54472
Part-Of-Speech Tagging,Sequential,29,985,6593
Action Generation,Computer Vision,29,111,54472
Text-To-Speech Synthesis,Sequential,29,331,6593
Brain Segmentation,Computer Vision,29,146,54472
Human Parsing,Computer Vision,29,125,54472
Specificity,Sequential,29,2090,6593
Boundary Detection,Computer Vision,29,357,54472
Econometrics,General,29,232,114234
Audio Synthesis,General,29,127,114234
Sign Language Translation,Computer Vision,29,153,54472
Argument Mining,General,29,283,114234
Pneumonia Detection,General,29,63,114234
Remote Sensing Image Classification,General,29,93,114234
De-identification,General,29,174,114234
Few-Shot Learning,Sequential,29,2939,6593
Dimensionality Reduction,Sequential,29,3297,6593
Drift Detection,General,29,181,114234
Motion Segmentation,General,29,212,114234
Point Processes,Computer Vision,29,540,54472
Brain Decoding,Computer Vision,29,118,54472
Data Visualization,Computer Vision,29,335,54472
Superpixels,Computer Vision,29,371,54472
Pose Prediction,General,29,163,114234
Entity Disambiguation,General,29,155,114234
Text Spotting,General,29,110,114234
Clinical Knowledge,Natural Language Processing,29,133,40996
NER,Computer Vision,29,1703,54472
Zero-Shot Image Classification,General,29,111,114234
Zero-Shot Semantic Segmentation,Computer Vision,29,60,54472
Sentiment Classification,Graphs,29,943,12318
News Classification,General,29,71,114234
3D Human Reconstruction,Computer Vision,29,106,54472
Propaganda detection,General,29,61,114234
Referring Expression Segmentation,Computer Vision,29,145,54472
Anomaly Localization,Computer Vision,29,101,54472
Program Repair,Natural Language Processing,29,132,40996
Graph Anomaly Detection,Graphs,29,86,12318
Explainable Models,General,29,128,114234
Graph Regression,Natural Language Processing,29,145,40996
Survival Prediction,Natural Language Processing,29,233,40996
Referring Video Object Segmentation,General,29,74,114234
Zero Shot Segmentation,General,29,133,114234
Conformal Prediction,Computer Vision,29,703,54472
Brain Computer Interface,Natural Language Processing,29,465,40996
Integrated sensing and communication,Natural Language Processing,29,549,40996
Survival Analysis,Computer Vision,28,472,54472
Change Point Detection,General,28,285,114234
Document Classification,Computer Vision,28,634,54472
Sentence Embeddings,Sequential,28,604,6593
Referring Expression Comprehension,Computer Vision,28,166,54472
Gaze Estimation,Computer Vision,28,248,54472
Weakly-Supervised Object Localization,Computer Vision,28,140,54472
Video Object Tracking,General,28,98,114234
Scene Text Recognition,Natural Language Processing,28,267,40996
Action Segmentation,Computer Vision,28,217,54472
Gait Recognition,Computer Vision,28,220,54472
Pedestrian Trajectory Prediction,General,28,121,114234
Computed Tomography (CT),Graphs,28,1207,12318
Text Categorization,General,28,246,114234
Stock Prediction,General,28,102,114234
Motion Compensation,Computer Vision,28,207,54472
Multimodal Reasoning,Computer Vision,28,302,54472
Audio Tagging,General,28,80,114234
Transductive Learning,General,28,134,114234
Traffic Sign Recognition,General,28,127,114234
Stock Market Prediction,General,28,104,114234
Graph Matching,Computer Vision,28,472,54472
Image-to-Image Translation,Graphs,28,1177,12318
Oriented Object Detection,General,28,123,114234
Video Restoration,General,28,99,114234
Hand Gesture Recognition,Computer Vision,28,198,54472
Minecraft,Computer Vision,28,235,54472
Image Matting,General,28,225,114234
Time Series Anomaly Detection,Computer Vision,28,264,54472
Facial Inpainting,General,28,60,114234
Entity Typing,General,28,162,114234
SST-2,Natural Language Processing,28,64,40996
Weakly-supervised Learning,Natural Language Processing,28,612,40996
Knowledge Base Construction,General,28,93,114234
Federated Learning,Sequential,28,6756,6593
Knowledge Distillation,Reinforcement Learning,28,4217,6988
Interpretable Machine Learning,Natural Language Processing,28,534,40996
Task-Oriented Dialogue Systems,Natural Language Processing,28,300,40996
Video Restoration,Computer Vision,28,99,54472
Code Search,General,28,124,114234
Image to Video Generation,General,28,85,114234
Point Cloud Segmentation,Natural Language Processing,28,271,40996
Trajectory Planning,Reinforcement Learning,28,324,6988
Network Pruning,Natural Language Processing,28,531,40996
energy management,Reinforcement Learning,28,515,6988
Moment Retrieval,Computer Vision,28,131,54472
Vision and Language Navigation,Natural Language Processing,28,219,40996
Scene Generation,Natural Language Processing,28,308,40996
Multiple Object Tracking,Natural Language Processing,28,317,40996
Mathematical Problem-Solving,Natural Language Processing,28,106,40996
Semi-supervised Medical Image Segmentation,General,28,144,114234
Face Swapping,Graphs,28,912,12318
Visual Prompt Tuning,Computer Vision,28,70,54472
Autonomous Navigation,Reinforcement Learning,27,589,6988
Semantic Textual Similarity,Sequential,27,2360,6593
Lifelong learning,Computer Vision,27,467,54472
Semi-Supervised Semantic Segmentation,Computer Vision,27,190,54472
Facial Landmark Detection,General,27,138,114234
imbalanced classification,Computer Vision,27,211,54472
Vocal Bursts Intensity Prediction,Sequential,27,2608,6593
Robust Object Detection,Computer Vision,27,90,54472
Human Parsing,General,27,125,114234
Face Identification,General,27,142,114234
Riemannian optimization,General,27,152,114234
Network Embedding,General,27,402,114234
Scene Graph Generation,Computer Vision,27,316,54472
Relation Network,General,27,123,114234
Response Generation,Sequential,27,894,6593
Keyword Extraction,General,27,172,114234
3D Hand Pose Estimation,Computer Vision,27,178,54472
Multimodal Deep Learning,Computer Vision,27,211,54472
Weakly-supervised Learning,Graphs,27,612,12318
Answer Selection,General,27,171,114234
Traffic Sign Recognition,Computer Vision,27,127,54472
Iris Recognition,General,27,139,114234
Dialect Identification,General,27,189,114234
Transliteration,Natural Language Processing,27,431,40996
Topological Data Analysis,Computer Vision,27,496,54472
Incremental Learning,Reinforcement Learning,27,1370,6988
Camera Calibration,Computer Vision,27,342,54472
Sentiment Analysis,Reinforcement Learning,27,5588,6988
Video Semantic Segmentation,Graphs,27,893,12318
Hand-Gesture Recognition,Computer Vision,27,187,54472
Single Image Deraining,General,27,94,114234
Fake News Detection,Graphs,27,487,12318
TAG,Graphs,27,1080,12318
Self-Supervised Learning,Sequential,27,5029,6593
Audio captioning,General,27,118,114234
Graph Mining,Graphs,27,174,12318
Action Localization,Natural Language Processing,27,368,40996
Natural Language Inference,Graphs,27,1933,12318
Product Recommendation,General,27,132,114234
Disaster Response,Natural Language Processing,27,217,40996
Anomaly Segmentation,General,27,116,114234
Cell Detection,General,27,132,114234
Blocking,Natural Language Processing,27,522,40996
Facial Expression Recognition (FER),Natural Language Processing,27,492,40996
Binarization,Natural Language Processing,27,430,40996
Image Harmonization,Computer Vision,27,93,54472
Long-range modeling,Natural Language Processing,27,95,40996
TAR,General,27,111,114234
Mixture-of-Experts,Graphs,27,1305,12318
Brain Tumor Segmentation,Natural Language Processing,27,435,40996
Lifelong learning,Natural Language Processing,27,467,40996
Operator learning,Natural Language Processing,27,347,40996
Symbolic Regression,Natural Language Processing,27,418,40996
Uncertainty Quantification,Graphs,27,2364,12318
Counterfactual Reasoning,Natural Language Processing,27,218,40996
Data Compression,Natural Language Processing,27,459,40996
knowledge editing,Natural Language Processing,27,175,40996
Weakly supervised Semantic Segmentation,Natural Language Processing,27,284,40996
Weakly-Supervised Semantic Segmentation,Natural Language Processing,27,296,40996
Video Compression,Natural Language Processing,27,496,40996
Hierarchical Reinforcement Learning,Reinforcement Learning,26,382,6988
Music Source Separation,General,26,107,114234
Music Source Separation,Computer Vision,26,107,54472
Domain Adaptation,Reinforcement Learning,26,6401,6988
Face Model,Computer Vision,26,211,54472
Single Image Dehazing,General,26,130,114234
Voice Conversion,Audio,26,520,488
Entity Embeddings,Graphs,26,150,12318
Language Identification,Sequential,26,792,6593
AI Agent,Computer Vision,26,391,54472
3D Instance Segmentation,Computer Vision,26,153,54472
Starcraft II,Reinforcement Learning,26,173,6988
2D Semantic Segmentation,General,26,79,114234
Time Series Generation,Computer Vision,26,87,54472
Sound Event Detection,Computer Vision,26,194,54472
Knowledge Graph Embeddings,Natural Language Processing,26,269,40996
Video Captioning,Sequential,26,469,6593
LEMMA,Natural Language Processing,26,624,40996
Lipreading,General,26,102,114234
Session-Based Recommendations,General,26,172,114234
8k,Computer Vision,26,200,54472
Optical Flow Estimation,Graphs,26,2178,12318
Open Information Extraction,General,26,205,114234
Robotic Grasping,Computer Vision,26,246,54472
Domain Adaptation,Sequential,26,6401,6593
Unsupervised Semantic Segmentation,General,26,95,114234
Event-based vision,General,26,144,114234
Variational Inference,Graphs,26,2264,12318
Text-To-Speech Synthesis,Natural Language Processing,26,331,40996
Opinion Mining,Natural Language Processing,26,629,40996
Single Image Deraining,Computer Vision,26,94,54472
Supervised Anomaly Detection,Computer Vision,26,155,54472
Fake News Detection,Computer Vision,26,487,54472
Survey,Reinforcement Learning,26,4076,6988
Single-View 3D Reconstruction,Computer Vision,26,96,54472
Inference Attack,Computer Vision,26,283,54472
Sleep Staging,General,26,116,114234
Text Summarization,Graphs,26,1315,12318
No-Reference Image Quality Assessment,Computer Vision,26,155,54472
Point Cloud Classification,Graphs,26,265,12318
Functional Connectivity,Graphs,26,460,12318
Video-Text Retrieval,General,26,108,114234
Real-Time Object Detection,Natural Language Processing,26,258,40996
Speech-to-Text Translation,General,26,145,114234
Anomaly Segmentation,Computer Vision,26,116,54472
Camera Pose Estimation,Computer Vision,26,301,54472
Unsupervised Pre-training,Graphs,26,263,12318
Image Clustering,Graphs,26,235,12318
Cloud Computing,Natural Language Processing,26,581,40996
Out-of-Distribution Detection,Graphs,26,886,12318
Visual Tracking,Natural Language Processing,26,524,40996
Virtual Try-on,Natural Language Processing,26,275,40996
Hyperspectral Image Classification,Natural Language Processing,26,286,40996
Efficient Exploration,Natural Language Processing,26,513,40996
Robot Navigation,Natural Language Processing,26,542,40996
Text to 3D,Natural Language Processing,26,314,40996
Kolmogorov-Arnold Networks,Computer Vision,26,255,54472
Structured Prediction,Computer Vision,25,636,54472
All,Sequential,25,2624,6593
Multimodal Emotion Recognition,Computer Vision,25,179,54472
Voice Conversion,Sequential,25,520,6593
Temporal Localization,General,25,153,114234
Text Classification,Reinforcement Learning,25,3582,6988
Hate Speech Detection,Sequential,25,504,6593
Layout-to-Image Generation,Computer Vision,25,41,54472
Safe Exploration,General,25,135,114234
Intrusion Detection,Sequential,25,800,6593
Graph Clustering,Computer Vision,25,389,54472
Inductive Learning,Graphs,25,152,12318
Pneumonia Detection,Computer Vision,25,63,54472
HTR,General,25,84,114234
Multimodal Machine Translation,General,25,105,114234
LIDAR Semantic Segmentation,Computer Vision,25,129,54472
Action Recognition In Videos,Computer Vision,25,124,54472
3D Face Reconstruction,General,25,211,114234
Weather Forecasting,Sequential,25,418,6593
POS Tagging,Sequential,25,516,6593
Sound Classification,Computer Vision,25,146,54472
Bilevel Optimization,Computer Vision,25,422,54472
Time Series Regression,General,25,81,114234
Malware Classification,General,25,145,114234
Spam detection,General,25,117,114234
Crack Segmentation,General,25,62,114234
feature selection,Reinforcement Learning,25,2968,6988
Pose Transfer,General,25,93,114234
Machine Translation,Reinforcement Learning,25,10592,6988
Entity Resolution,General,25,183,114234
Sketch-Based Image Retrieval,General,25,110,114234
Shadow Removal,General,25,127,114234
Learning-To-Rank,Computer Vision,25,748,54472
Text Clustering,General,25,121,114234
Text Matching,Graphs,25,361,12318
multimodal generation,General,25,97,114234
Node Clustering,General,25,130,114234
Point Cloud Generation,General,25,117,114234
Knowledge Graph Embedding,Natural Language Processing,25,461,40996
News Classification,Natural Language Processing,25,71,40996
Privacy Preserving,Reinforcement Learning,25,2970,6988
Keyphrase Generation,General,25,77,114234
Graph structure learning,Graphs,25,132,12318
Systematic Generalization,Natural Language Processing,25,124,40996
Trajectory Planning,Computer Vision,25,324,54472
Semi-supervised Domain Adaptation,Computer Vision,25,133,54472
Propaganda detection,Natural Language Processing,25,61,40996
Text Normalization,General,25,145,114234
tabular-classification,General,25,48,114234
Feature Importance,Reinforcement Learning,25,889,6988
Counterfactual Reasoning,Reinforcement Learning,25,218,6988
FAD,Computer Vision,25,62,54472
Conversational Recommendation,General,25,136,114234
Continual Pretraining,General,25,69,114234
Drug Design,Graphs,25,440,12318
Dialogue Generation,Graphs,25,594,12318
Dataset Distillation,Natural Language Processing,25,216,40996
Referring Expression Segmentation,Natural Language Processing,25,145,40996
Misinformation,Graphs,25,1274,12318
Unsupervised Person Re-Identification,Graphs,25,107,12318
Masked Language Modeling,Graphs,25,456,12318
Video Segmentation,Natural Language Processing,25,387,40996
Fault Diagnosis,Natural Language Processing,25,375,40996
text similarity,Computer Vision,25,268,54472
Point Tracking,General,25,151,114234
Video Anomaly Detection,Natural Language Processing,25,262,40996
Red Teaming,Computer Vision,25,251,54472
Quantum Machine Learning,Natural Language Processing,25,699,40996
GSM8K,Reinforcement Learning,25,439,6988
Kolmogorov-Arnold Networks,Natural Language Processing,25,255,40996
Liver Segmentation,Computer Vision,24,86,54472
Probabilistic Deep Learning,General,24,79,114234
Scheduling,Sequential,24,3100,6593
Visual Storytelling,General,24,112,114234
Weakly supervised segmentation,Computer Vision,24,147,54472
Low-Rank Matrix Completion,General,24,158,114234
Visual Commonsense Reasoning,General,24,65,114234
Caption Generation,Sequential,24,308,6593
3D Object Classification,Computer Vision,24,93,54472
Event Detection,Graphs,24,935,12318
High-Level Synthesis,General,24,96,114234
text-classification,Reinforcement Learning,24,3005,6988
Generalized Zero-Shot Learning,General,24,159,114234
3D Part Segmentation,General,24,98,114234
Style Transfer,Sequential,24,1650,6593
Cultural Vocal Bursts Intensity Prediction,Computer Vision,24,488,54472
Supervised dimensionality reduction,General,24,57,114234
Spoken Dialogue Systems,General,24,250,114234
Triplet,Sequential,24,1621,6593
Activity Prediction,General,24,106,114234
Cardiac Segmentation,Computer Vision,24,88,54472
Temporal Sequences,Computer Vision,24,200,54472
2D Semantic Segmentation,Computer Vision,24,79,54472
Decision Making Under Uncertainty,General,24,263,114234
Volumetric Medical Image Segmentation,Computer Vision,24,58,54472
Speech Separation,Sequential,24,359,6593
Cardiac Segmentation,General,24,88,114234
Remote Sensing Image Classification,Computer Vision,24,93,54472
2D Pose Estimation,General,24,90,114234
Facial Inpainting,Computer Vision,24,60,54472
Inductive Learning,General,24,152,114234
Reranking,Computer Vision,24,580,54472
Missing Labels,General,24,139,114234
Video Reconstruction,General,24,145,114234
Few-Shot Image Classification,Natural Language Processing,24,352,40996
Type prediction,General,24,96,114234
Graph Mining,General,24,174,114234
Morphological Analysis,General,24,452,114234
Contrastive Learning,Sequential,24,6618,6593
Community Detection,Computer Vision,24,915,54472
Image Morphing,Computer Vision,24,38,54472
Human motion prediction,General,24,161,114234
Spelling Correction,Natural Language Processing,24,192,40996
Self-Learning,Computer Vision,24,402,54472
Form,Graphs,24,1610,12318
Voice Cloning,General,24,112,114234
Adversarial Text,General,24,111,114234
Visual Navigation,Computer Vision,24,314,54472
Human Mesh Recovery,Computer Vision,24,109,54472
Entity Alignment,General,24,187,114234
Music Transcription,General,24,96,114234
Gesture Generation,General,24,107,114234
Sign Language Translation,Natural Language Processing,24,153,40996
Code Search,Natural Language Processing,24,124,40996
Disease Prediction,Natural Language Processing,24,260,40996
Person Search,Computer Vision,24,138,54472
severity prediction,General,24,67,114234
Texture Synthesis,Natural Language Processing,24,280,40996
Code Generation,Reinforcement Learning,24,1694,6988
Multiple Choice Question Answering (MCQA),Natural Language Processing,24,64,40996
Efficient ViTs,General,24,32,114234
Organ Segmentation,Natural Language Processing,24,304,40996
Face Generation,Natural Language Processing,24,380,40996
Scene Segmentation,Natural Language Processing,24,282,40996
Video Grounding,General,24,114,114234
NeRF,Graphs,24,1710,12318
Protein Design,General,24,175,114234
class-incremental learning,Graphs,24,616,12318
Class Incremental Learning,Graphs,24,633,12318
cross-modal alignment,Graphs,24,341,12318
Semi-supervised Medical Image Segmentation,Computer Vision,24,144,54472
Long-Context Understanding,Natural Language Processing,24,81,40996
Video Alignment,Computer Vision,24,83,54472
Audio Source Separation,Computer Vision,23,111,54472
Imputation,Sequential,23,1232,6593
Vocal Bursts Intensity Prediction,Graphs,23,2608,12318
Multi-Task Learning,Reinforcement Learning,23,3654,6988
Future prediction,General,23,151,114234
Pose Tracking,General,23,191,114234
Counterfactual Inference,General,23,124,114234
Robust Object Detection,General,23,90,114234
Chatbot,Sequential,23,963,6593
Facial Landmark Detection,Computer Vision,23,138,54472
Network Embedding,Computer Vision,23,402,54472
Unsupervised Image-To-Image Translation,General,23,124,114234
Image Description,Computer Vision,23,154,54472
Conversational Search,General,23,154,114234
General Reinforcement Learning,General,23,84,114234
Multi-Label Image Classification,Computer Vision,23,124,54472
Person Identification,General,23,106,114234
Motor Imagery,Computer Vision,23,252,54472
Pedestrian Detection,Natural Language Processing,23,438,40996
Visual Dialog,General,23,115,114234
Abusive Language,General,23,164,114234
Aspect Extraction,General,23,92,114234
Audio-Visual Speech Recognition,General,23,100,114234
POS,Computer Vision,23,1132,54472
Traveling Salesman Problem,Reinforcement Learning,23,253,6988
Pedestrian Trajectory Prediction,Computer Vision,23,121,54472
Computational chemistry,General,23,122,114234
Electrocardiography (ECG),General,23,117,114234
STS,Computer Vision,23,325,54472
Bayesian Optimization,Reinforcement Learning,23,1896,6988
Outlier Detection,Natural Language Processing,23,702,40996
Handwritten Text Recognition,Computer Vision,23,139,54472
Passage Ranking,Natural Language Processing,23,73,40996
AutoML,Sequential,23,640,6593
Time Series Classification,Graphs,23,695,12318
Bayesian Optimization,Graphs,23,1896,12318
Abstract Meaning Representation,Natural Language Processing,23,212,40996
Model Editing,Computer Vision,23,193,54472
Video Enhancement,Computer Vision,23,110,54472
3D Multi-Object Tracking,General,23,101,114234
text annotation,General,23,125,114234
Feature Compression,General,23,96,114234
Spectral Reconstruction,General,23,72,114234
Graph structure learning,General,23,132,114234
Algorithmic Trading,General,23,95,114234
3D Pose Estimation,Natural Language Processing,23,379,40996
Boundary Detection,Natural Language Processing,23,357,40996
Model Poisoning,General,23,108,114234
Text Augmentation,Natural Language Processing,23,96,40996
Image Reconstruction,Graphs,23,2139,12318
Self-Supervised Image Classification,Graphs,23,110,12318
Logical Reasoning,Computer Vision,23,738,54472
molecular representation,Graphs,23,168,12318
3D visual grounding,General,23,82,114234
MedQA,Natural Language Processing,23,80,40996
Sensor Fusion,Natural Language Processing,23,508,40996
Molecular Docking,General,23,128,114234
Human Mesh Recovery,General,23,109,114234
Scene Classification,Natural Language Processing,23,452,40996
DeepFake Detection,Graphs,23,579,12318
3D Lane Detection,General,23,54,114234
Open Vocabulary Object Detection,Natural Language Processing,23,145,40996
Learning Theory,Natural Language Processing,23,850,40996
MME,General,23,95,114234
3D scene Editing,Computer Vision,23,46,54472
Novelty Detection,Computer Vision,22,249,54472
Action Classification,Graphs,22,456,12318
Optical Character Recognition (OCR),Sequential,22,1206,6593
Action Recognition In Videos,General,22,124,114234
Weakly Supervised Object Detection,Computer Vision,22,141,54472
Vocal Bursts Type Prediction,Computer Vision,22,670,54472
Emotion Classification,Computer Vision,22,453,54472
CPU,Audio,22,2227,488
Multi-Label Classification,Sequential,22,1193,6593
General Reinforcement Learning,Reinforcement Learning,22,84,6988
Medical Report Generation,General,22,109,114234
Additive models,Computer Vision,22,251,54472
Emotion Classification,Sequential,22,453,6593
Ensemble Learning,Sequential,22,1203,6593
Sociology,General,22,167,114234
Tumor Segmentation,Graphs,22,785,12318
Generative Adversarial Network,Audio,22,3106,488
Person Retrieval,General,22,67,114234
Action Unit Detection,General,22,108,114234
Point Tracking,Computer Vision,22,151,54472
Crack Segmentation,Computer Vision,22,62,54472
Medical Image Generation,General,22,77,114234
Grammatical Error Correction,Sequential,22,410,6593
Talking Face Generation,General,22,109,114234
Multi-Objective Reinforcement Learning,Reinforcement Learning,22,143,6988
Extreme Multi-Label Classification,General,22,75,114234
Medical Object Detection,General,22,41,114234
Diagnostic,Reinforcement Learning,22,4504,6988
Conversational Question Answering,Natural Language Processing,22,140,40996
Humor Detection,General,22,64,114234
Unsupervised Video Object Segmentation,Computer Vision,22,88,54472
Large Language Model,Sequential,22,6093,6593
Image Super-Resolution,Graphs,22,1587,12318
Active Learning,Reinforcement Learning,22,3057,6988
Monocular 3D Object Detection,Computer Vision,22,187,54472
3D Object Reconstruction,General,22,153,114234
Automatic Speech Recognition,Audio,22,3158,488
Automatic Speech Recognition (ASR),Audio,22,2995,488
Text Style Transfer,Natural Language Processing,22,179,40996
Model Compression,Graphs,22,1350,12318
Hate Speech Detection,Computer Vision,22,504,54472
Lemmatization,Natural Language Processing,22,350,40996
Adversarial Text,Natural Language Processing,22,111,40996
Fault localization,General,22,79,114234
Document-level Relation Extraction,General,22,105,114234
Facial Emotion Recognition,Computer Vision,22,81,54472
Heart Rate Variability,General,22,131,114234
Object Hallucination,General,22,71,114234
Distributed Optimization,Natural Language Processing,22,535,40996
Action Segmentation,Natural Language Processing,22,217,40996
SSIM,Graphs,22,1333,12318
Specificity,Reinforcement Learning,22,2090,6988
Semi-supervised Medical Image Segmentation,Graphs,22,144,12318
2D Object Detection,Natural Language Processing,22,210,40996
Response Generation,Graphs,22,894,12318
Sensitivity,Graphs,22,2008,12318
Automated Theorem Proving,Natural Language Processing,22,287,40996
Intrusion Detection,Graphs,22,800,12318
Few Shot Action Recognition,General,22,76,114234
speaker-diarization,Natural Language Processing,22,310,40996
Speaker Diarization,Natural Language Processing,22,324,40996
Generalization Bounds,Natural Language Processing,22,685,40996
3D Object Reconstruction,Computer Vision,22,153,54472
Model-based Reinforcement Learning,Natural Language Processing,22,707,40996
Toxic Spans Detection,General,22,37,114234
Motion Forecasting,Natural Language Processing,22,205,40996
Pansharpening,Computer Vision,22,78,54472
Human Animation,Computer Vision,22,41,54472
Referring Video Object Segmentation,Computer Vision,22,74,54472
text-guided-image-editing,General,22,68,114234
Bench2Drive,General,22,35,114234
Mamba,Graphs,22,1058,12318
Robust Speech Recognition,General,21,96,114234
Acoustic Scene Classification,Computer Vision,21,131,54472
Aspect-Based Sentiment Analysis (ABSA),Sequential,21,465,6593
Information Retrieval,Reinforcement Learning,21,4717,6988
Audio Source Separation,General,21,111,114234
Headline Generation,General,21,86,114234
Lip Reading,Computer Vision,21,152,54472
Image Generation,Sequential,21,6664,6593
Policy Gradient Methods,Computer Vision,21,381,54472
Event Detection,Sequential,21,935,6593
Vector Graphics,Computer Vision,21,88,54472
Protein Structure Prediction,Computer Vision,21,188,54472
Point cloud reconstruction,General,21,99,114234
Video-Based Person Re-Identification,General,21,117,114234
Model Selection,Graphs,21,2047,12318
Demand Forecasting,Computer Vision,21,212,54472
Volumetric Medical Image Segmentation,General,21,58,114234
Hyperparameter Optimization,Sequential,21,812,6593
Graph Question Answering,General,21,78,114234
Fire Detection,General,21,61,114234
multimodal interaction,General,21,106,114234
Open-Ended Question Answering,Graphs,21,787,12318
Feature Importance,Sequential,21,889,6593
Music Information Retrieval,Computer Vision,21,255,54472
Multimodal Sentiment Analysis,Computer Vision,21,200,54472
All,Reinforcement Learning,21,2624,6988
Anomaly Classification,Computer Vision,21,72,54472
Extractive Text Summarization,General,21,93,114234
Disparity Estimation,General,21,162,114234
Super-Resolution,Sequential,21,3867,6593
Sports Analytics,General,21,97,114234
Transfer Learning,Audio,21,10231,488
Keyphrase Extraction,General,21,150,114234
Question Generation,Computer Vision,21,648,54472
Answer Selection,Natural Language Processing,21,171,40996
AMR Parsing,General,21,113,114234
Video Object Segmentation,Graphs,21,549,12318
Music Recommendation,General,21,118,114234
Tone Mapping,General,21,128,114234
Action Generation,General,21,111,114234
Click-Through Rate Prediction,Graphs,21,390,12318
Conversational Search,Natural Language Processing,21,154,40996
Hyperspectral Image Classification,Graphs,21,286,12318
Molecular Property Prediction,Computer Vision,21,354,54472
Auxiliary Learning,General,21,100,114234
Intent Recognition,General,21,92,114234
Image-to-Text Retrieval,General,21,58,114234
Cell Detection,Computer Vision,21,132,54472
Malware Detection,Natural Language Processing,21,431,40996
Inference Optimization,General,21,56,114234
RTE,Natural Language Processing,21,111,40996
Session-Based Recommendations,Natural Language Processing,21,172,40996
Paraphrase Generation,Natural Language Processing,21,206,40996
Vocal Bursts Valence Prediction,Natural Language Processing,21,1154,40996
Graph Attention,Reinforcement Learning,21,1081,6988
Table Detection,General,21,58,114234
Knowledge Tracing,Natural Language Processing,21,214,40996
3D Classification,Computer Vision,21,79,54472
Video Enhancement,General,21,110,114234
Moment Retrieval,General,21,131,114234
Singing Voice Synthesis,General,21,81,114234
Speech-to-Text Translation,Natural Language Processing,21,145,40996
Clone Detection,Natural Language Processing,21,68,40996
Keyword Spotting,Natural Language Processing,21,405,40996
Time Series Anomaly Detection,Graphs,21,264,12318
Tabular Data Generation,Computer Vision,21,73,54472
Aspect Sentiment Triplet Extraction,General,21,52,114234
Knowledge Graphs,Reinforcement Learning,21,2954,6988
cross-domain few-shot learning,General,21,74,114234
Toxic Spans Detection,Natural Language Processing,21,37,40996
Few-Shot action recognition,General,21,70,114234
Stock Price Prediction,Natural Language Processing,21,137,40996
Layout Generation,Natural Language Processing,21,148,40996
Zero-Shot Object Detection,Computer Vision,21,57,54472
Visual Place Recognition,Natural Language Processing,21,296,40996
Self-Learning,Natural Language Processing,21,402,40996
TruthfulQA,Natural Language Processing,21,80,40996
Personalized Image Generation,General,21,58,114234
Epidemiology,Natural Language Processing,21,425,40996
Visual Speech Recognition,Natural Language Processing,20,182,40996
Gender Classification,Computer Vision,20,149,54472
Stance Classification,General,20,101,114234
One-Class Classification,Computer Vision,20,227,54472
Starcraft II,Computer Vision,20,173,54472
3D Action Recognition,General,20,91,114234
Trajectory Forecasting,Computer Vision,20,187,54472
Image Description,General,20,154,114234
Model Compression,Sequential,20,1350,6593
Image Categorization,General,20,61,114234
Rgb-T Tracking,General,20,55,114234
Pharmacovigilance,General,20,56,114234
Semantic Parsing,Computer Vision,20,1176,54472
Visual Question Answering (VQA),Sequential,20,2148,6593
Semantic Role Labeling,Sequential,20,615,6593
Combinatorial Optimization,Sequential,20,1272,6593
Demand Forecasting,Sequential,20,212,6593
Malware Detection,Computer Vision,20,431,54472
Audio Synthesis,Audio,20,127,488
GPU,Audio,20,5609,488
Audio Generation,Audio,20,270,488
Network Intrusion Detection,Computer Vision,20,261,54472
Gender Prediction,General,20,66,114234
Automated Essay Scoring,General,20,104,114234
Mixed Reality,Computer Vision,20,230,54472
Asset Management,General,20,87,114234
Content-Based Image Retrieval,General,20,195,114234
Distributional Reinforcement Learning,General,20,137,114234
Open Set Learning,Computer Vision,20,267,54472
Cloud Detection,General,20,72,114234
Plant Phenotyping,General,20,74,114234
Handwritten Digit Recognition,General,20,107,114234
Noise Estimation,General,20,114,114234
Lung Cancer Diagnosis,General,20,63,114234
Entity Embeddings,Natural Language Processing,20,150,40996
Entity Typing,Natural Language Processing,20,162,40996
Causal Discovery,Computer Vision,20,741,54472
Gesture Recognition,Sequential,20,572,6593
Graph Property Prediction,General,20,56,114234
Document Embedding,General,20,76,114234
Text Segmentation,General,20,124,114234
document understanding,Computer Vision,20,307,54472
Vehicle Re-Identification,Computer Vision,20,150,54472
Traffic Sign Detection,General,20,56,114234
Medical Object Detection,Computer Vision,20,41,54472
Question-Generation,Computer Vision,20,625,54472
Cultural Vocal Bursts Intensity Prediction,Natural Language Processing,20,488,40996
Novel Concepts,Computer Vision,20,158,54472
Video Summarization,Computer Vision,20,277,54472
Medical Report Generation,Natural Language Processing,20,109,40996
3D Semantic Segmentation,Graphs,20,346,12318
Blind Super-Resolution,Computer Vision,20,67,54472
Dialogue Evaluation,General,20,96,114234
Point cloud reconstruction,Computer Vision,20,99,54472
Image Stylization,Computer Vision,20,64,54472
Music Genre Classification,General,20,56,114234
Opinion Summarization,General,20,71,114234
Homography Estimation,General,20,134,114234
Semantic Retrieval,Natural Language Processing,20,86,40996
One-Shot Learning,Natural Language Processing,20,303,40996
Non-Intrusive Load Monitoring,General,20,99,114234
de-en,General,20,78,114234
Emotion Recognition in Conversation,Graphs,20,139,12318
Claim Verification,Natural Language Processing,20,132,40996
Mathematical Proofs,General,20,90,114234
Photoplethysmography (PPG),Computer Vision,20,148,54472
C++ code,General,20,91,114234
Motion Compensation,General,20,207,114234
Keyword Extraction,Natural Language Processing,20,172,40996
Topological Data Analysis,Natural Language Processing,20,496,40996
Multi-class Classification,Graphs,20,895,12318
Electromyography (EMG),General,20,94,114234
Action Anticipation,Natural Language Processing,20,110,40996
Style Transfer,Graphs,20,1650,12318
Causal Inference,Graphs,20,1717,12318
Source Code Summarization,General,20,56,114234
Code Generation,Graphs,20,1694,12318
Misconceptions,Natural Language Processing,20,161,40996
Keypoint Detection,Natural Language Processing,20,339,40996
Language Acquisition,Natural Language Processing,20,519,40996
Image Harmonization,General,20,93,114234
Community Detection,Natural Language Processing,20,915,40996
Video Question Answering,Graphs,20,458,12318
Image Animation,General,20,94,114234
Text-to-Image Generation,Graphs,20,1081,12318
Bug fixing,General,20,62,114234
Eeg Decoding,General,20,74,114234
Visual Localization,Natural Language Processing,20,401,40996
Cross-Lingual Transfer,Computer Vision,20,750,54472
Video-Text Retrieval,Computer Vision,20,108,54472
Legal Reasoning,General,20,92,114234
Prompt Engineering,Graphs,20,1234,12318
Protein Language Model,General,20,73,114234
Referring Video Object Segmentation,Natural Language Processing,20,74,40996
Fault Diagnosis,Graphs,20,375,12318
Motion Estimation,Natural Language Processing,20,740,40996
Text-to-Music Generation,Computer Vision,20,37,54472
Face Anti-Spoofing,Natural Language Processing,20,204,40996
RAG,Reinforcement Learning,20,2109,6988
Vision-Language-Action,Natural Language Processing,20,157,40996
Temporal Sequences,Sequential,19,200,6593
Node Property Prediction,Graphs,19,54,12318
Disease Prediction,Graphs,19,260,12318
Semantic Similarity,Sequential,19,1550,6593
Sequential Image Classification,General,19,44,114234
Malware Analysis,General,19,89,114234
Sleep Staging,Computer Vision,19,116,54472
Image Manipulation Detection,General,19,73,114234
Keypoint Estimation,General,19,71,114234
Head Pose Estimation,General,19,129,114234
Playing the Game of 2048,General,19,57,114234
Texture Classification,Computer Vision,19,206,54472
Video Alignment,General,19,83,114234
Value prediction,General,19,83,114234
X-ray Classification,General,19,70,114234
MUlTI-LABEL-ClASSIFICATION,Sequential,19,1101,6593
Monocular 3D Human Pose Estimation,General,19,101,114234
Low-rank compression,General,19,34,114234
Indoor Localization,Computer Vision,19,250,54472
Patch Matching,General,19,97,114234
3D Shape Reconstruction,Computer Vision,19,139,54472
Cloud Computing,Reinforcement Learning,19,581,6988
Inductive logic programming,General,19,153,114234
Adversarial Attack,Reinforcement Learning,19,1799,6988
Video Description,General,19,103,114234
Collaborative Inference,General,19,68,114234
Pose Prediction,Computer Vision,19,163,54472
Movie Recommendation,General,19,111,114234
Rumour Detection,General,19,96,114234
Click-Through Rate Prediction,Computer Vision,19,390,54472
Variable Selection,Computer Vision,19,565,54472
Marketing,Reinforcement Learning,19,951,6988
Lexical Simplification,General,19,147,114234
Anomaly Classification,General,19,72,114234
Scene Understanding,Reinforcement Learning,19,1722,6988
Skin Cancer Classification,General,19,44,114234
Word Translation,General,19,123,114234
Stochastic Optimization,Reinforcement Learning,19,1378,6988
ECG Classification,Computer Vision,19,116,54472
Deception Detection,General,19,120,114234
Single Particle Analysis,General,19,106,114234
CoLA,Natural Language Processing,19,78,40996
Slot Filling,Graphs,19,453,12318
Micro Expression Recognition,General,19,72,114234
Micro-Expression Recognition,General,19,74,114234
Single-View 3D Reconstruction,General,19,96,114234
Q-Learning,Graphs,19,1912,12318
Audio captioning,Natural Language Processing,19,118,40996
Off-policy evaluation,General,19,265,114234
Community Question Answering,Natural Language Processing,19,235,40996
News Summarization,General,19,83,114234
News Summarization,Natural Language Processing,19,83,40996
Retrosynthesis,Natural Language Processing,19,110,40996
Vision and Language Navigation,Computer Vision,19,219,54472
Face Reenactment,Computer Vision,19,67,54472
Visual Grounding,Graphs,19,563,12318
Membership Inference Attack,Computer Vision,19,186,54472
Automated Essay Scoring,Natural Language Processing,19,104,40996
Generalization Bounds,Graphs,19,685,12318
Negation,Computer Vision,19,600,54472
QQP,General,19,32,114234
3D Object Classification,General,19,93,114234
Language Modelling,Audio,19,17424,488
Emotional Intelligence,General,19,77,114234
Hyperspectral Image Super-Resolution,Computer Vision,19,52,54472
Long-range modeling,Computer Vision,19,95,54472
Motion Forecasting,Computer Vision,19,205,54472
speaker-diarization,Audio,19,310,488
Speaker Diarization,Audio,19,324,488
Surgical phase recognition,General,19,69,114234
News Recommendation,Natural Language Processing,19,193,40996
Image-to-Text Retrieval,Computer Vision,19,58,54472
motion prediction,Graphs,19,592,12318
graph partitioning,Graphs,19,208,12318
Raspberry Pi 4,General,19,48,114234
Multimodal Emotion Recognition,Graphs,19,179,12318
Spatio-Temporal Forecasting,Graphs,19,87,12318
Edge Classification,General,19,56,114234
Clone Detection,General,19,68,114234
Semi-Supervised Semantic Segmentation,Graphs,19,190,12318
Video Inpainting,Natural Language Processing,19,130,40996
Mortality Prediction,Natural Language Processing,19,188,40996
Vector Graphics,General,19,88,114234
Physical Simulations,General,19,100,114234
Inference Attack,Natural Language Processing,19,283,40996
Dimensionality Reduction,Reinforcement Learning,19,3297,6988
Atari Games,Natural Language Processing,19,621,40996
Bug fixing,Natural Language Processing,19,62,40996
Authorship Attribution,Natural Language Processing,19,208,40996
Video Grounding,Computer Vision,19,114,54472
Medical Image Classification,Graphs,19,422,12318
UIE,General,19,56,114234
Missing Values,Graphs,19,801,12318
Audio Classification,Graphs,19,359,12318
Avg,Computer Vision,19,117,54472
Entity Linking,Graphs,19,725,12318
Zero-Shot Object Detection,General,19,57,114234
Medical Visual Question Answering,General,19,97,114234
Functional Connectivity,Natural Language Processing,19,460,40996
AudioCaps,General,19,64,114234
3D Shape Generation,General,19,105,114234
Financial Analysis,Natural Language Processing,19,93,40996
Video Quality Assessment,Natural Language Processing,19,216,40996
Human Detection,Natural Language Processing,19,306,40996
FAD,General,19,62,114234
Partial Label Learning,General,19,85,114234
Astronomy,Natural Language Processing,19,394,40996
Ontology Matching,General,19,51,114234
Protein Design,Natural Language Processing,19,175,40996
AudioCaps,Computer Vision,19,64,54472
multimodal generation,Natural Language Processing,19,97,40996
Skin Lesion Segmentation,Natural Language Processing,19,154,40996
Nutrition,Natural Language Processing,19,202,40996
Surface Reconstruction,Natural Language Processing,19,621,40996
Emotional Intelligence,Natural Language Processing,19,77,40996
Portrait Animation,Computer Vision,19,32,54472
Ensemble Pruning,General,18,27,114234
Bayesian Inference,Reinforcement Learning,18,2217,6988
Chinese Named Entity Recognition,General,18,73,114234
channel selection,Computer Vision,18,119,54472
Cell Tracking,General,18,74,114234
Navigate,Sequential,18,1976,6593
Facial Expression Recognition,Graphs,18,531,12318
Road Segmentation,Computer Vision,18,82,54472
Ordinal Classification,General,18,72,114234
Articles,Reinforcement Learning,18,3983,6988
Event Extraction,Computer Vision,18,441,54472
Knowledge Base Completion,Graphs,18,154,12318
Dialogue Management,General,18,195,114234
Deep Attention,Computer Vision,18,108,54472
Multi-Goal Reinforcement Learning,Reinforcement Learning,18,34,6988
Document Classification,Graphs,18,634,12318
Protein Folding,Computer Vision,18,185,54472
Sand,General,18,106,114234
Music Generation,Sequential,18,386,6593
Time Series Clustering,General,18,113,114234
Robot Navigation,Reinforcement Learning,18,542,6988
Image Cropping,General,18,83,114234
Demosaicking,General,18,149,114234
Matrix Completion,Graphs,18,792,12318
Word Sense Disambiguation,Sequential,18,1032,6593
Bayesian Optimization,Sequential,18,1896,6593
energy management,Sequential,18,515,6593
Fine-Grained Visual Recognition,General,18,72,114234
Image Segmentation,Reinforcement Learning,18,5028,6988
Iris Recognition,Computer Vision,18,139,54472
Synthetic-to-Real Translation,General,18,68,114234
Dialogue Generation,Sequential,18,594,6593
Blocking,Graphs,18,522,12318
Novel View Synthesis,Graphs,18,1437,12318
Speech-to-Text,Computer Vision,18,401,54472
Generative Adversarial Network,Reinforcement Learning,18,3106,6988
Math,Sequential,18,1586,6593
Visual Question Answering,Reinforcement Learning,18,2162,6988
Humor Detection,Natural Language Processing,18,64,40996
Argument Mining,Natural Language Processing,18,283,40996
Video Deblurring,General,18,84,114234
compressed sensing,Natural Language Processing,18,988,40996
Chinese Word Segmentation,Natural Language Processing,18,241,40996
Music Information Retrieval,Natural Language Processing,18,255,40996
Epidemiology,Computer Vision,18,425,54472
Visual Storytelling,Natural Language Processing,18,112,40996
Visual Navigation,Natural Language Processing,18,314,40996
World Knowledge,Graphs,18,809,12318
Image Augmentation,Natural Language Processing,18,308,40996
Nutrition,Computer Vision,18,202,54472
HellaSwag,General,18,38,114234
3D Object Detection,Reinforcement Learning,18,1572,6988
Graph Reconstruction,General,18,88,114234
Aspect-Based Sentiment Analysis (ABSA),Graphs,18,465,12318
Face Recognition,Reinforcement Learning,18,2326,6988
Zero-Shot Video Question Answer,General,18,85,114234
Protein Structure Prediction,Natural Language Processing,18,188,40996
Visual Commonsense Reasoning,Natural Language Processing,18,65,40996
Conditional Text Generation,General,18,67,114234
domain classification,Computer Vision,18,159,54472
Computational chemistry,Computer Vision,18,122,54472
Abusive Language,Natural Language Processing,18,164,40996
Self-Supervised Learning,Reinforcement Learning,18,5029,6988
Speaker Recognition,Natural Language Processing,18,434,40996
Causal Language Modeling,General,18,51,114234
Counterfactual Explanation,Computer Vision,18,177,54472
Graph Sampling,General,18,101,114234
Key Information Extraction,General,18,73,114234
Entity Resolution,Natural Language Processing,18,183,40996
Moment Retrieval,Natural Language Processing,18,131,40996
Feature Correlation,Computer Vision,18,123,54472
Source Code Summarization,Natural Language Processing,18,56,40996
Text to Video Retrieval,General,18,75,114234
Knowledge Base Question Answering,Natural Language Processing,18,133,40996
Intent Recognition,Natural Language Processing,18,92,40996
Prognosis,Graphs,18,899,12318
Alzheimer's Disease Detection,General,18,61,114234
3D Classification,General,18,79,114234
Speech Separation,Natural Language Processing,18,359,40996
Starcraft,Natural Language Processing,18,309,40996
Speaker Verification,Graphs,18,744,12318
Story Generation,Computer Vision,18,231,54472
Few-Shot Object Detection,Natural Language Processing,18,179,40996
Object Reconstruction,Natural Language Processing,18,290,40996
Saliency Detection,Natural Language Processing,18,364,40996
3D geometry,Graphs,18,682,12318
Hand Gesture Recognition,Natural Language Processing,18,198,40996
Hand-Gesture Recognition,Natural Language Processing,18,187,40996
Medical Visual Question Answering,Natural Language Processing,18,97,40996
Token Reduction,Natural Language Processing,18,78,40996
Source-Free Domain Adaptation,Natural Language Processing,18,187,40996
Unity,Natural Language Processing,18,378,40996
Few-Shot Semantic Segmentation,Natural Language Processing,18,168,40996
Data Valuation,General,18,119,114234
Out-of-Distribution Generalization,Graphs,18,513,12318
Thompson Sampling,Natural Language Processing,18,652,40996
Brain Tumor Classification,General,18,52,114234
ISAC,Computer Vision,18,691,54472
Few-Shot Text Classification,Natural Language Processing,18,96,40996
scientific discovery,Computer Vision,18,463,54472
backdoor defense,Computer Vision,18,130,54472
Audio Deepfake Detection,General,18,74,114234
Lane Detection,Natural Language Processing,18,250,40996
Open-vocabulary object detection,Natural Language Processing,18,121,40996
Visual Prompt Tuning,Natural Language Processing,18,70,40996
Visual Prompting,Natural Language Processing,18,127,40996
3D Inpainting,General,18,21,114234
zero-shot anomaly detection,Computer Vision,18,35,54472
Collision Avoidance,Natural Language Processing,18,568,40996
Image to 3D,Natural Language Processing,18,161,40996
Safety Alignment,Computer Vision,18,288,54472
Mamba,Sequential,18,1058,6593
Relation Network,Computer Vision,17,123,54472
Pancreas Segmentation,Computer Vision,17,60,54472
MRPC,General,17,29,114234
Sensor Fusion,Reinforcement Learning,17,508,6988
Face Identification,Computer Vision,17,142,54472
Sequential Image Classification,Sequential,17,44,6593
Extractive Text Summarization,Natural Language Processing,17,93,40996
Abstractive Text Summarization,Graphs,17,823,12318
Image Manipulation Detection,Computer Vision,17,73,54472
Steganalysis,General,17,96,114234
Pose Tracking,Computer Vision,17,191,54472
License Plate Recognition,Computer Vision,17,94,54472
Keyword Spotting,Sequential,17,405,6593
Novel Object Detection,General,17,53,114234
Stereo Depth Estimation,General,17,96,114234
Vocal Bursts Type Prediction,Graphs,17,670,12318
Lung Cancer Diagnosis,Computer Vision,17,63,54472
Speech Emotion Recognition,Sequential,17,429,6593
Long-tail Learning,Computer Vision,17,131,54472
Monocular 3D Human Pose Estimation,Computer Vision,17,101,54472
Mutual Information Estimation,General,17,91,114234
Sensitivity,Reinforcement Learning,17,2008,6988
Text Spotting,Computer Vision,17,110,54472
Patch Matching,Computer Vision,17,97,54472
Person Retrieval,Computer Vision,17,67,54472
Game of Go,Reinforcement Learning,17,62,6988
Region Proposal,Natural Language Processing,17,371,40996
quantile regression,Computer Vision,17,420,54472
Slot Filling,Sequential,17,453,6593
scoring rule,General,17,90,114234
Document Summarization,Sequential,17,750,6593
Diabetes Prediction,General,17,31,114234
Cloze Test,General,17,67,114234
Spatial Interpolation,General,17,60,114234
Natural Language Understanding,Reinforcement Learning,17,1934,6988
Phrase Grounding,General,17,88,114234
Implicit Relations,General,17,66,114234
Seizure prediction,General,17,57,114234
3D Shape Representation,Computer Vision,17,91,54472
Hyperspectral Unmixing,General,17,113,114234
Weakly supervised Semantic Segmentation,Graphs,17,284,12318
Weakly-Supervised Semantic Segmentation,Graphs,17,296,12318
Privacy Preserving Deep Learning,General,17,59,114234
Fake Image Detection,Computer Vision,17,37,54472
Disparity Estimation,Computer Vision,17,162,54472
Electrocardiography (ECG),Computer Vision,17,117,54472
Semantic correspondence,Natural Language Processing,17,175,40996
Graph Sampling,Graphs,17,101,12318
Self-Supervised Action Recognition,General,17,51,114234
Heuristic Search,Reinforcement Learning,17,260,6988
Question Generation,Sequential,17,648,6593
Question-Generation,Sequential,17,625,6593
Knowledge Graphs,Sequential,17,2954,6593
Morphological Inflection,General,17,133,114234
Fake News Detection,Sequential,17,487,6593
Transparent objects,General,17,117,114234
Drug Discovery,Reinforcement Learning,17,1336,6988
Graph Regression,Computer Vision,17,145,54472
Camouflaged Object Segmentation,Computer Vision,17,47,54472
Online Clustering,General,17,86,114234
Face Detection,Natural Language Processing,17,532,40996
Product Recommendation,Natural Language Processing,17,132,40996
Trajectory Prediction,Reinforcement Learning,17,1003,6988
Video Deblurring,Computer Vision,17,84,54472
Aspect Extraction,Natural Language Processing,17,92,40996
Explainable Models,Computer Vision,17,128,54472
Action Localization,Graphs,17,368,12318
Graph Attention,Sequential,17,1081,6593
Infrared And Visible Image Fusion,General,17,83,114234
Selection bias,Natural Language Processing,17,365,40996
Explainable Recommendation,General,17,94,114234
Medical Image Registration,Natural Language Processing,17,198,40996
Lexical Simplification,Natural Language Processing,17,147,40996
Crowd Counting,Natural Language Processing,17,369,40996
Long Form Question Answering,General,17,60,114234
Bilingual Lexicon Induction,General,17,103,114234
Semi-supervised Domain Adaptation,General,17,133,114234
Term Extraction,Natural Language Processing,17,157,40996
Document Level Machine Translation,General,17,55,114234
Quantization,Reinforcement Learning,17,4915,6988
3D Point Cloud Classification,Graphs,17,201,12318
Linear Mode Connectivity,General,17,35,114234
Gesture Recognition,Graphs,17,572,12318
Uncertainty Quantification,Sequential,17,2364,6593
Gesture Generation,Natural Language Processing,17,107,40996
Time Series Generation,General,17,87,114234
Structural Health Monitoring,Computer Vision,17,197,54472
Edge-computing,Graphs,17,1279,12318
Medical Visual Question Answering,Computer Vision,17,97,54472
Autonomous Racing,General,17,86,114234
Video-Text Retrieval,Natural Language Processing,17,108,40996
Multivariate Time Series Forecasting,Graphs,17,245,12318
Semi-Supervised Object Detection,General,17,114,114234
Handwritten Text Recognition,Natural Language Processing,17,139,40996
Multi-Object Tracking,Graphs,17,670,12318
Graph Property Prediction,Graphs,17,56,12318
energy management,Computer Vision,17,515,54472
Distributed Computing,Natural Language Processing,17,377,40996
Code Search,Graphs,17,124,12318
3D Human Reconstruction,General,17,106,114234
Singing Voice Synthesis,Computer Vision,17,81,54472
Optical Character Recognition (OCR),Graphs,17,1206,12318
Document Layout Analysis,Natural Language Processing,17,98,40996
Metaheuristic Optimization,General,17,69,114234
Avg,Natural Language Processing,17,117,40996
Object Localization,Graphs,17,615,12318
Attribute Extraction,General,17,59,114234
Cross-Domain Few-Shot,Computer Vision,17,141,54472
Depth Prediction,Natural Language Processing,17,421,40996
Model Discovery,General,17,87,114234
Synthetic Image Detection,Computer Vision,17,28,54472
Membership Inference Attack,Natural Language Processing,17,186,40996
Image Manipulation,Natural Language Processing,17,426,40996
Robust Design,General,17,74,114234
No-Reference Image Quality Assessment,Natural Language Processing,17,155,40996
Math,Graphs,17,1586,12318
Minecraft,Natural Language Processing,17,235,40996
MRI Reconstruction,Natural Language Processing,17,441,40996
Graph Matching,Natural Language Processing,17,472,40996
Text Spotting,Natural Language Processing,17,110,40996
Semi-supervised Medical Image Segmentation,Natural Language Processing,17,144,40996
StrategyQA,General,17,40,114234
Fault Detection,Graphs,17,510,12318
Retrieval-augmented Generation,Reinforcement Learning,17,2194,6988
Lesion Classification,Natural Language Processing,17,188,40996
Cancer Classification,Natural Language Processing,17,208,40996
In-Context Learning,Reinforcement Learning,17,2291,6988
GSM8K,Computer Vision,17,439,54472
Hallucination Evaluation,Natural Language Processing,17,49,40996
Layout Design,Computer Vision,16,65,54472
Image Captioning,Reinforcement Learning,16,1858,6988
Lung Nodule Segmentation,Computer Vision,16,30,54472
LEMMA,Computer Vision,16,624,54472
Keypoint Estimation,Computer Vision,16,71,54472
Keyphrase Extraction,Natural Language Processing,16,150,40996
Language Identification,Computer Vision,16,792,54472
Color Image Denoising,General,16,51,114234
Surface Normal Estimation,Computer Vision,16,95,54472
Demosaicking,Computer Vision,16,149,54472
Dependency Parsing,Computer Vision,16,1381,54472
Scene Text Detection,Natural Language Processing,16,212,40996
Dichotomous Image Segmentation,Computer Vision,16,28,54472
Music Modeling,General,16,34,114234
Image Cropping,Computer Vision,16,83,54472
Selection bias,Computer Vision,16,365,54472
Abuse Detection,General,16,72,114234
Visual Question Answering (VQA),Reinforcement Learning,16,2148,6988
Document Classification,Sequential,16,634,6593
Image Stitching,Computer Vision,16,105,54472
Image Stitching,General,16,105,114234
Group Activity Recognition,General,16,65,114234
Twitter Sentiment Analysis,General,16,94,114234
Variational Inference,Sequential,16,2264,6593
Sentence Retrieval,General,16,80,114234
Dynamic Facial Expression Recognition,Computer Vision,16,40,54472
Head Detection,General,16,49,114234
License Plate Recognition,General,16,94,114234
Readmission Prediction,General,16,38,114234
Face Reenactment,General,16,67,114234
Talking Head Generation,General,16,119,114234
Safe Reinforcement Learning,Reinforcement Learning,16,306,6988
Road Segmentation,General,16,82,114234
Dynamic Time Warping,Natural Language Processing,16,433,40996
Type prediction,Natural Language Processing,16,96,40996
Oriented Object Detection,Natural Language Processing,16,123,40996
Story Visualization,Computer Vision,16,41,54472
Automatic Post-Editing,General,16,121,114234
Constituency Parsing,Natural Language Processing,16,199,40996
Unsupervised Machine Translation,General,16,98,114234
Holdout Set,General,16,35,114234
Sleep Quality,General,16,61,114234
Sentence-Pair Classification,General,16,38,114234
Traffic Sign Detection,Computer Vision,16,56,54472
Environmental Sound Classification,General,16,45,114234
Cross-Lingual NER,General,16,41,114234
Video Denoising,General,16,89,114234
Diabetic Retinopathy Detection,General,16,53,114234
Moment Retrieval,Graphs,16,131,12318
Multi-class Classification,Sequential,16,895,6593
Tensor Decomposition,Natural Language Processing,16,618,40996
Self-Driving Cars,Natural Language Processing,16,514,40996
Lifelong learning,Reinforcement Learning,16,467,6988
Camera Localization,Computer Vision,16,116,54472
Voice Cloning,Computer Vision,16,112,54472
Line Detection,Computer Vision,16,128,54472
Pose Transfer,Computer Vision,16,93,54472
Visual Commonsense Reasoning,Computer Vision,16,65,54472
Spatio-Temporal Forecasting,Computer Vision,16,87,54472
Appearance Transfer,Computer Vision,16,32,54472
Motion Planning,Graphs,16,919,12318
QQP,Natural Language Processing,16,32,40996
3D Reconstruction,Graphs,16,2316,12318
Line Detection,General,16,128,114234
EEG,Reinforcement Learning,16,2430,6988
Re-Ranking,Graphs,16,735,12318
Trajectory Forecasting,Natural Language Processing,16,187,40996
3D Hand Pose Estimation,Natural Language Processing,16,178,40996
Stereo Matching,Natural Language Processing,16,515,40996
Generalizable Person Re-identification,General,16,44,114234
HTR,Computer Vision,16,84,54472
Self-Supervised Image Classification,Natural Language Processing,16,110,40996
multimodal interaction,Natural Language Processing,16,106,40996
Board Games,General,16,131,114234
text annotation,Natural Language Processing,16,125,40996
Speech Synthesis,Graphs,16,1247,12318
Video Captioning,Graphs,16,469,12318
Cloud Removal,Computer Vision,16,56,54472
Game Design,General,16,99,114234
Earth Observation,Graphs,16,518,12318
Personalized Federated Learning,Computer Vision,16,311,54472
Change Detection,Graphs,16,915,12318
Intent Detection,Graphs,16,328,12318
slot-filling,Graphs,16,357,12318
Graph Clustering,Natural Language Processing,16,389,40996
Long Form Question Answering,Natural Language Processing,16,60,40996
Sketch-Based Image Retrieval,Computer Vision,16,110,54472
Scene Graph Generation,Graphs,16,316,12318
Variable Selection,Natural Language Processing,16,565,40996
NMT,Graphs,16,1737,12318
Aspect-Based Sentiment Analysis,Graphs,16,425,12318
Class-Incremental Semantic Segmentation,General,16,31,114234
Legal Reasoning,Natural Language Processing,16,92,40996
geo-localization,Natural Language Processing,16,140,40996
3D visual grounding,Natural Language Processing,16,82,40996
Human motion prediction,Natural Language Processing,16,161,40996
Zero-Shot Action Recognition,General,16,83,114234
Compositional Zero-Shot Learning,General,16,65,114234
Backdoor Attack,Graphs,16,520,12318
Dense Captioning,General,16,67,114234
StrategyQA,Natural Language Processing,16,40,40996
Prediction Intervals,Natural Language Processing,16,309,40996
Bench2Drive,Reinforcement Learning,16,35,6988
Safe Reinforcement Learning,Natural Language Processing,16,306,40996
Interactive Segmentation,Natural Language Processing,16,253,40996
Bilevel Optimization,Natural Language Processing,16,422,40996
Data Visualization,Natural Language Processing,16,335,40996
Personalized Federated Learning,Natural Language Processing,16,311,40996
Conditional Image Generation,Natural Language Processing,16,285,40996
Graph Question Answering,Natural Language Processing,16,78,40996
Zero-Shot Composed Image Retrieval (ZS-CIR),Computer Vision,16,36,54472
Motor Imagery,Natural Language Processing,16,252,40996
Friction,Natural Language Processing,16,417,40996
Task Arithmetic,General,16,61,114234
Lip Reading,Natural Language Processing,15,152,40996
Formation Energy,Graphs,15,54,12318
Pancreas Segmentation,General,15,60,114234
Translation,Audio,15,12219,488
Task Planning,Computer Vision,15,342,54472
Skeleton Based Action Recognition,Sequential,15,418,6593
Aspect-Based Sentiment Analysis,Sequential,15,425,6593
Vocal Bursts Valence Prediction,Graphs,15,1154,12318
Seizure Detection,Computer Vision,15,175,54472
Text-Independent Speaker Verification,General,15,70,114234
License Plate Detection,Computer Vision,15,39,54472
Univariate Time Series Forecasting,General,15,36,114234
Blind Image Deblurring,Computer Vision,15,70,54472
Image Deconvolution,Computer Vision,15,78,54472
Animal Pose Estimation,General,15,48,114234
Dense Video Captioning,Natural Language Processing,15,75,40996
Fine-Grained Image Recognition,General,15,72,114234
Visual Question Answering,Sequential,15,2162,6593
Action Detection,Sequential,15,813,6593
3D Medical Imaging Segmentation,Computer Vision,15,41,54472
Phoneme Recognition,General,15,103,114234
PICO,General,15,68,114234
Molecular Graph Generation,Computer Vision,15,54,54472
Arrhythmia Detection,Computer Vision,15,86,54472
Pedestrian Attribute Recognition,Computer Vision,15,56,54472
Gaze Prediction,General,15,55,114234
Small Data Image Classification,Computer Vision,15,178,54472
Facial Action Unit Detection,Computer Vision,15,96,54472
Task-Oriented Dialogue Systems,Sequential,15,300,6593
Handwriting Recognition,Sequential,15,171,6593
Paraphrase Generation,Computer Vision,15,206,54472
Sarcasm Detection,Sequential,15,260,6593
Node Classification,Sequential,15,1855,6593
Document Image Classification,General,15,50,114234
Molecular Docking,Computer Vision,15,128,54472
Grapheme-to-Phoneme Conversion,General,15,61,114234
Density Ratio Estimation,General,15,92,114234
Text Simplification,Sequential,15,467,6593
Satellite Image Classification,Computer Vision,15,33,54472
3D Object Recognition,Computer Vision,15,97,54472
Action Unit Detection,Computer Vision,15,108,54472
Template Matching,Computer Vision,15,219,54472
Morphological Tagging,General,15,93,114234
Dynamic Facial Expression Recognition,General,15,40,114234
Handwriting Recognition,Computer Vision,15,171,54472
Conditional Text Generation,Natural Language Processing,15,67,40996
Job Shop Scheduling,General,15,92,114234
Depth Estimation,Reinforcement Learning,15,2446,6988
Audio Signal Processing,General,15,70,114234
Low-Resource Neural Machine Translation,General,15,73,114234
Point Processes,Natural Language Processing,15,540,40996
Headline Generation,Natural Language Processing,15,86,40996
Fine-Grained Visual Recognition,Computer Vision,15,72,54472
Card Games,General,15,52,114234
Starcraft II,Natural Language Processing,15,173,40996
Rolling Shutter Correction,Computer Vision,15,216,54472
Common Sense Reasoning,Graphs,15,929,12318
3D Shape Reconstruction,General,15,139,114234
Heart rate estimation,General,15,85,114234
Long-tail Learning,Graphs,15,131,12318
Joint Entity and Relation Extraction,General,15,85,114234
Image Morphing,General,15,38,114234
Temporal Sequences,Graphs,15,200,12318
Generative Question Answering,General,15,43,114234
molecular representation,Computer Vision,15,168,54472
point cloud upsampling,General,15,62,114234
point cloud upsampling,Computer Vision,15,62,54472
Fact Checking,Computer Vision,15,658,54472
Morphological Analysis,Natural Language Processing,15,452,40996
Punctuation Restoration,General,15,51,114234
Clinical Knowledge,Computer Vision,15,133,54472
Sentence Retrieval,Natural Language Processing,15,80,40996
6D Pose Estimation,Natural Language Processing,15,255,40996
Entity Disambiguation,Natural Language Processing,15,155,40996
Table-to-Text Generation,General,15,66,114234
Image-text matching,Graphs,15,186,12318
Tone Mapping,Computer Vision,15,128,54472
Program Synthesis,Computer Vision,15,419,54472
ERP,Computer Vision,15,150,54472
Highlight Detection,General,15,77,114234
Speech Representation Learning,Natural Language Processing,15,131,40996
Music Transcription,Natural Language Processing,15,96,40996
Text Normalization,Natural Language Processing,15,145,40996
Structured Prediction,Natural Language Processing,15,636,40996
TextVQA,General,15,47,114234
Fire Detection,Computer Vision,15,61,54472
Image Outpainting,General,15,47,114234
Anomaly Detection In Surveillance Videos,General,15,65,114234
Language Modeling,Audio,15,14015,488
Speech Denoising,General,15,64,114234
Crop Classification,General,15,48,114234
Video Denoising,Computer Vision,15,89,54472
SMAC,Computer Vision,15,121,54472
Graph Learning,Reinforcement Learning,15,1567,6988
Marketing,Graphs,15,951,12318
RGB-D Salient Object Detection,General,15,88,114234
Miscellaneous,General,15,93,114234
Speaker Identification,Natural Language Processing,15,247,40996
Irregular Time Series,General,15,82,114234
Knowledge Probing,General,15,44,114234
Discrete Choice Models,Reinforcement Learning,15,103,6988
Image Outpainting,Computer Vision,15,47,54472
Traffic Signal Control,Computer Vision,15,201,54472
ARC,Reinforcement Learning,15,550,6988
Conversational Recommendation,Natural Language Processing,15,136,40996
Continual Pretraining,Natural Language Processing,15,69,40996
Reconstruction Attack,General,15,68,114234
Tabular Data Generation,General,15,73,114234
Deep Clustering,Natural Language Processing,15,307,40996
Scene Flow Estimation,General,15,150,114234
Anomaly Localization,General,15,101,114234
Rain Removal,Graphs,15,315,12318
Language Model Evaluation,General,15,69,114234
Language Model Evaluation,Natural Language Processing,15,69,40996
Service Composition,General,15,45,114234
Text to Image Generation,Graphs,15,965,12318
Visual Entailment,Computer Vision,15,55,54472
Face Image Quality,General,15,53,114234
Portfolio Optimization,Computer Vision,15,428,54472
Self-supervised Skeleton-based Action Recognition,Graphs,15,29,12318
Medical Report Generation,Computer Vision,15,109,54472
Zero-Shot Action Recognition,Computer Vision,15,83,54472
Facial Editing,General,15,29,114234
Artifact Detection,General,15,60,114234
Blind Super-Resolution,General,15,67,114234
Causal Language Modeling,Natural Language Processing,15,51,40996
Self-Learning,Graphs,15,402,12318
Integrated sensing and communication,Computer Vision,15,549,54472
Temporal Localization,Natural Language Processing,15,153,40996
Test-time Adaptation,Graphs,15,483,12318
Lesion Detection,Natural Language Processing,15,257,40996
Gait Recognition,Natural Language Processing,15,220,40996
Temporal Sequences,Natural Language Processing,15,200,40996
Edge Detection,Natural Language Processing,15,488,40996
Trajectory Planning,Natural Language Processing,15,324,40996
Zero-Shot Video Question Answer,Computer Vision,15,85,54472
Sound Event Localization and Detection,General,15,65,114234
Load Forecasting,Natural Language Processing,15,235,40996
Beam Prediction,General,15,51,114234
Adversarial Defense,Natural Language Processing,15,401,40996
software testing,Natural Language Processing,15,134,40996
HumanEval,Computer Vision,15,264,54472
3D Scene Reconstruction,Natural Language Processing,15,246,40996
Cross-Domain Few-Shot,Natural Language Processing,15,141,40996
MME,Natural Language Processing,15,95,40996
Video Classification,Sequential,14,452,6593
Foreground Segmentation,General,14,84,114234
Object Categorization,General,14,80,114234
Formation Energy,General,14,54,114234
Lung Nodule Segmentation,General,14,30,114234
Informativeness,Graphs,14,732,12318
Friction,Computer Vision,14,417,54472
graph partitioning,Computer Vision,14,208,54472
Node Classification on Non-Homophilic (Heterophilic) Graphs,Graphs,14,29,12318
Novel Object Detection,Computer Vision,14,53,54472
Stereo Depth Estimation,Computer Vision,14,96,54472
Image Enhancement,Graphs,14,980,12318
Hyperparameter Optimization,Reinforcement Learning,14,812,6988
Lung Nodule Classification,General,14,35,114234
3D Object Recognition,General,14,97,114234
Dense Object Detection,Computer Vision,14,32,54472
Dense Object Detection,General,14,32,114234
Arrhythmia Detection,General,14,86,114234
Pedestrian Attribute Recognition,General,14,56,114234
SMAC+,Computer Vision,14,126,54472
class-incremental learning,Reinforcement Learning,14,616,6988
Class Incremental Learning,Reinforcement Learning,14,633,6988
LIDAR Semantic Segmentation,Natural Language Processing,14,129,40996
Multimodal Machine Translation,Natural Language Processing,14,105,40996
Sentence Classification,Sequential,14,300,6593
State Space Models,Sequential,14,923,6593
Hierarchical Reinforcement Learning,Computer Vision,14,382,54472
Part-Of-Speech Tagging,Computer Vision,14,985,54472
intent-classification,Sequential,14,332,6593
Intent Classification,Sequential,14,342,6593
Dialogue Act Classification,General,14,65,114234
Face Recognition,Sequential,14,2326,6593
Metric Learning,Sequential,14,1645,6593
Surface Normal Estimation,General,14,95,114234
Object Recognition,Sequential,14,2036,6593
Protein Function Prediction,General,14,79,114234
Few-Shot Learning,Reinforcement Learning,14,2939,6988
Rhythm,Sequential,14,515,6593
Document Image Classification,Computer Vision,14,50,54472
Opinion Mining,Sequential,14,629,6593
Video Semantic Segmentation,Sequential,14,893,6593
Histopathological Image Classification,General,14,40,114234
Temporal Relation Extraction,General,14,88,114234
Seizure prediction,Computer Vision,14,57,54472
Hand Pose Estimation,Natural Language Processing,14,260,40996
Mitosis Detection,General,14,47,114234
text-based games,General,14,74,114234
Image Forensics,Computer Vision,14,108,54472
Adversarial Text,Computer Vision,14,111,54472
Adversarial Robustness,Reinforcement Learning,14,1739,6988
Knowledge Graph Embedding,Computer Vision,14,461,54472
2D Pose Estimation,Computer Vision,14,90,54472
Lemmatization,Sequential,14,350,6593
Unsupervised Video Object Segmentation,General,14,88,114234
Fine-Grained Visual Categorization,General,14,69,114234
Cloze Test,Natural Language Processing,14,67,40996
Loop Closure Detection,General,14,89,114234
Video Classification,Graphs,14,452,12318
Chinese Named Entity Recognition,Natural Language Processing,14,73,40996
Action Detection,Graphs,14,813,12318
HellaSwag,Natural Language Processing,14,38,40996
Fracture detection,Computer Vision,14,40,54472
Fracture detection,General,14,40,114234
Font Generation,Computer Vision,14,52,54472
Marketing,Sequential,14,951,6593
Bayesian Inference,Graphs,14,2217,12318
multimodal interaction,Computer Vision,14,106,54472
Time Series Anomaly Detection,Sequential,14,264,6593
Humanitarian,Computer Vision,14,185,54472
Toxic Comment Classification,General,14,28,114234
Script Generation,General,14,43,114234
Visual Reasoning,Graphs,14,696,12318
Visual Entailment,Natural Language Processing,14,55,40996
Edge-computing,Sequential,14,1279,6593
Entity Alignment,Natural Language Processing,14,187,40996
Cross-Lingual Word Embeddings,General,14,103,114234
Problem Decomposition,General,14,54,114234
open-set classification,General,14,47,114234
Spatial Interpolation,Computer Vision,14,60,54472
Table Detection,Computer Vision,14,58,54472
Data Free Quantization,General,14,37,114234
Graph Sampling,Computer Vision,14,101,54472
Compiler Optimization,General,14,45,114234
Key Information Extraction,Natural Language Processing,14,73,40996
Deblurring,Graphs,14,998,12318
Table Recognition,General,14,49,114234
Binary Classification,Reinforcement Learning,14,2563,6988
Traveling Salesman Problem,Graphs,14,253,12318
Traffic Prediction,Reinforcement Learning,14,375,6988
Pansharpening,General,14,78,114234
Video Generation,Graphs,14,1461,12318
Weather Forecasting,Graphs,14,418,12318
Audio captioning,Computer Vision,14,118,54472
Music Classification,General,14,52,114234
Speech Emotion Recognition,Graphs,14,429,12318
Unsupervised Anomaly Detection,Graphs,14,506,12318
Physics-informed machine learning,Computer Vision,14,192,54472
Few-shot NER,General,14,61,114234
Persuasiveness,General,14,96,114234
Learning-To-Rank,Graphs,14,748,12318
3D Part Segmentation,Natural Language Processing,14,98,40996
Dialogue Understanding,General,14,77,114234
State Estimation,Graphs,14,1067,12318
Data Integration,Graphs,14,430,12318
3D Object Tracking,General,14,66,114234
Meme Classification,General,14,59,114234
energy trading,General,14,100,114234
Model Optimization,Graphs,14,379,12318
UIE,Computer Vision,14,56,54472
Genre classification,Natural Language Processing,14,130,40996
intent-classification,Computer Vision,14,332,54472
Intent Classification,Computer Vision,14,342,54472
Visual Entailment,General,14,55,114234
Semi-Supervised Object Detection,Computer Vision,14,114,54472
COVID-19 Diagnosis,Natural Language Processing,14,210,40996
Video Instance Segmentation,Natural Language Processing,14,147,40996
Occluded Person Re-Identification,General,14,46,114234
Code Completion,Computer Vision,14,212,54472
Quantitative MRI,Computer Vision,14,53,54472
Point Tracking,Natural Language Processing,14,151,40996
Multimodal Sentiment Analysis,Graphs,14,200,12318
Video Grounding,Natural Language Processing,14,114,40996
MULTI-VIEW LEARNING,Natural Language Processing,14,253,40996
document understanding,Graphs,14,307,12318
Hyperspectral Image Super-Resolution,General,14,52,114234
Speech-to-Speech Translation,General,14,117,114234
Multi-class Anomaly Detection,General,14,39,114234
Small Object Detection,Natural Language Processing,14,151,40996
3D Instance Segmentation,Natural Language Processing,14,153,40996
Network Intrusion Detection,Natural Language Processing,14,261,40996
BEV Segmentation,General,14,43,114234
Text based Person Retrieval,Computer Vision,14,49,54472
Visual Storytelling,Computer Vision,14,112,54472
3D visual grounding,Computer Vision,14,82,54472
Brain Tumor Classification,Computer Vision,14,52,54472
3D scene Editing,General,14,46,114234
Skin Lesion Classification,Natural Language Processing,14,129,40996
Formal Logic,General,14,72,114234
Algorithmic Trading,Natural Language Processing,14,95,40996
Object Hallucination,Natural Language Processing,14,71,40996
4D reconstruction,Computer Vision,14,78,54472
Text Segmentation,Computer Vision,13,124,54472
Thompson Sampling,Reinforcement Learning,13,652,6988
10-shot image generation,General,13,29,114234
Atari Games,Sequential,13,621,6593
Montezuma's Revenge,Reinforcement Learning,13,60,6988
Keypoint Detection,Graphs,13,339,12318
Memorization,Sequential,13,1078,6593
Cell Tracking,Computer Vision,13,74,54472
Distributional Reinforcement Learning,Computer Vision,13,137,54472
Person Identification,Computer Vision,13,106,54472
Graph Similarity,General,13,111,114234
Steganalysis,Computer Vision,13,96,54472
Relation Classification,Sequential,13,439,6593
Head Pose Estimation,Computer Vision,13,129,54472
Object Tracking,Sequential,13,1960,6593
Dense Video Captioning,General,13,75,114234
Matrix Completion,Computer Vision,13,792,54472
Temporal Localization,Computer Vision,13,153,54472
Color Image Denoising,Computer Vision,13,51,54472
Cross-corpus,General,13,81,114234
Conversational Response Selection,General,13,44,114234
Conversational Response Selection,Natural Language Processing,13,44,40996
Camera Localization,General,13,116,114234
Video Object Tracking,Computer Vision,13,98,54472
Missing Values,Sequential,13,801,6593
Sensitivity,Sequential,13,2008,6593
Few-Shot 3D Point Cloud Classification,General,13,31,114234
3D Shape Classification,Computer Vision,13,82,54472
Face Clustering,General,13,62,114234
Subgroup Discovery,General,13,47,114234
Image Stylization,General,13,64,114234
Relation Prediction,Computer Vision,13,184,54472
Sentence Summarization,General,13,43,114234
Multi Focus Image Fusion,General,13,42,114234
Speech Enhancement,Audio,13,980,488
Entity Retrieval,General,13,56,114234
Descriptive,Sequential,13,1475,6593
Reranking,Sequential,13,580,6593
Mixture-of-Experts,Sequential,13,1305,6593
Audio Synthesis,Sequential,13,127,6593
Relation Prediction,Graphs,13,184,12318
Survey,Sequential,13,4076,6593
Deep Hashing,General,13,149,114234
Load Forecasting,Computer Vision,13,235,54472
Sequential Pattern Mining,General,13,39,114234
Phrase Grounding,Computer Vision,13,88,54472
Aspect-Based Sentiment Analysis,Computer Vision,13,425,54472
Robot Navigation,Graphs,13,542,12318
Image Categorization,Computer Vision,13,61,54472
Content-Based Image Retrieval,Computer Vision,13,195,54472
Fine-Grained Image Classification,Graphs,13,352,12318
MULTI-VIEW LEARNING,Computer Vision,13,253,54472
De-identification,Computer Vision,13,174,54472
LAMBADA,General,13,30,114234
Facial Action Unit Detection,General,13,96,114234
Stock Market Prediction,Sequential,13,104,6593
Knowledge Graph Completion,Computer Vision,13,477,54472
Satellite Image Classification,General,13,33,114234
Skin Cancer Classification,Computer Vision,13,44,54472
Reflection Removal,Computer Vision,13,81,54472
Sentence segmentation,General,13,66,114234
Open-Domain Dialog,General,13,57,114234
Task and Motion Planning,General,13,86,114234
Sentence Ordering,General,13,50,114234
Task 2,Sequential,13,569,6593
Cross-Lingual Word Embeddings,Natural Language Processing,13,103,40996
Automatic Post-Editing,Natural Language Processing,13,121,40996
Dependency Parsing,Graphs,13,1381,12318
Occlusion Handling,General,13,93,114234
Video Restoration,Natural Language Processing,13,99,40996
Video Super-Resolution,Natural Language Processing,13,281,40996
Passage Re-Ranking,General,13,32,114234
Unsupervised Machine Translation,Natural Language Processing,13,98,40996
Action Understanding,General,13,88,114234
Conditional Text Generation,Computer Vision,13,67,54472
Probabilistic Time Series Forecasting,Computer Vision,13,63,54472
Real-time Instance Segmentation,General,13,29,114234
Data Augmentation,Audio,13,8321,488
Semantic Parsing,Graphs,13,1176,12318
Infrared And Visible Image Fusion,Computer Vision,13,83,54472
Natural Language Queries,Graphs,13,335,12318
domain classification,Natural Language Processing,13,159,40996
Temporal Relation Extraction,Natural Language Processing,13,88,40996
Graph Reconstruction,Natural Language Processing,13,88,40996
Stock Prediction,Sequential,13,102,6593
Geophysics,General,13,76,114234
Diabetic Retinopathy Grading,General,13,44,114234
de-en,Natural Language Processing,13,78,40996
Image Quality Assessment,Graphs,13,732,12318
Lung Nodule Detection,General,13,59,114234
Road Damage Detection,General,13,27,114234
Social Navigation,General,13,69,114234
Form,Reinforcement Learning,13,1610,6988
Brain Decoding,Natural Language Processing,13,118,40996
Goal-Oriented Dialogue Systems,General,13,45,114234
Self-Driving Cars,Reinforcement Learning,13,514,6988
Open-Domain Question Answering,Graphs,13,478,12318
Image Registration,Graphs,13,951,12318
Relation Network,Natural Language Processing,13,123,40996
Single-Source Domain Generalization,General,13,48,114234
Model extraction,Natural Language Processing,13,174,40996
Logical Fallacies,General,13,34,114234
Entity Retrieval,Natural Language Processing,13,56,40996
Instrument Recognition,General,13,39,114234
Feature Importance,Graphs,13,889,12318
Trajectory Modeling,General,13,45,114234
Malware Detection,Graphs,13,431,12318
Superpixels,Graphs,13,371,12318
Change detection for remote sensing images,Computer Vision,13,30,54472
Hyperspectral Image Denoising,Computer Vision,13,54,54472
Recipe Generation,General,13,40,114234
Crop Yield Prediction,General,13,48,114234
Text Detection,Graphs,13,592,12318
Precipitation Forecasting,Computer Vision,13,36,54472
Code Summarization,Graphs,13,160,12318
Keyphrase Generation,Natural Language Processing,13,77,40996
Handwriting Recognition,Natural Language Processing,13,171,40996
Image Relighting,Computer Vision,13,58,54472
Hand Pose Estimation,Graphs,13,260,12318
Knowledge Tracing,Graphs,13,214,12318
Knowledge Probing,Natural Language Processing,13,44,40996
Highlight Detection,Computer Vision,13,77,54472
Normalising Flows,General,13,49,114234
Self-Supervised Action Recognition,Graphs,13,51,12318
Numerical Integration,Computer Vision,13,242,54472
Stock Prediction,Natural Language Processing,13,102,40996
Spam detection,Natural Language Processing,13,117,40996
Image-Variation,Computer Vision,13,24,54472
Aspect Sentiment Triplet Extraction,Natural Language Processing,13,52,40996
ListOps,General,13,22,114234
Video Grounding,Graphs,13,114,12318
Cloud Removal,General,13,56,114234
Alzheimer's Disease Detection,Computer Vision,13,61,54472
Memorization,Graphs,13,1078,12318
Colorization,Natural Language Processing,13,367,40996
Few-Shot action recognition,Computer Vision,13,70,54472
Few Shot Action Recognition,Computer Vision,13,76,54472
Traveling Salesman Problem,Natural Language Processing,13,253,40996
Hyperspectral Image Denoising,General,13,54,114234
Entity Alignment,Computer Vision,13,187,54472
Transparent objects,Computer Vision,13,117,54472
Face Image Quality Assessment,General,13,44,114234
Relation,Reinforcement Learning,13,3452,6988
CARLA longest6,Reinforcement Learning,13,15,6988
Simultaneous Localization and Mapping,Natural Language Processing,13,571,40996
Zero-Shot Text-to-Image Generation,Computer Vision,13,16,54472
Image Defocus Deblurring,General,13,35,114234
Policy Gradient Methods,Natural Language Processing,13,381,40996
Task-Oriented Dialogue Systems,Graphs,13,300,12318
Land Cover Classification,Natural Language Processing,13,151,40996
Scanpath prediction,General,13,34,114234
AudioCaps,Natural Language Processing,13,64,40996
Cross-Lingual Transfer,Graphs,13,750,12318
Passage Retrieval,Graphs,13,261,12318
Vertical Federated Learning,Natural Language Processing,13,194,40996
Multi-Agent Path Finding,General,13,140,114234
Sound Event Detection,Natural Language Processing,13,194,40996
Multi-Objective Reinforcement Learning,Computer Vision,13,143,54472
Camera Calibration,Natural Language Processing,13,342,40996
Learning with noisy labels,Graphs,13,248,12318
Point Cloud Completion,Natural Language Processing,13,174,40996
UIE,Natural Language Processing,13,56,40996
Age Estimation,Natural Language Processing,13,251,40996
Document AI,General,13,40,114234
Document AI,Natural Language Processing,13,40,40996
Novel Class Discovery,General,13,65,114234
Text-to-Image Generation,Reinforcement Learning,13,1081,6988
Zero-Shot Video Question Answer,Natural Language Processing,13,85,40996
Image Shadow Removal,Computer Vision,13,38,54472
Exemplar-Free,General,13,72,114234
Mixed Reality,Natural Language Processing,13,230,40996
Diffusion Personalization,Computer Vision,13,19,54472
Saliency Prediction,Natural Language Processing,13,265,40996
Chunking,Computer Vision,13,444,54472
Multimodal Recommendation,General,13,59,114234
text-guided-generation,Computer Vision,13,21,54472
Persuasiveness,Natural Language Processing,13,96,40996
Robotic Grasping,Natural Language Processing,13,246,40996
Chart Understanding,General,13,47,114234
Novelty Detection,Natural Language Processing,13,249,40996
Zero Shot Segmentation,Natural Language Processing,13,133,40996
Image Animation,Natural Language Processing,13,94,40996
Infrared And Visible Image Fusion,Natural Language Processing,13,83,40996
Script Generation,Natural Language Processing,13,43,40996
Decision Making Under Uncertainty,Natural Language Processing,13,263,40996
Online Multi-Object Tracking,General,12,56,114234
Stance Detection,Sequential,12,340,6593
Chunking,Sequential,12,444,6593
Distributed Computing,Computer Vision,12,377,54472
Data Summarization,General,12,95,114234
blind source separation,Computer Vision,12,211,54472
Hyperspectral Unmixing,Computer Vision,12,113,54472
Graph-to-Sequence,General,12,48,114234
Code Repair,General,12,38,114234
motion prediction,Sequential,12,592,6593
Anatomical Landmark Detection,General,12,29,114234
AMR-to-Text Generation,General,12,35,114234
Facial Expression Recognition (FER),Graphs,12,492,12318
Cloud Detection,Computer Vision,12,72,54472
ICU Admission,General,12,43,114234
3D Shape Classification,General,12,82,114234
Future prediction,Computer Vision,12,151,54472
Lip Reading,Sequential,12,152,6593
Robust Face Recognition,Computer Vision,12,94,54472
Unsupervised Monocular Depth Estimation,General,12,59,114234
Vocal Bursts Valence Prediction,Reinforcement Learning,12,1154,6988
Unsupervised Image Classification,General,12,45,114234
Multi-Label Text Classification,Computer Vision,12,170,54472
L2 Regularization,Computer Vision,12,127,54472
Chemical Process,General,12,58,114234
Knowledge Graph Embeddings,Computer Vision,12,269,54472
Game of Go,General,12,62,114234
Dichotomous Image Segmentation,General,12,28,114234
Unsupervised Image Segmentation,Computer Vision,12,61,54472
Feature Engineering,Reinforcement Learning,12,1698,6988
Distributional Reinforcement Learning,Reinforcement Learning,12,137,6988
quantile regression,Reinforcement Learning,12,420,6988
Density Estimation,Sequential,12,1384,6593
slot-filling,Sequential,12,357,6593
Common Sense Reasoning,Sequential,12,929,6593
Environmental Sound Classification,Computer Vision,12,45,54472
Negation,Sequential,12,600,6593
Human Pose Forecasting,Computer Vision,12,58,54472
Android Malware Detection,General,12,76,114234
Object Categorization,Computer Vision,12,80,54472
Lipreading,Computer Vision,12,102,54472
Symbolic Regression,Computer Vision,12,418,54472
Sentence Classification,Computer Vision,12,300,54472
Entity Linking,Sequential,12,725,6593
Rotated MNIST,Computer Vision,12,40,54472
ICU Mortality,General,12,33,114234
Unsupervised Image Segmentation,General,12,61,114234
Head Detection,Computer Vision,12,49,54472
Speech Denoising,Computer Vision,12,64,54472
Video Style Transfer,General,12,35,114234
Iris Segmentation,Computer Vision,12,37,54472
LAMBADA,Natural Language Processing,12,30,40996
Video-Based Person Re-Identification,Computer Vision,12,117,54472
Aggression Identification,General,12,27,114234
Binary text classification,General,12,20,114234
Talking Head Generation,Natural Language Processing,12,119,40996
Image Forensics,General,12,108,114234
Gaussian Processes,Graphs,12,1955,12318
Cross-Lingual Natural Language Inference,General,12,30,114234
Precipitation Forecasting,General,12,36,114234
Model Selection,Reinforcement Learning,12,2047,6988
Graph Similarity,Graphs,12,111,12318
Action Segmentation,Graphs,12,217,12318
Topic Models,Graphs,12,875,12318
Discourse Parsing,General,12,188,114234
Inductive Bias,Reinforcement Learning,12,1518,6988
Passage Re-Ranking,Natural Language Processing,12,32,40996
Camouflaged Object Segmentation,General,12,47,114234
Representation Learning,Audio,12,10527,488
User Identification,General,12,76,114234
Atrial Fibrillation Detection,General,12,43,114234
Real-time Instance Segmentation,Computer Vision,12,29,54472
Rumour Detection,Natural Language Processing,12,96,40996
Semi-Supervised Text Classification,General,12,39,114234
State Estimation,Reinforcement Learning,12,1067,6988
Adversarial Attack,Sequential,12,1799,6593
Generative Question Answering,Natural Language Processing,12,43,40996
Region Proposal,Graphs,12,371,12318
Grasp Generation,Computer Vision,12,51,54472
Auxiliary Learning,Computer Vision,12,100,54472
Video Summarization,Natural Language Processing,12,277,40996
Continual Learning,Sequential,12,2629,6593
Fairness,Sequential,12,5656,6593
Hierarchical Multi-label Classification,General,12,47,114234
Dialect Identification,Natural Language Processing,12,189,40996
Machine Reading Comprehension,Graphs,12,541,12318
Punctuation Restoration,Natural Language Processing,12,51,40996
Image-to-Text Retrieval,Natural Language Processing,12,58,40996
Semantic Compression,Computer Vision,12,60,54472
Hard Attention,Natural Language Processing,12,99,40996
Emotion Classification,Graphs,12,453,12318
Deception Detection,Natural Language Processing,12,120,40996
Snow Removal,General,12,28,114234
Change detection for remote sensing images,General,12,30,114234
Document Level Machine Translation,Natural Language Processing,12,55,40996
Dictionary Learning,Natural Language Processing,12,821,40996
Speaker Identification,Computer Vision,12,247,54472
Stochastic Block Model,Computer Vision,12,369,54472
Model Selection,Sequential,12,2047,6593
Shadow Detection,Computer Vision,12,79,54472
Shadow Detection,General,12,79,114234
Malware Analysis,Natural Language Processing,12,89,40996
Brain Computer Interface,Sequential,12,465,6593
Unsupervised Person Re-Identification,General,12,107,114234
Multi-modal Recommendation,General,12,30,114234
Universal Domain Adaptation,General,12,55,114234
SMAC,Reinforcement Learning,12,121,6988
Surgical phase recognition,Computer Vision,12,69,54472
AMR Parsing,Natural Language Processing,12,113,40996
3D Pose Estimation,Graphs,12,379,12318
Opinion Summarization,Natural Language Processing,12,71,40996
Bias Detection,Computer Vision,12,197,54472
text similarity,Graphs,12,268,12318
Vulnerability Detection,Graphs,12,216,12318
Misconceptions,Computer Vision,12,161,54472
Reranking,Graphs,12,580,12318
Activity Detection,Natural Language Processing,12,378,40996
Video Panoptic Segmentation,Computer Vision,12,42,54472
vehicle detection,Reinforcement Learning,12,248,6988
Demand Forecasting,Reinforcement Learning,12,212,6988
QNLI,General,12,19,114234
Multiple-choice,Graphs,12,1097,12318
MRPC,Natural Language Processing,12,29,40996
Event Argument Extraction,General,12,71,114234
Efficient Neural Network,Natural Language Processing,12,223,40996
3D Single Object Tracking,General,12,43,114234
Speech Separation,Audio,12,359,488
Relation Classification,Graphs,12,439,12318
Single Image Deraining,Natural Language Processing,12,94,40996
Electrical Engineering,General,12,53,114234
Zero-Shot Text Classification,General,12,47,114234
Face Image Quality,Computer Vision,12,53,54472
parameter estimation,Graphs,12,1715,12318
Text to Video Retrieval,Computer Vision,12,75,54472
Monocular Depth Estimation,Graphs,12,875,12318
Zero-shot Generalization,Graphs,12,567,12318
Lexical Complexity Prediction,General,12,43,114234
Lexical Complexity Prediction,Natural Language Processing,12,43,40996
CARLA longest6,General,12,15,114234
Robust classification,Natural Language Processing,12,295,40996
Video Style Transfer,Computer Vision,12,35,54472
C++ code,Natural Language Processing,12,91,40996
Continual Semantic Segmentation,General,12,34,114234
Feature Compression,Computer Vision,12,96,54472
Stance Detection,Graphs,12,340,12318
Dynamic Facial Expression Recognition,Natural Language Processing,12,40,40996
Temporal Action Segmentation,General,12,61,114234
Pose Prediction,Natural Language Processing,12,163,40996
Human Animation,General,12,41,114234
Spectral Reconstruction,Natural Language Processing,12,72,40996
CT Reconstruction,Natural Language Processing,12,235,40996
Open Vocabulary Panoptic Segmentation,Computer Vision,12,17,54472
Token Reduction,Computer Vision,12,78,54472
Weakly-Supervised Object Localization,Natural Language Processing,12,140,40996
TAR,Computer Vision,12,111,54472
Protein Language Model,Natural Language Processing,12,73,40996
Semantic Compression,General,12,60,114234
EEG Emotion Recognition,General,12,35,114234
Text based Person Search,Computer Vision,12,37,54472
Graph structure learning,Natural Language Processing,12,132,40996
Object Counting,Natural Language Processing,12,157,40996
Drug Response Prediction,General,12,46,114234
Incomplete multi-view clustering,Graphs,12,44,12318
Zero-Shot Image Classification,Natural Language Processing,12,111,40996
Concept Alignment,Computer Vision,12,36,54472
Few-Shot Class-Incremental Learning,Computer Vision,12,118,54472
Image Comprehension,Natural Language Processing,12,49,40996
parameter-efficient fine-tuning,Graphs,12,932,12318
Chart Question Answering,Natural Language Processing,12,49,40996
Hallucination Evaluation,General,12,49,114234
Drift Detection,Natural Language Processing,12,181,40996
Prompt Engineering,Reinforcement Learning,12,1234,6988
vehicle detection,Natural Language Processing,12,248,40996
3D Semantic Occupancy Prediction,General,12,47,114234
NR-IQA,General,12,50,114234
Cross-corpus,Computer Vision,11,81,54472
Speech Dereverberation,Computer Vision,11,49,54472
Foreground Segmentation,Computer Vision,11,84,54472
Stereo Matching Hand,Computer Vision,11,162,54472
Network Pruning,Sequential,11,531,6593
Sparse Learning,Computer Vision,11,183,54472
3D Pose Estimation,Sequential,11,379,6593
Mortality Prediction,Computer Vision,11,188,54472
Multispectral Object Detection,General,11,38,114234
Value prediction,Computer Vision,11,83,54472
Multivariate Time Series Imputation,Computer Vision,11,38,54472
Gait Recognition,Graphs,11,220,12318
Structured Prediction,Sequential,11,636,6593
SMAC+,Reinforcement Learning,11,126,6988
Dynamic Reconstruction,General,11,64,114234
Caricature,General,11,37,114234
Caricature,Computer Vision,11,37,54472
Multi-Label Image Classification,Natural Language Processing,11,124,40996
Motion Detection,General,11,101,114234
Semi-supervised Anomaly Detection,General,11,76,114234
Material Classification,General,11,65,114234
Constrained Clustering,General,11,72,114234
Intent Classification and Slot Filling,General,11,33,114234
Food Recognition,General,11,48,114234
Face Parsing,General,11,63,114234
Missing Labels,Computer Vision,11,139,54472
Diabetic Retinopathy Detection,Computer Vision,11,53,54472
Meta Reinforcement Learning,Reinforcement Learning,11,276,6988
Medical Diagnosis,Graphs,11,713,12318
Session-Based Recommendations,Computer Vision,11,172,54472
Semantic Composition,General,11,110,114234
Material Recognition,General,11,65,114234
Density Ratio Estimation,Computer Vision,11,92,54472
Two-sample testing,Computer Vision,11,336,54472
Imitation Learning,Sequential,11,2115,6593
Q-Learning,Sequential,11,1912,6593
Fault Detection,Sequential,11,510,6593
Informativeness,Sequential,11,732,6593
Paraphrase Generation,Sequential,11,206,6593
Intent Detection,Sequential,11,328,6593
Image Deconvolution,General,11,78,114234
Re-Ranking,Sequential,11,735,6593
Hard Attention,Computer Vision,11,99,54472
Nested Named Entity Recognition,General,11,77,114234
Spectral Graph Clustering,General,11,30,114234
Question Similarity,General,11,62,114234
Audio Tagging,Computer Vision,11,80,54472
Iris Segmentation,General,11,37,114234
Word Embeddings,Reinforcement Learning,11,3946,6988
Face Reenactment,Natural Language Processing,11,67,40996
Synthetic-to-Real Translation,Computer Vision,11,68,54472
Line Art Colorization,General,11,12,114234
Chatbot,Reinforcement Learning,11,963,6988
Spoken Language Understanding,Computer Vision,11,547,54472
Unity,Reinforcement Learning,11,378,6988
Hand Detection,General,11,62,114234
Cross-Lingual Natural Language Inference,Natural Language Processing,11,30,40996
Mutual Information Estimation,Computer Vision,11,91,54472
Virtual Staining,General,11,42,114234
Virtual Staining,Computer Vision,11,42,54472
Comment Generation,General,11,65,114234
Visual Relationship Detection,General,11,82,114234
Self-Supervised Action Recognition,Computer Vision,11,51,54472
Layout-to-Image Generation,General,11,41,114234
Logical Reasoning,Graphs,11,738,12318
Image Shadow Removal,General,11,38,114234
Low Resource Neural Machine Translation,General,11,67,114234
Unsupervised Person Re-Identification,Computer Vision,11,107,54472
Grammatical Error Detection,General,11,100,114234
Sarcasm Detection,Computer Vision,11,260,54472
Machine Reading Comprehension,Sequential,11,541,6593
Knowledge Base Population,General,11,138,114234
Object Tracking,Reinforcement Learning,11,1960,6988
Hand Gesture Recognition,Sequential,11,198,6593
Human-Object Interaction Detection,Graphs,11,445,12318
Inductive Learning,Computer Vision,11,152,54472
Open-Ended Question Answering,Reinforcement Learning,11,787,6988
Fact Checking,Graphs,11,658,12318
3D Semantic Scene Completion,Computer Vision,11,65,54472
Board Games,Computer Vision,11,131,54472
Sentence-Pair Classification,Natural Language Processing,11,38,40996
One-shot visual object segmentation,Computer Vision,11,41,54472
Diversity,Audio,11,9013,488
Abuse Detection,Natural Language Processing,11,72,40996
De-identification,Natural Language Processing,11,174,40996
Sentence,Audio,11,10587,488
Systematic Literature Review,Computer Vision,11,337,54472
Generalizable Person Re-identification,Computer Vision,11,44,54472
Image Denoising,Graphs,11,1218,12318
Material Classification,Computer Vision,11,65,54472
Zero-shot Image Retrieval,Computer Vision,11,29,54472
Demand Forecasting,Graphs,11,212,12318
Overall - Test,General,11,33,114234
Unsupervised Object Segmentation,General,11,39,114234
Counterfactual Inference,Reinforcement Learning,11,124,6988
Multilingual text classification,General,11,31,114234
Word Translation,Natural Language Processing,11,123,40996
Fine-Grained Image Recognition,Computer Vision,11,72,54472
Graph structure learning,Computer Vision,11,132,54472
Disentanglement,Sequential,11,1843,6593
Autonomous Navigation,Graphs,11,589,12318
Code Generation,Sequential,11,1694,6593
Open-Domain Question Answering,Computer Vision,11,478,54472
Word Sense Disambiguation,Computer Vision,11,1032,54472
Cardiac Segmentation,Natural Language Processing,11,88,40996
Style Transfer,Reinforcement Learning,11,1650,6988
Action Anticipation,Computer Vision,11,110,54472
Band Gap,General,11,60,114234
Data-free Knowledge Distillation,Computer Vision,11,75,54472
Text Segmentation,Natural Language Processing,11,124,40996
Vocal Bursts Type Prediction,Natural Language Processing,11,670,40996
Depth Estimation,Sequential,11,2446,6593
Morphology classification,General,11,30,114234
Video Segmentation,Graphs,11,387,12318
Sports Analytics,Computer Vision,11,97,54472
Winogrande,General,11,26,114234
Fine-Grained Visual Recognition,Natural Language Processing,11,72,40996
Video Object Detection,Natural Language Processing,11,147,40996
Zero-Shot Learning,Reinforcement Learning,11,1853,6988
3D Shape Representation,General,11,91,114234
Cross-Lingual Information Retrieval,General,11,67,114234
Blind Face Restoration,General,11,55,114234
Stochastic Block Model,Graphs,11,369,12318
Morphological Inflection,Natural Language Processing,11,133,40996
Cross-Domain Few-Shot,Graphs,11,141,12318
severity prediction,Computer Vision,11,67,54472
Scene Flow Estimation,Computer Vision,11,150,54472
Multi-Armed Bandits,Reinforcement Learning,11,1260,6988
PICO,Natural Language Processing,11,68,40996
Music Tagging,General,11,35,114234
Graph Mining,Natural Language Processing,11,174,40996
Ensemble Learning,Graphs,11,1203,12318
Density Estimation,Graphs,11,1384,12318
Sequential Decision Making,Graphs,11,1204,12318
Breast Cancer Detection,Natural Language Processing,11,126,40996
Graph Learning,Sequential,11,1567,6593
Probabilistic Time Series Forecasting,General,11,63,114234
Bandwidth Extension,General,11,50,114234
Online Action Detection,General,11,39,114234
Equation Discovery,Computer Vision,11,65,54472
Text Clustering,Natural Language Processing,11,121,40996
Multi Label Text Classification,Graphs,11,135,12318
Multi-Label Text Classification,Graphs,11,170,12318
Video Object Tracking,Natural Language Processing,11,98,40996
Text Augmentation,Computer Vision,11,96,54472
Portfolio Optimization,Natural Language Processing,11,428,40996
Audio Compression,General,11,42,114234
Image Dehazing,Graphs,11,294,12318
Zero-Shot Cross-Modal Retrieval,Computer Vision,11,26,54472
Self-Knowledge Distillation,Computer Vision,11,68,54472
Image Augmentation,Graphs,11,308,12318
Sign Language Recognition,Graphs,11,297,12318
Bilevel Optimization,Graphs,11,422,12318
Fault localization,Computer Vision,11,79,54472
Sound Classification,Natural Language Processing,11,146,40996
Monocular 3D Human Pose Estimation,Natural Language Processing,11,101,40996
Network Intrusion Detection,Graphs,11,261,12318
Zero-Shot Instance Segmentation,Computer Vision,11,13,54472
Text to Video Retrieval,Natural Language Processing,11,75,40996
ERP,Natural Language Processing,11,150,40996
Graph Property Prediction,Natural Language Processing,11,56,40996
Facial Editing,Computer Vision,11,29,54472
Code Repair,Natural Language Processing,11,38,40996
Vision-Language Navigation,Computer Vision,11,80,54472
tabular-regression,General,11,19,114234
intent-classification,Graphs,11,332,12318
Intent Classification,Graphs,11,342,12318
Demand Forecasting,Natural Language Processing,11,212,40996
Domain Generalization,Reinforcement Learning,11,1744,6988
Edge Classification,Natural Language Processing,11,56,40996
Image Reconstruction,Reinforcement Learning,11,2139,6988
Feature Correlation,Natural Language Processing,11,123,40996
Volumetric Medical Image Segmentation,Natural Language Processing,11,58,40996
Sound Source Localization,General,11,104,114234
Point Cloud Registration,Graphs,11,444,12318
World Knowledge,Reinforcement Learning,11,809,6988
Audio inpainting,General,11,19,114234
Homography Estimation,Computer Vision,11,134,54472
Generalized Few-Shot Semantic Segmentation,General,11,13,114234
Temporal Sentence Grounding,General,11,43,114234
MRI segmentation,Natural Language Processing,11,177,40996
Video Frame Interpolation,Natural Language Processing,11,204,40996
Traffic Classification,Natural Language Processing,11,110,40996
Compositional Zero-Shot Learning,Computer Vision,11,65,54472
Object Discovery,Natural Language Processing,11,209,40996
Hippocampus,Natural Language Processing,11,299,40996
Spoken Language Understanding,Graphs,11,547,12318
NavSim,General,11,26,114234
Ontology Embedding,General,11,18,114234
Universal Domain Adaptation,Computer Vision,11,55,54472
Meta Reinforcement Learning,Natural Language Processing,11,276,40996
Human Pose Forecasting,General,11,58,114234
Zero-Shot Image Classification,Graphs,11,111,12318
Anomaly Localization,Natural Language Processing,11,101,40996
Graph Anomaly Detection,General,11,86,114234
Dataset Condensation,General,11,56,114234
Stochastic Block Model,Natural Language Processing,11,369,40996
State Space Models,Graphs,11,923,12318
Human Mesh Recovery,Natural Language Processing,11,109,40996
Open World Object Detection,General,11,50,114234
global-optimization,Natural Language Processing,11,657,40996
Few-Shot action recognition,Natural Language Processing,11,70,40996
Few Shot Action Recognition,Natural Language Processing,11,76,40996
Few-Shot Class-Incremental Learning,Natural Language Processing,11,118,40996
Chart Understanding,Natural Language Processing,11,47,40996
Pedestrian Attribute Recognition,Natural Language Processing,11,56,40996
Depth Completion,Natural Language Processing,11,242,40996
Multimodal Recommendation,Natural Language Processing,11,59,40996
MMLU,Computer Vision,11,340,54472
Age And Gender Classification,General,10,34,114234
One-Shot Segmentation,General,10,35,114234
Form,Sequential,10,1610,6593
Open-Ended Question Answering,Sequential,10,787,6593
parameter estimation,Sequential,10,1715,6593
Gaussian Processes,Sequential,10,1955,6593
Common Sense Reasoning,Reinforcement Learning,10,929,6988
Learning Theory,Reinforcement Learning,10,850,6988
Animal Pose Estimation,Computer Vision,10,48,54472
Variational Inference,Reinforcement Learning,10,2264,6988
Coreference Resolution,Sequential,10,869,6593
Object Proposal Generation,General,10,54,114234
Clinical Concept Extraction,General,10,23,114234
Acoustic Modelling,General,10,48,114234
Person Re-Identification,Sequential,10,1486,6593
Handwriting generation,General,10,20,114234
Montezuma's Revenge,General,10,60,114234
Intrusion Detection,Reinforcement Learning,10,800,6988
Music Modeling,Sequential,10,34,6593
Pedestrian Trajectory Prediction,Sequential,10,121,6593
Music Generation,Audio,10,386,488
Video Recognition,Sequential,10,306,6593
Unsupervised Image Classification,Computer Vision,10,45,54472
Object Proposal Generation,Computer Vision,10,54,54472
Time Series Regression,Sequential,10,81,6593
Lesion Segmentation,Graphs,10,639,12318
Blind Image Quality Assessment,Computer Vision,10,46,54472
Visual Speech Recognition,Computer Vision,10,182,54472
Face Verification,Graphs,10,359,12318
Student dropout,General,10,14,114234
Triple Classification,General,10,45,114234
Aspect-Based Sentiment Analysis (ABSA),Computer Vision,10,465,54472
Computer Security,General,10,66,114234
One-class classifier,General,10,82,114234
Video Saliency Detection,Computer Vision,10,36,54472
Semi-supervised Anomaly Detection,Computer Vision,10,76,54472
Video Polyp Segmentation,Computer Vision,10,25,54472
10-shot image generation,Computer Vision,10,29,54472
3D Shape Recognition,Computer Vision,10,35,54472
Multiple Sequence Alignment,General,10,54,114234
Zero-shot Generalization,Reinforcement Learning,10,567,6988
Sentence Embedding,Sequential,10,399,6593
Argument Mining,Reinforcement Learning,10,283,6988
Hand Detection,Computer Vision,10,62,54472
Stochastic Optimization,Graphs,10,1378,12318
3D Reconstruction,Reinforcement Learning,10,2316,6988
Ischemic Stroke Lesion Segmentation,General,10,23,114234
Robot Task Planning,General,10,48,114234
Relationship Detection,General,10,86,114234
Negation Detection,General,10,54,114234
Denoising,Audio,10,7256,488
Aggression Identification,Natural Language Processing,10,27,40996
Misinformation,Sequential,10,1274,6593
Video Salient Object Detection,Computer Vision,10,48,54472
Spectral Reconstruction,Computer Vision,10,72,54472
Hand-Gesture Recognition,Sequential,10,187,6593
Music Recommendation,Natural Language Processing,10,118,40996
Landmark Tracking,General,10,24,114234
Acoustic Unit Discovery,General,10,25,114234
Unsupervised Object Segmentation,Computer Vision,10,39,54472
Symbolic Regression,Reinforcement Learning,10,418,6988
Question Generation,Graphs,10,648,12318
Edge Classification,Graphs,10,56,12318
Retrieval,Audio,10,14207,488
Grapheme-to-Phoneme Conversion,Natural Language Processing,10,61,40996
Intent Discovery,General,10,42,114234
Question Similarity,Natural Language Processing,10,62,40996
Time Series Prediction,Graphs,10,475,12318
Sign Language Recognition,Sequential,10,297,6593
Text Style Transfer,Computer Vision,10,179,54472
Zero-Shot Semantic Segmentation,General,10,60,114234
Disentanglement,Reinforcement Learning,10,1843,6988
Zero-Shot Learning,Sequential,10,1853,6593
Stance Classification,Natural Language Processing,10,101,40996
LEMMA,Sequential,10,624,6593
Deformable Medical Image Registration,General,10,37,114234
Voice Cloning,Audio,10,112,488
Bilingual Lexicon Induction,Natural Language Processing,10,103,40996
Document Image Classification,Natural Language Processing,10,50,40996
Sentence Fusion,General,10,35,114234
Object Discovery,Graphs,10,209,12318
General Knowledge,Graphs,10,396,12318
Visual Navigation,Reinforcement Learning,10,314,6988
6D Pose Estimation using RGB,Natural Language Processing,10,232,40996
Joint Entity and Relation Extraction,Natural Language Processing,10,85,40996
3D Architecture,Computer Vision,10,23,54472
Person Search,Natural Language Processing,10,138,40996
Building change detection for remote sensing images,General,10,22,114234
Blood pressure estimation,General,10,29,114234
Learning Semantic Representations,General,10,38,114234
Hardware Aware Neural Architecture Search,General,10,37,114234
dialog state tracking,Natural Language Processing,10,107,40996
MULTI-VIEW LEARNING,Graphs,10,253,12318
Polyphone disambiguation,General,10,15,114234
Ensemble Learning,Reinforcement Learning,10,1203,6988
3D Action Recognition,Computer Vision,10,91,54472
Depression Detection,Computer Vision,10,157,54472
Image Steganography,General,10,73,114234
Sentence Ordering,Natural Language Processing,10,50,40996
Layout Design,Natural Language Processing,10,65,40996
Video Description,Natural Language Processing,10,103,40996
Trajectory Modeling,Natural Language Processing,10,45,40996
Table Retrieval,General,10,27,114234
Anomaly Detection In Surveillance Videos,Computer Vision,10,65,54472
Descriptive,Reinforcement Learning,10,1475,6988
Point Cloud Segmentation,Graphs,10,271,12318
Learning-To-Rank,Reinforcement Learning,10,748,6988
Fault Diagnosis,Sequential,10,375,6593
3D Face Animation,Computer Vision,10,34,54472
Supervised Anomaly Detection,Graphs,10,155,12318
Missing Labels,Natural Language Processing,10,139,40996
Recipe Generation,Natural Language Processing,10,40,40996
Clustering,Audio,10,10681,488
medical image detection,Computer Vision,10,20,54472
Parameter Prediction,General,10,51,114234
Document-level Relation Extraction,Natural Language Processing,10,105,40996
Model extraction,Computer Vision,10,174,54472
Pharmacovigilance,Natural Language Processing,10,56,40996
Meta Reinforcement Learning,Computer Vision,10,276,54472
Multi-domain Dialogue State Tracking,Natural Language Processing,10,49,40996
Audio-Visual Speech Recognition,Natural Language Processing,10,100,40996
Pedestrian Trajectory Prediction,Natural Language Processing,10,121,40996
Skull Stripping,General,10,39,114234
speaker-diarization,Computer Vision,10,310,54472
Speaker Diarization,Computer Vision,10,324,54472
Motion Segmentation,Computer Vision,10,212,54472
3D Multi-Object Tracking,Computer Vision,10,101,54472
Column Type Annotation,General,10,34,114234
3D Place Recognition,General,10,27,114234
Vector Graphics,Natural Language Processing,10,88,40996
Toxic Comment Classification,Natural Language Processing,10,28,40996
Alzheimer's Disease Detection,Natural Language Processing,10,61,40996
Video Recognition,Graphs,10,306,12318
Semi-Supervised Image Classification,Graphs,10,167,12318
Semi-supervised Domain Adaptation,Graphs,10,133,12318
Sign Language Production,Computer Vision,10,40,54472
NR-IQA,Computer Vision,10,50,54472
Clinical Knowledge,Graphs,10,133,12318
Ingenuity,General,10,46,114234
Building change detection for remote sensing images,Computer Vision,10,22,54472
Visual Localization,Graphs,10,401,12318
Change Point Detection,Computer Vision,10,285,54472
SQL Parsing,General,10,49,114234
QNLI,Natural Language Processing,10,19,40996
Event Argument Extraction,Natural Language Processing,10,71,40996
Distractor Generation,General,10,40,114234
Distractor Generation,Natural Language Processing,10,40,40996
Privacy Preserving,Sequential,10,2970,6593
Speaker Verification,Audio,10,744,488
text-to-speech,Graphs,10,1409,12318
Text to Speech,Graphs,10,1415,12318
Building Damage Assessment,Computer Vision,10,32,54472
Synthetic Speech Detection,General,10,29,114234
ListOps,Natural Language Processing,10,22,40996
Natural Language Moment Retrieval,Computer Vision,10,22,54472
Temporal Localization,Graphs,10,153,12318
Color Image Denoising,Natural Language Processing,10,51,40996
Intelligent Communication,General,10,29,114234
Face Generation,Graphs,10,380,12318
Efficient ViTs,Computer Vision,10,32,54472
Meme Classification,Natural Language Processing,10,59,40996
Zero-Shot Text Classification,Natural Language Processing,10,47,40996
Selection bias,Graphs,10,365,12318
Music Emotion Recognition,General,10,35,114234
Few-Shot action recognition,Graphs,10,70,12318
Few Shot Action Recognition,Graphs,10,76,12318
Discrete Choice Models,General,10,103,114234
Zero-Shot Transfer Image Classification,Computer Vision,10,19,54472
Misinformation,Reinforcement Learning,10,1274,6988
Protein Function Prediction,Graphs,10,79,12318
Camera Pose Estimation,Natural Language Processing,10,301,40996
Audio Tagging,Natural Language Processing,10,80,40996
Vision-Language Navigation,General,10,80,114234
Target Speaker Extraction,General,10,55,114234
Zero-Shot Video Retrieval,Computer Vision,10,40,54472
Snow Removal,Computer Vision,10,28,54472
Copy Detection,Computer Vision,10,47,54472
Face Anti-Spoofing,Graphs,10,204,12318
Explainable Recommendation,Natural Language Processing,10,94,40996
Semi-Supervised Video Object Segmentation,Natural Language Processing,10,146,40996
Image Defocus Deblurring,Computer Vision,10,35,54472
Quantitative MRI,General,10,53,114234
3D Anomaly Detection,General,10,36,114234
Pretrained Multilingual Language Models,General,10,23,114234
Novel Class Discovery,Graphs,10,65,12318
Voice Cloning,Natural Language Processing,10,112,40996
Ethics,Graphs,10,829,12318
Instruction Following,Graphs,10,1133,12318
Fault localization,Natural Language Processing,10,79,40996
Person Retrieval,Natural Language Processing,10,67,40996
Genre classification,Computer Vision,10,130,54472
Scene Classification,Graphs,10,452,12318
Clone Detection,Graphs,10,68,12318
Monocular 3D Object Detection,Natural Language Processing,10,187,40996
Table Detection,Natural Language Processing,10,58,40996
Visual Navigation,Graphs,10,314,12318
Video Panoptic Segmentation,General,10,42,114234
Lung Nodule Detection,Computer Vision,10,59,54472
Molecular Docking,Natural Language Processing,10,128,40996
Safe Reinforcement Learning,Computer Vision,10,306,54472
Time Series Forecasting,Reinforcement Learning,10,1604,6988
Vision and Language Navigation,Graphs,10,219,12318
Sarcasm Detection,Graphs,10,260,12318
Compressive Sensing,Natural Language Processing,10,594,40996
Video Anomaly Detection,Graphs,10,262,12318
Philosophy,Graphs,10,753,12318
Novel Concepts,Natural Language Processing,10,158,40996
Open World Object Detection,Computer Vision,10,50,54472
Movie Recommendation,Natural Language Processing,10,111,40996
Complex Query Answering,General,10,33,114234
Image to text,Graphs,10,245,12318
Unsupervised Semantic Segmentation with Language-image Pre-training,Computer Vision,10,14,54472
Zero-shot 3D classification,Computer Vision,10,16,54472
Zero-shot 3D Point Cloud Classification,Computer Vision,10,13,54472
2D Human Pose Estimation,Natural Language Processing,10,118,40996
3D dense captioning,General,10,25,114234
Robot Manipulation Generalization,Computer Vision,10,19,54472
Event-based vision,Natural Language Processing,10,144,40996
Learning with noisy labels,Natural Language Processing,10,248,40996
Hybrid Machine Learning,Sequential,10,103,6593
nlg evaluation,General,10,68,114234
Stereo Image Super-Resolution,Computer Vision,10,24,54472
Object Rearrangement,General,10,63,114234
Travel Time Estimation,General,10,55,114234
Flare Removal,Computer Vision,10,24,54472
quantile regression,Natural Language Processing,10,420,40996
Text-to-Music Generation,General,10,37,114234
Event-based vision,Computer Vision,10,144,54472
Remote Sensing Image Classification,Natural Language Processing,10,93,40996
Action Understanding,Natural Language Processing,10,88,40996
LLM-generated Text Detection,Natural Language Processing,10,22,40996
Formal Logic,Natural Language Processing,10,72,40996
In-Context Reinforcement Learning,General,10,33,114234
Safety Alignment,Reinforcement Learning,10,288,6988
Multimodal Large Language Model,Graphs,10,346,12318
Robust Speech Recognition,Computer Vision,9,96,54472
Age Classification,General,9,29,114234
Disease Prediction,Sequential,9,260,6593
One-Shot Segmentation,Computer Vision,9,35,54472
Reading Comprehension,Reinforcement Learning,9,1732,6988
Sequence-To-Sequence Speech Recognition,General,9,22,114234
Informativeness,Reinforcement Learning,9,732,6988
Skin Cancer Segmentation,General,9,13,114234
Skin Cancer Segmentation,Computer Vision,9,13,54472
Domain Generalization,Sequential,9,1744,6593
AI Agent,Reinforcement Learning,9,391,6988
Unsupervised Anomaly Detection,Sequential,9,506,6593
High-Level Synthesis,Computer Vision,9,96,54472
Spoken Language Understanding,Sequential,9,547,6593
Constituency Parsing,Sequential,9,199,6593
Authorship Attribution,Computer Vision,9,208,54472
Text-To-SQL,Computer Vision,9,413,54472
Single Image Deblurring,Computer Vision,9,35,54472
Histopathological Image Classification,Computer Vision,9,40,54472
Multispectral Object Detection,Computer Vision,9,38,54472
Value prediction,Reinforcement Learning,9,83,6988
X-ray Classification,Computer Vision,9,70,54472
Heterogeneous Node Classification,Graphs,9,16,12318
Breast Cancer Histology Image Classification,General,9,17,114234
Missing Elements,General,9,46,114234
Myocardium Segmentation,General,9,23,114234
Coreference Resolution,Computer Vision,9,869,54472
Few-Shot 3D Point Cloud Classification,Natural Language Processing,9,31,40996
Tensor Networks,Computer Vision,9,226,54472
2D Semantic Segmentation,Natural Language Processing,9,79,40996
Suggestion mining,General,9,32,114234
Organ Segmentation,Graphs,9,304,12318
Vocal Bursts Intensity Prediction,Audio,9,2608,488
Image Attribution,General,9,26,114234
Interpretability Techniques for Deep Learning,General,9,25,114234
Person Identification,Natural Language Processing,9,106,40996
Time Series Clustering,Sequential,9,113,6593
Transition-Based Dependency Parsing,General,9,66,114234
Text Compression,General,9,43,114234
Drug–drug Interaction Extraction,General,9,26,114234
Audio Super-Resolution,Computer Vision,9,21,54472
Brain Tumor Segmentation,Graphs,9,435,12318
Sentence Compression,General,9,147,114234
Vessel Detection,General,9,29,114234
Vessel Detection,Computer Vision,9,29,54472
Action Quality Assessment,General,9,52,114234
Vocal Bursts Valence Prediction,Sequential,9,1154,6593
Person Recognition,General,9,63,114234
Small Data Image Classification,Sequential,9,178,6593
Econometrics,Computer Vision,9,232,54472
Node Property Prediction,Computer Vision,9,54,54472
Node Property Prediction,General,9,54,114234
Image-to-Image Regression,General,9,22,114234
Audio Generation,Sequential,9,270,6593
Scene Text Recognition,Sequential,9,267,6593
Text Categorization,Sequential,9,246,6593
Multiple-choice,Sequential,9,1097,6593
Optic Disc Segmentation,General,9,19,114234
Contour Detection,General,9,69,114234
Optical Character Recognition,Sequential,9,526,6593
Artificial Life,General,9,110,114234
Lesion Classification,Graphs,9,188,12318
Online Clustering,Computer Vision,9,86,54472
Gaze Estimation,Natural Language Processing,9,248,40996
Stock Market Prediction,Natural Language Processing,9,104,40996
Pose Estimation,Reinforcement Learning,9,4220,6988
Machine Reading Comprehension,Computer Vision,9,541,54472
Brain Image Segmentation,Computer Vision,9,30,54472
Resynthesis,General,9,51,114234
Fine-Grained Visual Categorization,Computer Vision,9,69,54472
Vocal Bursts Type Prediction,Sequential,9,670,6593
One-Shot Object Detection,General,9,20,114234
Jet Tagging,General,9,45,114234
Object Detection In Aerial Images,Natural Language Processing,9,107,40996
Word Sense Induction,General,9,107,114234
Video Deblurring,Natural Language Processing,9,84,40996
Dynamic neural networks,General,9,37,114234
16k,Computer Vision,9,145,54472
Node Clustering,Computer Vision,9,130,54472
3D Shape Modeling,Computer Vision,9,28,54472
Speech Representation Learning,Computer Vision,9,131,54472
Transductive Learning,Computer Vision,9,134,54472
Contour Detection,Computer Vision,9,69,54472
Image Retrieval,Sequential,9,2231,6593
Image Clustering,Natural Language Processing,9,235,40996
Question-Generation,Graphs,9,625,12318
Ad-Hoc Information Retrieval,General,9,41,114234
Micro Expression Recognition,Computer Vision,9,72,54472
Micro-Expression Recognition,Computer Vision,9,74,54472
Dialogue Evaluation,Natural Language Processing,9,96,40996
Robust 3D Semantic Segmentation,Computer Vision,9,19,54472
Cross-Lingual NER,Natural Language Processing,9,41,40996
Multi-Label Learning,Computer Vision,9,297,54472
Feature Upsampling,Computer Vision,9,25,54472
Vertical Federated Learning,Computer Vision,9,194,54472
AutoML,Reinforcement Learning,9,640,6988
Co-Salient Object Detection,General,9,44,114234
Visual Tracking,Graphs,9,524,12318
Material Recognition,Computer Vision,9,65,54472
Text-To-SQL,Sequential,9,413,6593
Binary text classification,Natural Language Processing,9,20,40996
Morphological Tagging,Natural Language Processing,9,93,40996
Multilingual text classification,Natural Language Processing,9,31,40996
Link Sign Prediction,Graphs,9,21,12318
Deformable Medical Image Registration,Computer Vision,9,37,54472
Counterfactual Reasoning,Computer Vision,9,218,54472
Bug fixing,Computer Vision,9,62,54472
Keyphrase Generation,Sequential,9,77,6593
Distributed Computing,Graphs,9,377,12318
Unsupervised Monocular Depth Estimation,Computer Vision,9,59,54472
Single Particle Analysis,Computer Vision,9,106,54472
Cross-Lingual Question Answering,General,9,24,114234
Cross-Lingual Question Answering,Natural Language Processing,9,24,40996
Grounded language learning,General,9,56,114234
Electromyography (EMG),Computer Vision,9,94,54472
Road Damage Detection,Computer Vision,9,27,54472
Document Translation,General,9,46,114234
Document Translation,Natural Language Processing,9,46,40996
Goal-Oriented Dialogue Systems,Natural Language Processing,9,45,40996
Robotic Grasping,Reinforcement Learning,9,246,6988
Review Generation,General,9,51,114234
Arousal Estimation,General,9,41,114234
Rubik's Cube,General,9,37,114234
set matching,General,9,41,114234
Hyperparameter Optimization,Graphs,9,812,12318
Self-Supervised Learning,Audio,9,5029,488
Logical Fallacies,Natural Language Processing,9,34,40996
Single Image Deblurring,General,9,35,114234
Data Free Quantization,Computer Vision,9,37,54472
Object Hallucination,Computer Vision,9,71,54472
Layout Design,General,9,65,114234
Equation Discovery,General,9,65,114234
Image Manipulation Localization,General,9,31,114234
Document Summarization,Computer Vision,9,750,54472
Gaussian Processes,Reinforcement Learning,9,1955,6988
Privacy Preserving Deep Learning,Computer Vision,9,59,54472
SSIM,Sequential,9,1333,6593
Space-time Video Super-resolution,General,9,24,114234
Activity Detection,Sequential,9,378,6593
Speech-to-Speech Translation,Computer Vision,9,117,54472
Capacity Estimation,General,9,33,114234
3D human pose and shape estimation,General,9,50,114234
Multi-Source Unsupervised Domain Adaptation,General,9,46,114234
Generalizable Novel View Synthesis,Computer Vision,9,30,54472
Group Activity Recognition,Natural Language Processing,9,65,40996
Retrosynthesis,Computer Vision,9,110,54472
Meeting Summarization,General,9,50,114234
Robust classification,Graphs,9,295,12318
Citation Prediction,Natural Language Processing,9,22,40996
Humanitarian,Natural Language Processing,9,185,40996
Sign Language Production,General,9,40,114234
Skull Stripping,Computer Vision,9,39,54472
Audio-Visual Synchronization,General,9,32,114234
3D Multi-Object Tracking,Graphs,9,101,12318
Explanation Generation,Computer Vision,9,232,54472
Image Relighting,General,9,58,114234
Video-Text Retrieval,Graphs,9,108,12318
Mathematical Proofs,Natural Language Processing,9,90,40996
Variational Monte Carlo,General,9,55,114234
Model Poisoning,Natural Language Processing,9,108,40996
3D-Aware Image Synthesis,Computer Vision,9,48,54472
Morphology classification,Computer Vision,9,30,54472
Fraud Detection,Sequential,9,545,6593
Feature Correlation,Graphs,9,123,12318
Action Recognition In Videos,Natural Language Processing,9,124,40996
Gender Prediction,Natural Language Processing,9,66,40996
Side Channel Analysis,General,9,28,114234
Chatbot,Graphs,9,963,12318
Outlier Detection,Graphs,9,702,12318
Gender Classification,Natural Language Processing,9,149,40996
Fact Verification,Computer Vision,9,211,54472
SSVEP,General,9,51,114234
News Generation,General,9,29,114234
Depression Detection,Graphs,9,157,12318
Bandwidth Extension,Computer Vision,9,50,54472
backdoor defense,Natural Language Processing,9,130,40996
Classifier calibration,General,9,29,114234
Distributed Optimization,Computer Vision,9,535,54472
License Plate Detection,General,9,39,114234
Imputation,Reinforcement Learning,9,1232,6988
Univariate Time Series Forecasting,Natural Language Processing,9,36,40996
Font Generation,General,9,52,114234
Image Compression,Graphs,9,1007,12318
Motion Generation,Graphs,9,445,12318
Graph Embedding,Reinforcement Learning,9,1184,6988
Referring Expression,Graphs,9,362,12318
Text based Person Search,General,9,37,114234
Heart rate estimation,Computer Vision,9,85,54472
Unconditional Video Generation,Computer Vision,9,15,54472
Face Image Quality Assessment,Computer Vision,9,44,54472
Defect Detection,Reinforcement Learning,9,394,6988
Motion Disentanglement,Computer Vision,9,12,54472
Answer Generation,Computer Vision,9,276,54472
Question-Answer-Generation,General,9,36,114234
Robot Manipulation,Reinforcement Learning,9,428,6988
Surgical phase recognition,Natural Language Processing,9,69,40996
Multimodal Deep Learning,Graphs,9,211,12318
3D Object Reconstruction,Natural Language Processing,9,153,40996
Conversation Summarization,General,9,31,114234
Copy Detection,General,9,47,114234
TAR,Natural Language Processing,9,111,40996
3D Hand Pose Estimation,Graphs,9,178,12318
Spatial Reasoning,Reinforcement Learning,9,451,6988
continuous-control,Graphs,9,1097,12318
Continuous Control,Graphs,9,1159,12318
Pretrained Multilingual Language Models,Natural Language Processing,9,23,40996
Raspberry Pi 4,Computer Vision,9,48,54472
Scene Parsing,Natural Language Processing,9,198,40996
Neural Rendering,Graphs,9,512,12318
Few-Shot Text Classification,Graphs,9,96,12318
BraTS2021,Computer Vision,9,15,54472
Blind Image Quality Assessment,General,9,46,114234
Synthetic Data Generation,Graphs,9,820,12318
Synthetic Data Generation,Reinforcement Learning,9,820,6988
HTR,Natural Language Processing,9,84,40996
3D Object Recognition,Natural Language Processing,9,97,40996
Traffic Signal Control,Natural Language Processing,9,201,40996
Face Presentation Attack Detection,General,9,70,114234
Universal Segmentation,Natural Language Processing,9,32,40996
Occluded Person Re-Identification,Computer Vision,9,46,54472
3D Object Tracking,Natural Language Processing,9,66,40996
Graph Representation Learning,Sequential,9,978,6593
Dense Captioning,Natural Language Processing,9,67,40996
Exposure Correction,General,9,43,114234
Hallucination,Sequential,9,1812,6593
Review Generation,Natural Language Processing,9,51,40996
Zero-Shot Action Recognition,Natural Language Processing,9,83,40996
Text to Image Generation,Reinforcement Learning,9,965,6988
Adversarial Purification,General,9,65,114234
Music Generation,Graphs,9,386,12318
3D Semantic Scene Completion,General,9,65,114234
Time Series Generation,Natural Language Processing,9,87,40996
Medical Report Generation,Graphs,9,109,12318
Highlight Detection,Natural Language Processing,9,77,40996
Video Generation,Reinforcement Learning,9,1461,6988
Video Alignment,Natural Language Processing,9,83,40996
Anomaly Segmentation,Natural Language Processing,9,116,40996
Change Point Detection,Natural Language Processing,9,285,40996
Quantum Machine Learning,Sequential,9,699,6593
Action Generation,Natural Language Processing,9,111,40996
Logical Reasoning,Reinforcement Learning,9,738,6988
Cloth-Changing Person Re-Identification,General,9,28,114234
Irregular Time Series,Natural Language Processing,9,82,40996
Text-based Person Retrieval,Computer Vision,9,26,54472
AudioCaps,Graphs,9,64,12318
Flare Removal,General,9,24,114234
Supervised Anomaly Detection,Natural Language Processing,9,155,40996
Shadow Removal,Natural Language Processing,9,127,40996
Story Visualization,General,9,41,114234
zero-shot anomaly detection,General,9,35,114234
Hierarchical Reinforcement Learning,Natural Language Processing,9,382,40996
cognitive diagnosis,General,9,42,114234
Superpixels,Natural Language Processing,9,371,40996
Machine Unlearning,Graphs,9,438,12318
Seizure Detection,Natural Language Processing,9,175,40996
Image Comprehension,General,9,49,114234
Tabular Data Generation,Natural Language Processing,9,73,40996
Audio Deepfake Detection,Natural Language Processing,9,74,40996
Compositional Zero-Shot Learning,Natural Language Processing,9,65,40996
Econometrics,Natural Language Processing,9,232,40996
In-Context Reinforcement Learning,Natural Language Processing,9,33,40996
Novel Class Discovery,Natural Language Processing,9,65,40996
Multi-Objective Reinforcement Learning,Natural Language Processing,9,143,40996
Open Vocabulary Semantic Segmentation,Natural Language Processing,9,113,40996
3D Semantic Occupancy Prediction,Natural Language Processing,9,47,40996
EgoSchema,General,9,40,114234
Video Salient Object Detection,General,8,48,114234
Speech Dereverberation,General,8,49,114234
Predictive Process Monitoring,General,8,50,114234
Time Series,Audio,8,9146,488
Machine Translation,Audio,8,10592,488
Trajectory Recovery,General,8,25,114234
Image Description,Sequential,8,154,6593
Face Hallucination,Computer Vision,8,51,54472
Video Saliency Detection,General,8,36,114234
3D Place Recognition,Computer Vision,8,27,54472
Tensor Decomposition,Sequential,8,618,6593
Collision Avoidance,Sequential,8,568,6593
Motion Planning,Sequential,8,919,6593
parameter estimation,Reinforcement Learning,8,1715,6988
Classification Of Breast Cancer Histology Images,General,8,11,114234
Supervised Video Summarization,General,8,28,114234
Video Summarization,Sequential,8,277,6593
Small-Footprint Keyword Spotting,General,8,25,114234
Face Hallucination,General,8,51,114234
Deep Hashing,Computer Vision,8,149,54472
Style Transfer,Audio,8,1650,488
Spam detection,Computer Vision,8,117,54472
Universal Segmentation,General,8,32,114234
Appearance Transfer,General,8,32,114234
Robust Face Recognition,General,8,94,114234
Selection bias,Reinforcement Learning,8,365,6988
Self-Learning,Reinforcement Learning,8,402,6988
Topic Models,Sequential,8,875,6593
Image Generation,Audio,8,6664,488
Human Part Segmentation,Computer Vision,8,18,54472
Color Constancy,Computer Vision,8,102,54472
Myocardium Segmentation,Computer Vision,8,23,54472
Entity Linking,Computer Vision,8,725,54472
Thermal Image Segmentation,Natural Language Processing,8,83,40996
Safe Exploration,Reinforcement Learning,8,135,6988
Visual Dialog,Computer Vision,8,115,54472
image smoothing,Computer Vision,8,44,54472
Multi-Label Image Recognition,Computer Vision,8,37,54472
Arabic Sentiment Analysis,General,8,42,114234
Temporal Information Extraction,General,8,85,114234
Atomic Forces,General,8,28,114234
Transition-Based Dependency Parsing,Sequential,8,66,6593
Outlier Detection,Sequential,8,702,6593
Plant Phenotyping,Computer Vision,8,74,54472
ARC,Sequential,8,550,6593
Multi-view Subspace Clustering,General,8,45,114234
Multi-Goal Reinforcement Learning,General,8,34,114234
Document Summarization,Graphs,8,750,12318
Spatio-Temporal Action Localization,Computer Vision,8,37,54472
Video Understanding,Sequential,8,1143,6593
Author Profiling,General,8,58,114234
Bayesian Optimisation,Computer Vision,8,221,54472
Video Description,Sequential,8,103,6593
Image Attribution,Computer Vision,8,26,54472
Interpretability Techniques for Deep Learning,Computer Vision,8,25,54472
Extractive Summarization,Sequential,8,311,6593
Protein Secondary Structure Prediction,General,8,26,114234
Malware Detection,Sequential,8,431,6593
Sentence Similarity,Sequential,8,192,6593
CCG Supertagging,General,8,24,114234
Synthetic Speech Detection,Computer Vision,8,29,54472
Mixture-of-Experts,Reinforcement Learning,8,1305,6988
3D Medical Imaging Segmentation,General,8,41,114234
Visual Place Recognition,Graphs,8,296,12318
Occlusion Handling,Computer Vision,8,93,54472
Stock Trend Prediction,General,8,29,114234
Knowledge Tracing,Computer Vision,8,214,54472
Classification Of Hyperspectral Images,General,8,27,114234
Permuted-MNIST,General,8,37,114234
Medical Image Retrieval,General,8,43,114234
Chinese Word Segmentation,Sequential,8,241,6593
Optic Disc Segmentation,Computer Vision,8,19,54472
Video Polyp Segmentation,General,8,25,114234
Heterogeneous Face Recognition,General,8,36,114234
Sketch Recognition,General,8,39,114234
Dynamic Link Prediction,Graphs,8,41,12318
Decision Making Under Uncertainty,Reinforcement Learning,8,263,6988
Skin Lesion Classification,Graphs,8,129,12318
Playing the Game of 2048,Computer Vision,8,57,54472
Talking Face Generation,Natural Language Processing,8,109,40996
Hand Segmentation,General,8,36,114234
Portfolio Optimization,Sequential,8,428,6593
Model Predictive Control,Sequential,8,1581,6593
Model Optimization,Reinforcement Learning,8,379,6988
Multi Label Text Classification,Computer Vision,8,135,54472
Fake Image Detection,General,8,37,114234
Event Extraction,Graphs,8,441,12318
Landmark Recognition,General,8,33,114234
STS,Sequential,8,325,6593
Audio Generation,Graphs,8,270,12318
Industrial Robots,General,8,61,114234
Cross-Lingual Transfer,Sequential,8,750,6593
Open Set Learning,Graphs,8,267,12318
Sociology,Computer Vision,8,167,54472
Patent classification,General,8,36,114234
Optical Flow Estimation,Reinforcement Learning,8,2178,6988
Partial Domain Adaptation,General,8,56,114234
Rgb-T Tracking,Computer Vision,8,55,54472
Humor Detection,Sequential,8,64,6593
fr-en,General,8,23,114234
Component Classification,General,8,18,114234
Link Prediction,Sequential,8,1937,6593
Dependency Parsing,Reinforcement Learning,8,1381,6988
Local Distortion,General,8,25,114234
global-optimization,Reinforcement Learning,8,657,6988
Transductive Learning,Graphs,8,134,12318
Adversarial Robustness,Sequential,8,1739,6593
Multivariate Time Series Imputation,General,8,38,114234
Mortality Prediction,Sequential,8,188,6593
Sand,Computer Vision,8,106,54472
Trajectory Forecasting,Sequential,8,187,6593
Inference Optimization,Computer Vision,8,56,54472
Facial Landmark Detection,Natural Language Processing,8,138,40996
Starcraft II,Sequential,8,173,6593
Abstractive Dialogue Summarization,General,8,34,114234
Intrinsic Image Decomposition,Computer Vision,8,85,54472
Sleep Stage Detection,General,8,34,114234
Medical Image Segmentation,Sequential,8,2087,6593
Adversarial Defense,Graphs,8,401,12318
Multi-Label Image Recognition,Graphs,8,37,12318
Instance Segmentation,Reinforcement Learning,8,2255,6988
Facial Action Unit Detection,Graphs,8,96,12318
Music Recommendation,Graphs,8,118,12318
Autonomous Navigation,Sequential,8,589,6593
Few-Shot Image Classification,Graphs,8,352,12318
Conversational Response Generation,General,8,21,114234
Face Parsing,Computer Vision,8,63,54472
Face Parsing,Natural Language Processing,8,63,40996
Handwritten Text Recognition,Sequential,8,139,6593
Explainable Recommendation,Computer Vision,8,94,54472
Text to SQL,Sequential,8,399,6593
Graph Mining,Computer Vision,8,174,54472
Audio-Visual Synchronization,Computer Vision,8,32,54472
Multi-Label Learning,Graphs,8,297,12318
EEG Emotion Recognition,Graphs,8,35,12318
Formality Style Transfer,General,8,19,114234
Task 2,Graphs,8,569,12318
Sentence segmentation,Natural Language Processing,8,66,40996
Extracting Buildings In Remote Sensing Images,General,8,14,114234
Change Detection,Sequential,8,915,6593
Authorship Verification,General,8,67,114234
Single-step retrosynthesis,General,8,34,114234
Action Unit Detection,Graphs,8,108,12318
Meta Reinforcement Learning,Graphs,8,276,12318
Temporal Sentence Grounding,Computer Vision,8,43,54472
Prediction Intervals,Computer Vision,8,309,54472
automatic short answer grading,General,8,27,114234
Graph Embedding,Sequential,8,1184,6593
TextVQA,Natural Language Processing,8,47,40996
Visual Dialog,Natural Language Processing,8,115,40996
Sequential Recommendation,Sequential,8,554,6593
Cloud Computing,Graphs,8,581,12318
Video Synchronization,General,8,30,114234
Segmentation Of Remote Sensing Imagery,General,8,27,114234
Segmentation Of Remote Sensing Imagery,Computer Vision,8,27,54472
Parameter Prediction,Computer Vision,8,51,54472
Multi Class Text Classification,General,8,19,114234
Vulnerability Detection,Sequential,8,216,6593
Crop Classification,Computer Vision,8,48,54472
RGB-D Salient Object Detection,Computer Vision,8,88,54472
Table Recognition,Computer Vision,8,49,54472
Table-to-Text Generation,Natural Language Processing,8,66,40996
Lipreading,Natural Language Processing,8,102,40996
Graph Generation,Reinforcement Learning,8,709,6988
Intent Detection,Computer Vision,8,328,54472
MORPH,Natural Language Processing,8,206,40996
Second-order methods,Natural Language Processing,8,181,40996
Deep Attention,Natural Language Processing,8,108,40996
distortion correction,Computer Vision,8,45,54472
Neural Network Compression,Natural Language Processing,8,193,40996
Missing Elements,Computer Vision,8,46,54472
Systematic Generalization,Computer Vision,8,124,54472
Table annotation,General,8,31,114234
Multi-Person Pose Estimation,Natural Language Processing,8,151,40996
Point Cloud Generation,Natural Language Processing,8,117,40996
Board Games,Natural Language Processing,8,131,40996
Node Clustering,Natural Language Processing,8,130,40996
Eeg Decoding,Computer Vision,8,74,54472
Few-Shot Semantic Segmentation,Graphs,8,168,12318
Image Description,Natural Language Processing,8,154,40996
Color Normalization,General,8,23,114234
Action Understanding,Graphs,8,88,12318
Music Information Retrieval,Graphs,8,255,12318
Weakly Supervised Classification,General,8,39,114234
Long-tailed Object Detection,General,8,25,114234
Speech Representation Learning,Graphs,8,131,12318
JPEG Artifact Removal,Computer Vision,8,20,54472
Physical Simulations,Computer Vision,8,100,54472
Relation Extraction,Reinforcement Learning,8,1951,6988
Definition Extraction,General,8,27,114234
Open Information Extraction,Natural Language Processing,8,205,40996
Online Clustering,Graphs,8,86,12318
Hardware Aware Neural Architecture Search,Computer Vision,8,37,54472
severity prediction,Natural Language Processing,8,67,40996
Survival Prediction,Graphs,8,233,12318
Reconstruction Attack,Computer Vision,8,68,54472
Acoustic echo cancellation,General,8,69,114234
Low-Resource Neural Machine Translation,Natural Language Processing,8,73,40996
Stereo Image Super-Resolution,General,8,24,114234
Text Clustering,Graphs,8,121,12318
Spoken language identification,General,8,50,114234
Game Design,Natural Language Processing,8,99,40996
Learning Theory,Graphs,8,850,12318
Motion Forecasting,Graphs,8,205,12318
Video Stabilization,General,8,62,114234
Zero-Shot Cross-Modal Retrieval,General,8,26,114234
Text Compression,Natural Language Processing,8,43,40996
Off-policy evaluation,Natural Language Processing,8,265,40996
Zero-shot Text-to-Image Retrieval,Computer Vision,8,14,54472
Sound Classification,Graphs,8,146,12318
Artifact Detection,Computer Vision,8,60,54472
Multi-modal Entity Alignment,Graphs,8,19,12318
Implicit Relations,Natural Language Processing,8,66,40996
Document Embedding,Graphs,8,76,12318
Weakly-Supervised Object Localization,Graphs,8,140,12318
Synthetic Image Detection,General,8,28,114234
Dynamic Time Warping,Graphs,8,433,12318
Vision-Language Navigation,Natural Language Processing,8,80,40996
Semi-Supervised Object Detection,Natural Language Processing,8,114,40996
Sentence Similarity,Graphs,8,192,12318
C++ code,Computer Vision,8,91,54472
RGB-D Salient Object Detection,Natural Language Processing,8,88,40996
Spatial Reasoning,Graphs,8,451,12318
hand-object pose,General,8,34,114234
Coronary Artery Segmentation,General,8,22,114234
Traffic Object Detection,Computer Vision,8,20,54472
Building Damage Assessment,General,8,32,114234
Explanation Generation,Graphs,8,232,12318
Seismic Inversion,General,8,25,114234
Sentence Retrieval,Graphs,8,80,12318
Travel Time Estimation,Computer Vision,8,55,54472
OpenAI Gym,Natural Language Processing,8,382,40996
Document Embedding,Natural Language Processing,8,76,40996
Few-shot NER,Natural Language Processing,8,61,40996
Attribute Value Extraction,General,8,35,114234
Image Defocus Deblurring,Natural Language Processing,8,35,40996
Network Pruning,Graphs,8,531,12318
Natural Language Inference,Reinforcement Learning,8,1933,6988
Audio Synthesis,Natural Language Processing,8,127,40996
Astronomy,Reinforcement Learning,8,394,6988
Radar Object Detection,General,8,29,114234
Semi-supervised Domain Adaptation,Natural Language Processing,8,133,40996
Table Recognition,Natural Language Processing,8,49,40996
Music Genre Classification,Computer Vision,8,56,54472
Anomaly Segmentation,Graphs,8,116,12318
Source-Free Domain Adaptation,Graphs,8,187,12318
Text-to-Code Generation,Natural Language Processing,8,20,40996
Garment Reconstruction,General,8,25,114234
imbalanced classification,Natural Language Processing,8,211,40996
Single Image Dehazing,Natural Language Processing,8,130,40996
Generalizable Novel View Synthesis,General,8,30,114234
Few-shot NER,Graphs,8,61,12318
Semantic correspondence,Graphs,8,175,12318
Video Enhancement,Natural Language Processing,8,110,40996
Music Source Separation,Natural Language Processing,8,107,40996
Answer Generation,Graphs,8,276,12318
Knowledge Base Construction,Natural Language Processing,8,93,40996
Evolutionary Algorithms,Graphs,8,1106,12318
In-Context Learning,Sequential,8,2291,6593
Intent Discovery,Graphs,8,42,12318
Code Summarization,Computer Vision,8,160,54472
Dialogue Management,Natural Language Processing,8,195,40996
Scene Segmentation,Graphs,8,282,12318
Referring Expression Segmentation,Graphs,8,145,12318
Malware Classification,Natural Language Processing,8,145,40996
Joint Radar-Communication,General,8,25,114234
Topological Data Analysis,Graphs,8,496,12318
Semantic Communication,Graphs,8,409,12318
Computational chemistry,Graphs,8,122,12318
Video Action Detection,General,8,32,114234
Interpretable Machine Learning,Reinforcement Learning,8,534,6988
Point Cloud Pre-training,General,8,26,114234
Class-Incremental Object Detection,General,8,17,114234
Voice Conversion,Graphs,8,520,12318
Spacecraft Pose Estimation,General,8,25,114234
Code Classification,Natural Language Processing,8,39,40996
Text to SQL,Computer Vision,8,399,54472
Diffusion MRI,Natural Language Processing,8,212,40996
Speech-to-Speech Translation,Natural Language Processing,8,117,40996
3D Classification,Natural Language Processing,8,79,40996
NavSim,Computer Vision,8,26,54472
3D Lane Detection,Natural Language Processing,8,54,40996
Rgb-T Tracking,Natural Language Processing,8,55,40996
Arithmetic Reasoning,Reinforcement Learning,8,175,6988
Bird's-Eye View Semantic Segmentation,General,8,26,114234
BEV Segmentation,Natural Language Processing,8,43,40996
Keyword Spotting,Graphs,8,405,12318
Code Search,Computer Vision,8,124,54472
Counterfactual Explanation,Natural Language Processing,8,177,40996
Spatio-Temporal Forecasting,Natural Language Processing,8,87,40996
Hypergraph Contrastive Learning,Graphs,8,8,12318
medical image detection,General,8,20,114234
Open Vocabulary Semantic Segmentation,Graphs,8,113,12318
Trajectory Modeling,Computer Vision,8,45,54472
Game Design,Computer Vision,8,99,54472
Numerical Integration,Natural Language Processing,8,242,40996
3D Face Animation,General,8,34,114234
3D Face Animation,Natural Language Processing,8,34,40996
visual instruction following,General,8,24,114234
Formation Energy,Computer Vision,8,54,54472
Real-Time Semantic Segmentation,Natural Language Processing,8,144,40996
Models Alignment,General,8,21,114234
Zero-Shot Counting,General,8,17,114234
Text to 3D,Graphs,8,314,12318
Unified Image Restoration,Computer Vision,8,17,54472
mbpp,Computer Vision,8,129,54472
Video Synchronization,Computer Vision,8,30,54472
Personalized Federated Learning,Graphs,8,311,12318
LLM-generated Text Detection,General,8,22,114234
3D Molecule Generation,General,8,37,114234
Counterfactual Inference,Natural Language Processing,8,124,40996
Multi-class Anomaly Detection,Computer Vision,8,39,54472
Explainable Models,Natural Language Processing,8,128,40996
LLM Jailbreak,Natural Language Processing,8,24,40996
PAC learning,Natural Language Processing,8,288,40996
Concept Alignment,Natural Language Processing,8,36,40996
Traffic Sign Recognition,Natural Language Processing,8,127,40996
Geophysics,Computer Vision,8,76,54472
EgoSchema,Natural Language Processing,8,40,40996
3D Inpainting,Computer Vision,8,21,54472
Multi-class Anomaly Detection,Natural Language Processing,8,39,40996
Image to Video Generation,Natural Language Processing,8,85,40996
3DGS,Graphs,8,633,12318
Reasoning Segmentation,General,8,52,114234
Kolmogorov-Arnold Networks,Graphs,8,255,12318
Entity Extraction using GAN,General,7,126,114234
Image Inpainting,Sequential,7,706,6593
Time Series Analysis,Audio,7,6730,488
Time Series Clustering,Computer Vision,7,113,54472
Online Multi-Object Tracking,Computer Vision,7,56,54472
Visual Storytelling,Sequential,7,112,6593
Paraphrase Identification,Computer Vision,7,170,54472
Stereo Matching Hand,General,7,162,114234
Image/Document Clustering,General,7,8,114234
Image Augmentation,Sequential,7,308,6593
JPEG Artifact Correction,Computer Vision,7,18,54472
State Estimation,Sequential,7,1067,6593
High-Level Synthesis,Graphs,7,96,12318
Dialogue State Tracking,Sequential,7,287,6593
Split and Rephrase,General,7,17,114234
Relation Classification,Computer Vision,7,439,54472
World Knowledge,Sequential,7,809,6593
Univariate Time Series Forecasting,Computer Vision,7,36,54472
One-class classifier,Computer Vision,7,82,54472
3D Human Pose Estimation,Sequential,7,664,6593
Retinal OCT Disease Classification,General,7,12,114234
Text-Independent Speaker Verification,Computer Vision,7,70,54472
Expressive Speech Synthesis,General,7,47,114234
Universal Segmentation,Computer Vision,7,32,54472
Sensor Fusion,Sequential,7,508,6593
Philosophy,Reinforcement Learning,7,753,6988
Resynthesis,Computer Vision,7,51,54472
Video-Based Person Re-Identification,Natural Language Processing,7,117,40996
Text Categorization,Computer Vision,7,246,54472
Multimodal Sentiment Analysis,Sequential,7,200,6593
Speaker Recognition,Sequential,7,434,6593
Hand Segmentation,Computer Vision,7,36,54472
Breast Tumour Classification,Computer Vision,7,13,54472
Few-Shot 3D Point Cloud Classification,Computer Vision,7,31,54472
Nuclear Segmentation,Computer Vision,7,33,54472
Human Part Segmentation,General,7,18,114234
Nuclear Segmentation,General,7,33,114234
Emotion Recognition in Conversation,Computer Vision,7,139,54472
Seizure Detection,Sequential,7,175,6593
Multimodal Machine Translation,Computer Vision,7,105,54472
Game of Chess,Reinforcement Learning,7,24,6988
Montezuma's Revenge,Computer Vision,7,60,54472
Sparse Representation-based Classification,General,7,49,114234
Word Similarity,Computer Vision,7,374,54472
Knowledge Base Completion,Natural Language Processing,7,154,40996
Visual Speech Recognition,Sequential,7,182,6593
Monocular Visual Odometry,General,7,71,114234
Traffic Classification,Computer Vision,7,110,54472
Food Recognition,Computer Vision,7,48,54472
Image-Based Localization,General,7,62,114234
Scene Recognition,Graphs,7,207,12318
Language Acquisition,Computer Vision,7,519,54472
document-image-classification,General,7,32,114234
Audio-Visual Speech Recognition,Computer Vision,7,100,54472
Image Similarity Search,General,7,18,114234
Collaborative Filtering,Sequential,7,1306,6593
Job Shop Scheduling,Reinforcement Learning,7,92,6988
Motion Estimation,Sequential,7,740,6593
Multiple Instance Learning,Sequential,7,743,6593
Ad-Hoc Information Retrieval,Natural Language Processing,7,41,40996
3D Reconstruction,Sequential,7,2316,6593
Handwritten Digit Recognition,Computer Vision,7,107,54472
Multiview Learning,General,7,41,114234
Word Sense Induction,Natural Language Processing,7,107,40996
Word Alignment,Computer Vision,7,545,54472
Clustering Ensemble,General,7,25,114234
Causal Discovery,Reinforcement Learning,7,741,6988
Weakly-supervised instance segmentation,Computer Vision,7,39,54472
Face Presentation Attack Detection,Computer Vision,7,70,54472
Sentence-Embedding,Sequential,7,373,6593
Multi-Frame Super-Resolution,Computer Vision,7,34,54472
Cyber Attack Detection,General,7,41,114234
Left Ventricle Segmentation,General,7,25,114234
Speaker Separation,General,7,58,114234
Type prediction,Computer Vision,7,96,54472
Audio inpainting,Computer Vision,7,19,54472
Data Poisoning,Graphs,7,490,12318
Human Interaction Recognition,General,7,22,114234
3D Object Retrieval,Computer Vision,7,28,54472
Sokoban,General,7,61,114234
Heuristic Search,Computer Vision,7,260,54472
Miscellaneous,Computer Vision,7,93,54472
News Recommendation,Sequential,7,193,6593
Adversarial Attack Detection,General,7,37,114234
Heart Segmentation,General,7,30,114234
Math Word Problem Solving,Sequential,7,106,6593
Morphological Analysis,Sequential,7,452,6593
Medical Diagnosis,Sequential,7,713,6593
global-optimization,Sequential,7,657,6593
Stock Prediction,Computer Vision,7,102,54472
Topic Classification,Computer Vision,7,180,54472
Referring expression generation,General,7,84,114234
Native Language Identification,General,7,83,114234
Morphological Inflection,Sequential,7,133,6593
Spelling Correction,Sequential,7,192,6593
3D Shape Modeling,General,7,28,114234
Music Information Retrieval,Sequential,7,255,6593
Medical Named Entity Recognition,General,7,28,114234
Medical Named Entity Recognition,Natural Language Processing,7,28,40996
Art Analysis,General,7,42,114234
Fine-Grained Action Detection,General,7,14,114234
Gaze Prediction,Computer Vision,7,55,54472
Action Quality Assessment,Computer Vision,7,52,54472
3D Face Modelling,Computer Vision,7,31,54472
Network Embedding,Natural Language Processing,7,402,40996
Minecraft,Reinforcement Learning,7,235,6988
Image Super-Resolution,Sequential,7,1587,6593
Video Super-Resolution,Sequential,7,281,6593
One-shot visual object segmentation,General,7,41,114234
Atrial Fibrillation Detection,Computer Vision,7,43,54472
Open-Domain Dialog,Natural Language Processing,7,57,40996
Monocular 3D Human Pose Estimation,Graphs,7,101,12318
Instance Segmentation,Sequential,7,2255,6593
Passage Reranking,General,7,23,114234
Game of Go,Computer Vision,7,62,54472
Self-Driving Cars,Sequential,7,514,6593
Conversational Response Generation,Natural Language Processing,7,21,40996
Extreme Multi-Label Classification,Natural Language Processing,7,75,40996
Multi-hop Question Answering,Graphs,7,201,12318
Multilingual Named Entity Recognition,General,7,37,114234
Hybrid Machine Learning,Computer Vision,7,103,54472
Unsupervised Text Style Transfer,General,7,38,114234
coreference-resolution,Computer Vision,7,584,54472
Stance Detection,Computer Vision,7,340,54472
Fact Checking,Sequential,7,658,6593
Opinion Mining,Computer Vision,7,629,54472
Band Gap,Graphs,7,60,12318
Readmission Prediction,Natural Language Processing,7,38,40996
Network Intrusion Detection,Sequential,7,261,6593
Knowledge Tracing,Sequential,7,214,6593
Grammatical Error Detection,Natural Language Processing,7,100,40996
Metal Artifact Reduction,General,7,48,114234
Metal Artifact Reduction,Computer Vision,7,48,54472
text-to-speech,Reinforcement Learning,7,1409,6988
Text to Speech,Reinforcement Learning,7,1415,6988
Video Saliency Prediction,General,7,29,114234
Video Saliency Prediction,Computer Vision,7,29,54472
Heartbeat Classification,General,7,28,114234
Melanoma Diagnosis,General,7,26,114234
Point Cloud Super Resolution,Computer Vision,7,16,54472
Hierarchical Multi-label Classification,Natural Language Processing,7,47,40996
Stock Price Prediction,Graphs,7,137,12318
Metric Learning,Reinforcement Learning,7,1645,6988
Financial Analysis,Sequential,7,93,6593
Diabetic Retinopathy Grading,Computer Vision,7,44,54472
Line Art Colorization,Computer Vision,7,12,54472
Phrase Grounding,Natural Language Processing,7,88,40996
Electron Tomography,General,7,47,114234
Electron Tomography,Computer Vision,7,47,54472
AMR-to-Text Generation,Natural Language Processing,7,35,40996
Prognosis,Sequential,7,899,6593
Visual Grounding,Sequential,7,563,6593
Inverse-Tone-Mapping,Computer Vision,7,37,54472
Asset Management,Computer Vision,7,87,54472
Distance regression,General,7,19,114234
Entity Embeddings,Computer Vision,7,150,54472
Music Style Transfer,General,7,13,114234
Automatic Sleep Stage Classification,General,7,25,114234
Music Transcription,Computer Vision,7,96,54472
Traveling Salesman Problem,Computer Vision,7,253,54472
Audio Classification,Sequential,7,359,6593
automatic short answer grading,Natural Language Processing,7,27,40996
Image Retrieval,Reinforcement Learning,7,2231,6988
3D Multi-Person Pose Estimation,General,7,62,114234
Negation Detection,Natural Language Processing,7,54,40996
Weakly-supervised Anomaly Detection,Computer Vision,7,32,54472
Automated Theorem Proving,Graphs,7,287,12318
Automatic Modulation Recognition,General,7,19,114234
Vocal Bursts Intensity Prediction,Reinforcement Learning,7,2608,6988
CoLA,Graphs,7,78,12318
Geometric Matching,General,7,45,114234
Citation Recommendation,Natural Language Processing,7,55,40996
Pose Prediction,Graphs,7,163,12318
Mutual Information Estimation,Graphs,7,91,12318
Face Alignment,Natural Language Processing,7,306,40996
Malware Classification,Computer Vision,7,145,54472
Abstract generation,General,7,16,114234
Video Prediction,Graphs,7,392,12318
STS-B,General,7,16,114234
Science Question Answering,General,7,23,114234
Fact Verification,Graphs,7,211,12318
Low Resource NMT,General,7,33,114234
Algorithmic Trading,Computer Vision,7,95,54472
Citation Prediction,General,7,22,114234
Key Information Extraction,Computer Vision,7,73,54472
One-Shot Learning,Graphs,7,303,12318
Playing the Game of 2048,Natural Language Processing,7,57,40996
Sentence Summarization,Natural Language Processing,7,43,40996
Cross-Lingual Information Retrieval,Natural Language Processing,7,67,40996
Goal-Oriented Dialog,General,7,54,114234
Multi-target regression,General,7,35,114234
Task 2,Reinforcement Learning,7,569,6988
Table Retrieval,Natural Language Processing,7,27,40996
cross-domain few-shot learning,Graphs,7,74,12318
scientific discovery,Reinforcement Learning,7,463,6988
Image-to-Image Regression,Computer Vision,7,22,54472
Molecular Graph Generation,General,7,54,114234
XLM-R,Sequential,7,213,6593
Singing Voice Synthesis,Natural Language Processing,7,81,40996
Multi-target Domain Adaptation,General,7,39,114234
Heart Rate Variability,Computer Vision,7,131,54472
Face Swapping,Sequential,7,912,6593
Multi-Person Pose Estimation,Graphs,7,151,12318
Pseudo Label,Sequential,7,953,6593
Self-supervised Skeleton-based Action Recognition,General,7,29,114234
Preference Mapping,Computer Vision,7,11,54472
Humanoid Control,General,7,37,114234
Multi-agent Reinforcement Learning,Sequential,7,1710,6593
Nonhomogeneous Image Dehazing,Computer Vision,7,11,54472
Handwriting generation,Computer Vision,7,20,54472
Raindrop Removal,Computer Vision,7,22,54472
Music Style Transfer,Computer Vision,7,13,54472
JPEG Artifact Removal,General,7,20,114234
test driven development,Natural Language Processing,7,24,40996
Auxiliary Learning,Graphs,7,100,12318
Pedestrian Trajectory Prediction,Graphs,7,121,12318
SQL Parsing,Natural Language Processing,7,49,40996
Table-based Fact Verification,General,7,25,114234
Time Series Classification,Reinforcement Learning,7,695,6988
Word Alignment,Graphs,7,545,12318
3D Classification,Graphs,7,79,12318
Image-Variation,General,7,24,114234
AutoML,Graphs,7,640,12318
SMAC,Natural Language Processing,7,121,40996
SMAC+,Natural Language Processing,7,126,40996
Epidemiology,Reinforcement Learning,7,425,6988
News Generation,Natural Language Processing,7,29,40996
3D Object Classification,Natural Language Processing,7,93,40996
Rolling Shutter Correction,Graphs,7,216,12318
Multi-hop Question Answering,Computer Vision,7,201,54472
imbalanced classification,Graphs,7,211,12318
Surface Reconstruction,Graphs,7,621,12318
Dialogue Understanding,Natural Language Processing,7,77,40996
Motor Imagery,Sequential,7,252,6593
Starcraft,Sequential,7,309,6593
Speaker Recognition,Graphs,7,434,12318
Unsupervised Domain Adaptation,Reinforcement Learning,7,1942,6988
Structured Prediction,Graphs,7,636,12318
TAG,Reinforcement Learning,7,1080,6988
Image Outpainting,Natural Language Processing,7,47,40996
Survival Analysis,Graphs,7,472,12318
Stock Price Prediction,Computer Vision,7,137,54472
Meme Classification,Computer Vision,7,59,54472
Link Sign Prediction,Computer Vision,7,21,54472
Text based Person Retrieval,General,7,49,114234
Zero-shot Slot Filling,General,7,20,114234
Lung Disease Classification,General,7,24,114234
Polyphone disambiguation,Natural Language Processing,7,15,40996
Short Text Clustering,General,7,33,114234
Density Estimation,Reinforcement Learning,7,1384,6988
Music Auto-Tagging,General,7,22,114234
Question-Answer-Generation,Natural Language Processing,7,36,40996
UNET Segmentation,Computer Vision,7,24,54472
Robot Manipulation,Graphs,7,428,12318
Open Vocabulary Attribute Detection,Computer Vision,7,14,54472
Anatomical Landmark Detection,Computer Vision,7,29,54472
Image Steganography,Computer Vision,7,73,54472
Few-Shot Object Detection,Graphs,7,179,12318
Image-to-Text Retrieval,Graphs,7,58,12318
Re-Ranking,Reinforcement Learning,7,735,6988
Multi-View 3D Reconstruction,General,7,60,114234
CAD Reconstruction,General,7,23,114234
Vulnerability Detection,Computer Vision,7,216,54472
Explainable Artificial Intelligence (XAI),Graphs,7,1040,12318
Single-Source Domain Generalization,Computer Vision,7,48,54472
Indoor Localization,Graphs,7,250,12318
Zero-Shot Video Retrieval,General,7,40,114234
Cell Detection,Natural Language Processing,7,132,40996
Extracting Buildings In Remote Sensing Images,Computer Vision,7,14,54472
Stock Trend Prediction,Natural Language Processing,7,29,40996
Coherence Evaluation,General,7,28,114234
Systematic Generalization,Sequential,7,124,6593
Document-level Relation Extraction,Graphs,7,105,12318
Single Image Desnowing,General,7,10,114234
Explainable Artificial Intelligence (XAI),Sequential,7,1040,6593
Underwater Image Restoration,General,7,38,114234
Inverse-Tone-Mapping,General,7,37,114234
speaker-diarization,Sequential,7,310,6593
Speaker Diarization,Sequential,7,324,6593
Multi-Agent Path Finding,Reinforcement Learning,7,140,6988
3D Object Classification,Graphs,7,93,12318
Image Cropping,Natural Language Processing,7,83,40996
Semi-Supervised Semantic Segmentation,Natural Language Processing,7,190,40996
cross-domain few-shot learning,Computer Vision,7,74,54472
Feature Compression,Natural Language Processing,7,96,40996
Full-Reference Image Quality Assessment,General,7,41,114234
Depth Prediction,Graphs,7,421,12318
Probing Language Models,General,7,19,114234
Type prediction,Graphs,7,96,12318
Multi-label zero-shot learning,General,7,27,114234
Disaster Response,Graphs,7,217,12318
Text-to-Code Generation,General,7,20,114234
Room Layout Estimation,General,7,44,114234
High-Level Synthesis,Natural Language Processing,7,96,40996
Intrinsic Image Decomposition,General,7,85,114234
Face Reconstruction,Natural Language Processing,7,259,40996
Medical Diagnosis,Reinforcement Learning,7,713,6988
Entity Resolution,Graphs,7,183,12318
Self-Supervised Anomaly Detection,General,7,29,114234
Partial Label Learning,Graphs,7,85,12318
Traffic Classification,Graphs,7,110,12318
No-Reference Image Quality Assessment,Graphs,7,155,12318
Zero Shot Segmentation,Graphs,7,133,12318
Beam Prediction,Computer Vision,7,51,54472
Medical Object Detection,Natural Language Processing,7,41,40996
Point cloud reconstruction,Natural Language Processing,7,99,40996
Intent Discovery,Natural Language Processing,7,42,40996
Offline RL,Graphs,7,753,12318
Hyperspectral Image Super-Resolution,Natural Language Processing,7,52,40996
Code Classification,General,7,39,114234
Facial Emotion Recognition,Natural Language Processing,7,81,40996
Pedestrian Detection,Reinforcement Learning,7,438,6988
Physical Intuition,General,7,35,114234
Autonomous Racing,Computer Vision,7,86,54472
Unsupervised Semantic Segmentation,Natural Language Processing,7,95,40996
Multi Focus Image Fusion,Natural Language Processing,7,42,40996
Heart rate estimation,Natural Language Processing,7,85,40996
Video Denoising,Natural Language Processing,7,89,40996
Unsupervised Semantic Segmentation with Language-image Pre-training,General,7,14,114234
single-image-generation,Computer Vision,7,12,54472
Dense Captioning,Computer Vision,7,67,54472
Referring Video Object Segmentation,Graphs,7,74,12318
Image Matting,Natural Language Processing,7,225,40996
Spatio-Temporal Video Grounding,General,7,22,114234
Crop Classification,Natural Language Processing,7,48,40996
Unconditional Molecule Generation,Computer Vision,7,8,54472
Semantic Retrieval,Graphs,7,86,12318
Protein Structure Prediction,Graphs,7,188,12318
Zero-Shot Human-Object Interaction Detection,Computer Vision,7,9,54472
Photoplethysmography (PPG),Natural Language Processing,7,148,40996
One-Class Classification,Natural Language Processing,7,227,40996
Unsupervised Image Registration,General,7,22,114234
Defect Detection,Graphs,7,394,12318
Audio Signal Processing,Computer Vision,7,70,54472
Graph Classification,Sequential,7,924,6593
Miscellaneous,Natural Language Processing,7,93,40996
Few-Shot Class-Incremental Learning,Graphs,7,118,12318
Lung Cancer Diagnosis,Natural Language Processing,7,63,40996
Hateful Meme Classification,General,7,17,114234
Fake Image Detection,Natural Language Processing,7,37,40996
Video Question Answering,Reinforcement Learning,7,458,6988
Panoptic Segmentation,Graphs,7,461,12318
BEV Segmentation,Computer Vision,7,43,54472
Speech Extraction,General,7,48,114234
Pose Tracking,Natural Language Processing,7,191,40996
Human Pose Forecasting,Natural Language Processing,7,58,40996
Solar Irradiance Forecasting,General,7,22,114234
Probing Language Models,Natural Language Processing,7,19,40996
Physics-informed machine learning,Natural Language Processing,7,192,40996
Dataset Distillation,Graphs,7,216,12318
Blind Docking,General,7,19,114234
3D Human Reconstruction,Natural Language Processing,7,106,40996
Weakly-supervised Video Anomaly Detection,General,7,36,114234
Multi-modal Classification,General,7,31,114234
blind source separation,Natural Language Processing,7,211,40996
Task-Oriented Dialogue Systems,Computer Vision,7,300,54472
Mathematical Reasoning,Graphs,7,805,12318
Sound Source Localization,Computer Vision,7,104,54472
Text-based Image Editing,General,7,45,114234
Activity Prediction,Natural Language Processing,7,106,40996
Hate Speech Detection,Graphs,7,504,12318
Homography Estimation,Natural Language Processing,7,134,40996
Open World Object Detection,Natural Language Processing,7,50,40996
Book summarization,General,7,13,114234
Conditional Text-to-Image Synthesis,Computer Vision,7,10,54472
Text-to-Video Editing,Computer Vision,7,9,54472
Dense Video Captioning,Computer Vision,7,75,54472
backdoor defense,Graphs,7,130,12318
Line Detection,Natural Language Processing,7,128,40996
Indoor Localization,Natural Language Processing,7,250,40996
Exposure Correction,Computer Vision,7,43,54472
Diffusion Personalization Tuning Free,Computer Vision,7,10,54472
audio-visual learning,Computer Vision,7,38,54472
Zero-Shot Composed Image Retrieval (ZS-CIR),Natural Language Processing,7,36,40996
Aspect Sentiment Triplet Extraction,Graphs,7,52,12318
Eeg Decoding,Natural Language Processing,7,74,40996
Anomaly Classification,Natural Language Processing,7,72,40996
Symbolic Regression,Graphs,7,418,12318
Job Shop Scheduling,Natural Language Processing,7,92,40996
Empathetic Response Generation,Natural Language Processing,7,45,40996
Noise Estimation,Natural Language Processing,7,114,40996
LLM Jailbreak,General,7,24,114234
Exemplar-Free,Natural Language Processing,7,72,40996
Cloth-Changing Person Re-Identification,Natural Language Processing,7,28,40996
Data Valuation,Natural Language Processing,7,119,40996
Human Dynamics,Natural Language Processing,7,52,40996
Authorship Verification,Natural Language Processing,7,67,40996
Heuristic Search,Natural Language Processing,7,260,40996
Chart Question Answering,General,7,49,114234
Response Generation,Reinforcement Learning,7,894,6988
Human-Object Interaction Generation,Computer Vision,7,10,54472
Video Action Detection,Natural Language Processing,7,32,40996
Multi-Label Learning,Natural Language Processing,7,297,40996
Conformal Prediction,Reinforcement Learning,7,703,6988
Graph Anomaly Detection,Computer Vision,7,86,54472
Image Comprehension,Computer Vision,7,49,54472
Structured Prediction,Reinforcement Learning,6,636,6988
ECG Classification,Sequential,6,116,6593
Stance Classification,Sequential,6,101,6593
Rotated MNIST,General,6,40,114234
Saliency Prediction,Sequential,6,265,6593
Abstractive Text Summarization,Reinforcement Learning,6,823,6988
Text Summarization,Reinforcement Learning,6,1315,6988
Paraphrase Identification,Sequential,6,170,6593
Kinship Verification,Computer Vision,6,42,54472
Graph-to-Sequence,Sequential,6,48,6593
Sequential Decision Making,Sequential,6,1204,6593
JPEG Artifact Correction,General,6,18,114234
Known Unknowns,General,6,15,114234
Term Extraction,Sequential,6,157,6593
3D Action Recognition,Graphs,6,91,12318
Point Cloud Retrieval,Computer Vision,6,18,54472
Explainable artificial intelligence,Sequential,6,971,6593
RTE,Computer Vision,6,111,54472
Dialogue Understanding,Graphs,6,77,12318
Speech Enhancement,Reinforcement Learning,6,980,6988
Speaker Verification,Sequential,6,744,6593
Text-Independent Speaker Recognition,General,6,21,114234
model,Audio,6,5411,488
Hyperspectral image analysis,Computer Vision,6,36,54472
Video Object Detection,Sequential,6,147,6593
Ordinal Classification,Computer Vision,6,72,54472
Dialogue Management,Computer Vision,6,195,54472
Expressive Speech Synthesis,Computer Vision,6,47,54472
Retinal OCT Disease Classification,Computer Vision,6,12,54472
Distant Speech Recognition,General,6,30,114234
Only Connect Walls Dataset Task 1 (Grouping),Natural Language Processing,6,10,40996
Template Matching,Sequential,6,219,6593
Lung Nodule Classification,Computer Vision,6,35,54472
Android Malware Detection,Computer Vision,6,76,54472
Face Sketch Synthesis,Computer Vision,6,18,54472
Natural Questions,Computer Vision,6,174,54472
Multimodal Unsupervised Image-To-Image Translation,Computer Vision,6,17,54472
Hippocampus,Reinforcement Learning,6,299,6988
Subjectivity Analysis,General,6,63,114234
Multi-tissue Nucleus Segmentation,Computer Vision,6,13,54472
Chemical Process,Computer Vision,6,58,54472
Graph Similarity,Computer Vision,6,111,54472
Supervised Only 3D Point Cloud Classification,General,6,13,114234
Real-Time Strategy Games,General,6,46,114234
Patch Matching,Natural Language Processing,6,97,40996
Topic Classification,Sequential,6,180,6593
Dota 2,General,6,27,114234
Image-Based Localization,Computer Vision,6,62,54472
Deep Learning,Audio,6,9401,488
Lipreading,Sequential,6,102,6593
L2 Regularization,Sequential,6,127,6593
Semantic Role Labeling,Graphs,6,615,12318
Semantic Parsing,Reinforcement Learning,6,1176,6988
Sentence Completion,Sequential,6,91,6593
Category-Agnostic Pose Estimation,General,6,15,114234
Action Analysis,General,6,40,114234
Face Clustering,Computer Vision,6,62,54472
Drug Discovery,Sequential,6,1336,6593
Electron Microscopy Image Segmentation,General,6,16,114234
Program induction,General,6,66,114234
Facial Expression Recognition (FER),Sequential,6,492,6593
Scene Labeling,Computer Vision,6,45,54472
Earth Observation,Sequential,6,518,6593
document-image-classification,Computer Vision,6,32,54472
Earthquake prediction,General,6,18,114234
OpenAI Gym,Sequential,6,382,6593
counterfactual,Sequential,6,2748,6593
Saliency Detection,Sequential,6,364,6593
Bayesian Inference,Sequential,6,2217,6593
Video Segmentation,Sequential,6,387,6593
Classification with Binary Neural Network,General,6,13,114234
Binarization,Sequential,6,430,6593
Polynomial Neural Networks,General,6,29,114234
Kidney Function,General,6,29,114234
Dialog Act Classification,General,6,22,114234
3D Facial Expression Recognition,General,6,13,114234
Learning to Execute,General,6,25,114234
Blind Image Deblurring,General,6,70,114234
Music Modeling,Computer Vision,6,34,54472
Temporal Action Proposal Generation,General,6,32,114234
3D Face Modelling,General,6,31,114234
Lexical Analysis,General,6,56,114234
Perceptual Distance,Computer Vision,6,33,54472
Perceptual Distance,General,6,33,114234
Document Embedding,Sequential,6,76,6593
Weakly-supervised instance segmentation,General,6,39,114234
Caricature,Natural Language Processing,6,37,40996
Multi Label Text Classification,Sequential,6,135,6593
Multi-Label Text Classification,Sequential,6,170,6593
Learning Word Embeddings,General,6,91,114234
Learning Word Embeddings,Natural Language Processing,6,91,40996
Music Modeling,Natural Language Processing,6,34,40996
Cyber Attack Detection,Computer Vision,6,41,54472
Landmark Recognition,Computer Vision,6,33,54472
Stock Market Prediction,Computer Vision,6,104,54472
Linear-Probe Classification,General,6,11,114234
Multimodal Intent Recognition,General,6,16,114234
Program Synthesis,Sequential,6,419,6593
Constituency Grammar Induction,General,6,21,114234
Motion Magnification,General,6,38,114234
Brain Image Segmentation,General,6,30,114234
Prediction,Audio,6,8724,488
Speech-to-Text Translation,Computer Vision,6,145,54472
Word Translation,Computer Vision,6,123,54472
General Reinforcement Learning,Computer Vision,6,84,54472
3D Feature Matching,Computer Vision,6,19,54472
AI Agent,Sequential,6,391,6593
Fine-grained Action Recognition,General,6,38,114234
Sleep Quality,Computer Vision,6,61,54472
Heart Segmentation,Computer Vision,6,30,54472
Entity Disambiguation,Sequential,6,155,6593
Concept Alignment,General,6,36,114234
Argument Mining,Computer Vision,6,283,54472
text similarity,Sequential,6,268,6593
Spatio-Temporal Action Localization,General,6,37,114234
Local Distortion,Computer Vision,6,25,54472
Video Object Segmentation,Sequential,6,549,6593
Medical Image Enhancement,Computer Vision,6,17,54472
compressed sensing,Sequential,6,988,6593
Linguistic Acceptability,Sequential,6,72,6593
Drug–drug Interaction Extraction,Natural Language Processing,6,26,40996
Card Games,Reinforcement Learning,6,52,6988
Partially Labeled Datasets,General,6,29,114234
Sequential Bayesian Inference,General,6,20,114234
Onset Detection,General,6,34,114234
Clinical Concept Extraction,Natural Language Processing,6,23,40996
Video Description,Computer Vision,6,103,54472
Action Segmentation,Sequential,6,217,6593
Masked Language Modeling,Sequential,6,456,6593
Phoneme Recognition,Computer Vision,6,103,54472
Cantilever Beam,General,6,25,114234
Surface Normals Estimation,Computer Vision,6,38,54472
Chinese Sentiment Analysis,General,6,11,114234
Mitosis Detection,Computer Vision,6,47,54472
Multi-target Domain Adaptation,Computer Vision,6,39,54472
Facial expression generation,Computer Vision,6,22,54472
WNLI,General,6,8,114234
WNLI,Natural Language Processing,6,8,40996
Speech Synthesis,Reinforcement Learning,6,1247,6988
image smoothing,General,6,44,114234
Solar Flare Prediction,General,6,27,114234
Seismic Imaging,General,6,44,114234
Multilingual Named Entity Recognition,Natural Language Processing,6,37,40996
Spoken Dialogue Systems,Natural Language Processing,6,250,40996
Text Style Transfer,Sequential,6,179,6593
Patent classification,Natural Language Processing,6,36,40996
Diachronic Word Embeddings,Natural Language Processing,6,27,40996
Keyphrase Extraction,Graphs,6,150,12318
Semantic Dependency Parsing,General,6,49,114234
Monocular Depth Estimation,Reinforcement Learning,6,875,6988
Kinship Verification,General,6,42,114234
Active Speaker Detection,General,6,63,114234
Activity Prediction,Computer Vision,6,106,54472
DQN Replay Dataset,Reinforcement Learning,6,7,6988
Voice Cloning,Sequential,6,112,6593
Sequential Image Classification,Computer Vision,6,44,54472
Cross-Modality Person Re-identification,General,6,26,114234
Veracity Classification,General,6,19,114234
coreference-resolution,Sequential,6,584,6593
Sentence Fusion,Natural Language Processing,6,35,40996
Sentence Fusion,Sequential,6,35,6593
Multimodal Deep Learning,Sequential,6,211,6593
Self-Supervised Action Recognition Linear,General,6,11,114234
Multivariate Time Series Forecasting,Sequential,6,245,6593
Image Restoration,Sequential,6,1454,6593
Blood pressure estimation,Computer Vision,6,29,54472
Fine-Grained Visual Categorization,Natural Language Processing,6,69,40996
Zero-Shot Cross-Modal Retrieval,Natural Language Processing,6,26,40996
Lightweight Face Recognition,General,6,14,114234
Semantic Composition,Natural Language Processing,6,110,40996
Edge Classification,Computer Vision,6,56,54472
Single-step retrosynthesis,Natural Language Processing,6,34,40996
Pathfinder,General,6,42,114234
Weakly-supervised Temporal Action Localization,General,6,76,114234
Cover song identification,General,6,18,114234
Propaganda detection,Sequential,6,61,6593
Literature Mining,General,6,24,114234
Program Repair,Graphs,6,132,12318
Dynamic graph embedding,Computer Vision,6,24,54472
Query-focused Summarization,General,6,35,114234
Query-focused Summarization,Natural Language Processing,6,35,40996
Crime Prediction,General,6,47,114234
Negation Scope Resolution,General,6,12,114234
Negation Scope Resolution,Natural Language Processing,6,12,40996
Car Racing,Reinforcement Learning,6,48,6988
Reflection Removal,General,6,81,114234
Atari Games 100k,General,6,18,114234
Phrase Grounding,Graphs,6,88,12318
Text-to-Face Generation,Computer Vision,6,10,54472
Self-Driving Cars,Graphs,6,514,12318
Sleep apnea detection,General,6,20,114234
Time-to-Event Prediction,General,6,27,114234
Electroencephalogram (EEG),Reinforcement Learning,6,1655,6988
Robot Navigation,Sequential,6,542,6593
Video Forensics,General,6,17,114234
Citation Recommendation,General,6,55,114234
Product Recommendation,Graphs,6,132,12318
Crowd Counting,Graphs,6,369,12318
Multiobjective Optimization,Computer Vision,6,155,54472
text-based games,Natural Language Processing,6,74,40996
One-Class Classification,Graphs,6,227,12318
Graph Sampling,Natural Language Processing,6,101,40996
Graph Reconstruction,Computer Vision,6,88,54472
Anatomy,Sequential,6,1132,6593
Winogrande,Natural Language Processing,6,26,40996
Graph Classification,Reinforcement Learning,6,924,6988
Few-shot Instance Segmentation,General,6,13,114234
GRAPH DOMAIN ADAPTATION,Computer Vision,6,40,54472
Visual Relationship Detection,Computer Vision,6,82,54472
Distributed Computing,Reinforcement Learning,6,377,6988
Meeting Summarization,Natural Language Processing,6,50,40996
Image Deblurring,Graphs,6,395,12318
input filtering,General,6,12,114234
Implicatures,General,6,29,114234
Implicatures,Natural Language Processing,6,29,40996
Algorithmic Trading,Reinforcement Learning,6,95,6988
Automated Theorem Proving,Reinforcement Learning,6,287,6988
EEG Signal Classification,General,6,27,114234
Motion Segmentation,Natural Language Processing,6,212,40996
Semi-Supervised Text Classification,Natural Language Processing,6,39,40996
Sign Language Production,Natural Language Processing,6,40,40996
Unsupervised Instance Segmentation,General,6,17,114234
2D Pose Estimation,Natural Language Processing,6,90,40996
COVID-19 Image Segmentation,General,6,14,114234
COVID-19 Image Segmentation,Computer Vision,6,14,54472
Table Search,General,6,15,114234
Table Search,Natural Language Processing,6,15,40996
Fact Verification,Sequential,6,211,6593
Human motion prediction,Graphs,6,161,12318
Code Repair,Computer Vision,6,38,54472
Relationship Detection,Computer Vision,6,86,54472
Motion Forecasting,Reinforcement Learning,6,205,6988
3D Human Shape Estimation,Computer Vision,6,33,54472
tensor algebra,General,6,41,114234
Starcraft,Graphs,6,309,12318
Crop Yield Prediction,Computer Vision,6,48,54472
Quantization,Audio,6,4915,488
Table annotation,Natural Language Processing,6,31,40996
Length-of-Stay prediction,General,6,28,114234
Split-MNIST,General,6,28,114234
Multi-Object Tracking and Segmentation,General,6,27,114234
Active Learning,Sequential,6,3057,6593
Distributed Optimization,Graphs,6,535,12318
Seeing Beyond the Visible,General,6,8,114234
Point Cloud Retrieval,General,6,18,114234
Learning Semantic Representations,Natural Language Processing,6,38,40996
Stereo Disparity Estimation,General,6,29,114234
Color Normalization,Computer Vision,6,23,54472
Self-supervised Video Retrieval,Graphs,6,10,12318
Long-tailed Object Detection,Computer Vision,6,25,54472
Singing Voice Synthesis,Audio,6,81,488
Visual Object Tracking,Graphs,6,338,12318
Inductive Learning,Natural Language Processing,6,152,40996
Definition Extraction,Natural Language Processing,6,27,40996
Unbiased Scene Graph Generation,Natural Language Processing,6,30,40996
Irregular Time Series,Graphs,6,82,12318
Twitter Sentiment Analysis,Natural Language Processing,6,94,40996
Reverse Dictionary,General,6,35,114234
Table-based Fact Verification,Natural Language Processing,6,25,40996
named-entity-recognition,Reinforcement Learning,6,2456,6988
Named Entity Recognition,Reinforcement Learning,6,2524,6988
COVID-19 Diagnosis,Graphs,6,210,12318
Unsupervised Few-Shot Image Classification,General,6,28,114234
Text to Video Retrieval,Graphs,6,75,12318
SVBRDF Estimation,Computer Vision,6,11,54472
SVBRDF Estimation,General,6,11,114234
Variational Monte Carlo,Computer Vision,6,55,54472
Causal Discovery,Graphs,6,741,12318
Extractive Summarization,Graphs,6,311,12318
Brain Computer Interface,Graphs,6,465,12318
quantile regression,Sequential,6,420,6593
Acrobot,General,6,28,114234
Contrastive Learning,Audio,6,6618,488
Image Compressed Sensing,Computer Vision,6,23,54472
motion prediction,Reinforcement Learning,6,592,6988
Low Resource Neural Machine Translation,Natural Language Processing,6,67,40996
Speech Enhancement,Graphs,6,980,12318
Matrix Completion,Reinforcement Learning,6,792,6988
Probabilistic Time Series Forecasting,Natural Language Processing,6,63,40996
Spectral Super-Resolution,General,6,18,114234
Salient Object Detection,Graphs,6,526,12318
Graph Property Prediction,Computer Vision,6,56,54472
Video deraining,Computer Vision,6,30,54472
Multiple Sequence Alignment,Computer Vision,6,54,54472
GRAPH DOMAIN ADAPTATION,Natural Language Processing,6,40,40996
Face Morphing Attack Detection,Computer Vision,6,25,54472
tabular-classification,Natural Language Processing,6,48,40996
Action Understanding,Computer Vision,6,88,54472
Molecular Graph Generation,Graphs,6,54,12318
Multiple-choice,Reinforcement Learning,6,1097,6988
Unity,Graphs,6,378,12318
Multiobjective Optimization,Natural Language Processing,6,155,40996
Text based Person Retrieval,Natural Language Processing,6,49,40996
Cancer Classification,Graphs,6,208,12318
Speech-to-Text,Graphs,6,401,12318
Thompson Sampling,Graphs,6,652,12318
Molecular Docking,Graphs,6,128,12318
UNET Segmentation,General,6,24,114234
Hope Speech Detection,General,6,47,114234
Hope Speech Detection,Natural Language Processing,6,47,40996
Super-Resolution,Reinforcement Learning,6,3867,6988
Correlated Time Series Forecasting,General,6,10,114234
Short Text Clustering,Graphs,6,33,12318
Genre classification,Graphs,6,130,12318
Music Tagging,Computer Vision,6,35,54472
Audio Denoising,Computer Vision,6,20,54472
Audio Denoising,General,6,20,114234
Sensor Fusion,Graphs,6,508,12318
Future prediction,Reinforcement Learning,6,151,6988
Multi-View 3D Reconstruction,Computer Vision,6,60,54472
Human Dynamics,General,6,52,114234
Explainable artificial intelligence,Graphs,6,971,12318
Conversation Summarization,Natural Language Processing,6,31,40996
Behavioural cloning,General,6,45,114234
audio-visual learning,General,6,38,114234
Inference Optimization,Natural Language Processing,6,56,40996
Model Predictive Control,Graphs,6,1581,12318
3D Shape Classification,Natural Language Processing,6,82,40996
AI Agent,Graphs,6,391,12318
POS,Graphs,6,1132,12318
Passage Retrieval,Computer Vision,6,261,54472
Document Layout Analysis,Graphs,6,98,12318
Extreme Summarization,General,6,21,114234
Semi-Supervised Domain Generalization,General,6,17,114234
Occluded Person Re-Identification,Natural Language Processing,6,46,40996
Aerial Scene Classification,General,6,22,114234
MRI classification,General,6,19,114234
inverse tone mapping,General,6,35,114234
Coronary Artery Segmentation,Computer Vision,6,22,54472
Scanpath prediction,Computer Vision,6,34,54472
Saliency Ranking,General,6,15,114234
Hippocampus,Graphs,6,299,12318
Full reference image quality assessment,General,6,50,114234
Simultaneous Localization and Mapping,Reinforcement Learning,6,571,6988
Unsupervised Semantic Segmentation,Graphs,6,95,12318
Financial Analysis,Computer Vision,6,93,54472
Scene Recognition,Natural Language Processing,6,207,40996
Knowledge-Aware Recommendation,Graphs,6,14,12318
Cross-Domain Few-Shot Object Detection,General,6,17,114234
Out of Distribution (OOD) Detection,Reinforcement Learning,6,627,6988
Multi-class Classification,Reinforcement Learning,6,895,6988
Caption Generation,Graphs,6,308,12318
Learning with noisy labels,Computer Vision,6,248,54472
Room Layout Estimation,Computer Vision,6,44,54472
coreference-resolution,Graphs,6,584,12318
Coreference Resolution,Graphs,6,869,12318
Dynamic Reconstruction,Computer Vision,6,64,54472
Semantic Composition,Computer Vision,6,110,54472
Generalizable Novel View Synthesis,Natural Language Processing,6,30,40996
Rhythm,Reinforcement Learning,6,515,6988
Image Harmonization,Natural Language Processing,6,93,40996
Video Reconstruction,Natural Language Processing,6,145,40996
Label Error Detection,General,6,12,114234
Transliteration,Computer Vision,6,431,54472
3D Shape Classification,Graphs,6,82,12318
Sound Event Localization and Detection,Computer Vision,6,65,54472
Iris Recognition,Natural Language Processing,6,139,40996
Novel Object Detection,Natural Language Processing,6,53,40996
Computer Security,Natural Language Processing,6,66,40996
Simultaneous Localization and Mapping,Graphs,6,571,12318
Auxiliary Learning,Natural Language Processing,6,100,40996
Multi-Person Pose forecasting,General,6,9,114234
Blocking,Reinforcement Learning,6,522,6988
Extracting Buildings In Remote Sensing Images,Natural Language Processing,6,14,40996
Zero-Shot Transfer 3D Point Cloud Classification,Computer Vision,6,11,54472
Image-text Classification,Computer Vision,6,13,54472
Room Impulse Response (RIR),Computer Vision,6,52,54472
Garment Reconstruction,Computer Vision,6,25,54472
Text to Audio Retrieval,General,6,20,114234
Bias Detection,Graphs,6,197,12318
Quantum Machine Learning,Graphs,6,699,12318
Online Action Detection,Natural Language Processing,6,39,40996
Multimodal Emotion Recognition,Sequential,6,179,6593
Protein Folding,Natural Language Processing,6,185,40996
Conversational Search,Computer Vision,6,154,54472
Open Set Learning,Natural Language Processing,6,267,40996
energy trading,Natural Language Processing,6,100,40996
Conformal Prediction,Graphs,6,703,12318
3D Anomaly Detection,Computer Vision,6,36,54472
Portfolio Optimization,Graphs,6,428,12318
Sentence Completion,Computer Vision,6,91,54472
TGIF-Frame,General,6,15,114234
Surface Normal Estimation,Natural Language Processing,6,95,40996
Acoustic Scene Classification,Natural Language Processing,6,131,40996
Traffic Object Detection,General,6,20,114234
ISAC,Reinforcement Learning,6,691,6988
Action Unit Detection,Natural Language Processing,6,108,40996
Authorship Attribution,Graphs,6,208,12318
Long-tail Learning,Natural Language Processing,6,131,40996
ICU Admission,Natural Language Processing,6,43,40996
Cell Segmentation,Graphs,6,178,12318
Spatio-Temporal Video Grounding,Natural Language Processing,6,22,40996
Facial Attribute Classification,General,6,37,114234
Point Cloud Pre-training,Natural Language Processing,6,26,40996
Protein Language Model,Graphs,6,73,12318
nlg evaluation,Natural Language Processing,6,68,40996
Intent Recognition,Graphs,6,92,12318
Deformable Object Manipulation,General,6,44,114234
Weakly supervised segmentation,Natural Language Processing,6,147,40996
Action Spotting,General,6,33,114234
Operator learning,Graphs,6,347,12318
Micro Expression Recognition,Natural Language Processing,6,72,40996
Micro-Expression Recognition,Natural Language Processing,6,74,40996
Raindrop Removal,General,6,22,114234
NavSim,Reinforcement Learning,6,26,6988
Weakly-supervised Video Anomaly Detection,Computer Vision,6,36,54472
Highlight Detection,Graphs,6,77,12318
Composed Image Retrieval (CoIR),Computer Vision,6,14,54472
Sentiment Classification,Reinforcement Learning,6,943,6988
Motion Interpolation,General,6,21,114234
Object Rearrangement,Computer Vision,6,63,54472
3D Multi-Object Tracking,Natural Language Processing,6,101,40996
Object Rearrangement,Natural Language Processing,6,63,40996
Medical Image Segmentation,Reinforcement Learning,6,2087,6988
Cell Segmentation,Natural Language Processing,6,178,40996
Value prediction,Graphs,6,83,12318
Portfolio Optimization,Reinforcement Learning,6,428,6988
Safe Exploration,Computer Vision,6,135,54472
Traffic Sign Detection,Natural Language Processing,6,56,40996
Phenotype classification,General,6,13,114234
Inference Attack,Graphs,6,283,12318
inverse tone mapping,Computer Vision,6,35,54472
Beat Tracking,General,6,19,114234
Temporal Action Segmentation,Natural Language Processing,6,61,40996
motion in-betweening,Computer Vision,6,17,54472
Semantic SLAM,General,6,40,114234
LIDAR Semantic Segmentation,Graphs,6,129,12318
Event-based Optical Flow,General,6,36,114234
Flare Removal,Natural Language Processing,6,24,40996
Contact-rich Manipulation,General,6,61,114234
Explanation Generation,Reinforcement Learning,6,232,6988
Natural Questions,Graphs,6,174,12318
Referring expression generation,Computer Vision,6,84,54472
Jurisprudence,General,6,26,114234
Diabetic Retinopathy Grading,Natural Language Processing,6,44,40996
Audio Signal Processing,Natural Language Processing,6,70,40996
automatic-speech-translation,General,6,22,114234
Sketch Colorization,General,6,9,114234
Collision Avoidance,Graphs,6,568,12318
Protein Function Prediction,Natural Language Processing,6,79,40996
Text-to-Music Generation,Natural Language Processing,6,37,40996
Complex Query Answering,Natural Language Processing,6,33,40996
Unsupervised Image Registration,Computer Vision,6,22,54472
Problem Decomposition,Natural Language Processing,6,54,40996
3D Generation,Graphs,6,430,12318
Geometry Problem Solving,General,6,27,114234
Audio-visual Question Answering,General,6,27,114234
Zero-shot Text-to-Image Retrieval,General,6,14,114234
Automated Theorem Proving,Computer Vision,6,287,54472
Photo geolocation estimation,Computer Vision,6,17,54472
Face Anonymization,Computer Vision,6,23,54472
Natural Language Moment Retrieval,General,6,22,114234
Indoor Scene Synthesis,Computer Vision,6,26,54472
Fine-Grained Visual Recognition,Graphs,6,72,12318
Diffusion Personalization,General,6,19,114234
Scene Text Editing,Computer Vision,6,17,54472
User Simulation,General,6,64,114234
RGBD Semantic Segmentation,General,6,14,114234
2k,Reinforcement Learning,6,287,6988
Latent Diffusion Model for 3D,Computer Vision,6,6,54472
3D Molecule Generation,Natural Language Processing,6,37,40996
Retinal Vessel Segmentation,Natural Language Processing,6,139,40996
Physical Simulations,Natural Language Processing,6,100,40996
Cloud Detection,Natural Language Processing,6,72,40996
CARLA Leaderboard 2.0,General,6,6,114234
CARLA Leaderboard 2.0,Reinforcement Learning,6,6,6988
ECG Classification,Natural Language Processing,6,116,40996
Memorization,Reinforcement Learning,6,1078,6988
Red Teaming,Reinforcement Learning,6,251,6988
Blind Image Quality Assessment,Natural Language Processing,6,46,40996
Hybrid Machine Learning,Natural Language Processing,6,103,40996
Graph Anomaly Detection,Natural Language Processing,6,86,40996
Models Alignment,Computer Vision,6,21,54472
Zero-Shot Object Detection,Natural Language Processing,6,57,40996
Attribute Extraction,Natural Language Processing,6,59,40996
Motion Compensation,Natural Language Processing,6,207,40996
Prompt Learning,Reinforcement Learning,6,675,6988
Speech Tokenization,General,6,21,114234
TruthfulQA,Computer Vision,6,80,54472
text-guided-generation,General,6,21,114234
Heart Rate Variability,Natural Language Processing,6,131,40996
Dataset Condensation,Computer Vision,6,56,54472
Medical Image Generation,Natural Language Processing,6,77,40996
Attribute Value Extraction,Natural Language Processing,6,35,40996
Consistent Character Generation,Computer Vision,6,10,54472
Inverse Rendering,Natural Language Processing,6,269,40996
Geometry Problem Solving,Computer Vision,6,27,54472
Underwater Image Restoration,Computer Vision,6,38,54472
Referring expression generation,Natural Language Processing,6,84,40996
MME,Computer Vision,6,95,54472
Task Arithmetic,Natural Language Processing,6,61,40996
Drone navigation,General,6,40,114234
Open Vocabulary Panoptic Segmentation,General,6,17,114234
Pneumonia Detection,Natural Language Processing,6,63,40996
Protein Language Model,Computer Vision,6,73,54472
knowledge editing,Computer Vision,6,175,54472
NR-IQA,Natural Language Processing,6,50,40996
Video MME,General,6,26,114234
geo-localization,Graphs,6,140,12318
Portrait Animation,Natural Language Processing,6,32,40996
MMLU,Reinforcement Learning,6,340,6988
Contact-rich Manipulation,Computer Vision,6,61,54472
Age And Gender Classification,Computer Vision,5,34,54472
Age Classification,Computer Vision,5,29,54472
Colorectal Gland Segmentation:,Computer Vision,5,9,54472
Video Saliency Detection,Sequential,5,36,6593
Human action generation,Computer Vision,5,13,54472
Headline Generation,Sequential,5,86,6593
Speech-to-Text,Sequential,5,401,6593
Fine-Grained Image Classification,Sequential,5,352,6593
Evolutionary Algorithms,Sequential,5,1106,6593
Procedural Text Understanding,General,5,15,114234
Paper generation,General,5,13,114234
Relation Prediction,Sequential,5,184,6593
Dynamic Topic Modeling,General,5,20,114234
ERP,Sequential,5,150,6593
Source Free Object Detection,General,5,17,114234
Multiple Object Tracking,Sequential,5,317,6593
Link Property Prediction,Graphs,5,13,12318
One-stage Anchor-free Oriented Object Detection,Computer Vision,5,17,54472
Dialogue Management,Reinforcement Learning,5,195,6988
3D Point Cloud Linear Classification,General,5,21,114234
Citation Intent Classification,General,5,17,114234
Only Connect Walls Dataset Task 1 (Grouping),General,5,10,114234
Citation Intent Classification,Natural Language Processing,5,17,40996
Tone Mapping,Graphs,5,128,12318
Visual Tracking,Sequential,5,524,6593
Subjectivity Analysis,Natural Language Processing,5,63,40996
Phoneme Recognition,Sequential,5,103,6593
Clinical Concept Extraction,Sequential,5,23,6593
Aerial Scene Classification,Computer Vision,5,22,54472
Clickbait Detection,General,5,31,114234
Information Plane,General,5,30,114234
Future prediction,Sequential,5,151,6593
Supervised Only 3D Point Cloud Classification,Natural Language Processing,5,13,40996
Suggestion mining,Sequential,5,32,6593
Medical Image Analysis,Sequential,5,1357,6593
Fundus to Angiography Generation,General,5,7,114234
Sketch-to-Image Translation,Computer Vision,5,14,54472
Visual Object Tracking,Sequential,5,338,6593
Asset Management,Natural Language Processing,5,87,40996
Semantic Frame Parsing,General,5,22,114234
Node Classification,Reinforcement Learning,5,1855,6988
Claim Verification,Computer Vision,5,132,54472
De-identification,Sequential,5,174,6593
Dialogue Act Classification,Sequential,5,65,6593
Model Optimization,Sequential,5,379,6593
Action Classification,Sequential,5,456,6593
Knowledge Base Question Answering,Sequential,5,133,6593
Medical Relation Extraction,General,5,15,114234
Cloud Computing,Sequential,5,581,6593
Image Compression,Sequential,5,1007,6593
Injury Prediction,General,5,11,114234
Unsupervised MNIST,Computer Vision,5,10,54472
Facial Expression Recognition,Sequential,5,531,6593
Collaborative Inference,Computer Vision,5,68,54472
Face Clustering,Graphs,5,62,12318
Boundary Detection,Sequential,5,357,6593
continuous-control,Sequential,5,1097,6593
Continuous Control,Sequential,5,1159,6593
Hyperspectral image analysis,General,5,36,114234
Surgical tool detection,Computer Vision,5,14,54472
POS Tagging,Computer Vision,5,516,54472
Sentence Summarization,Sequential,5,43,6593
CCG Supertagging,Sequential,5,24,6593
Lemmatization,Computer Vision,5,350,54472
Semantic Retrieval,Computer Vision,5,86,54472
Morphological Tagging,Sequential,5,93,6593
text-based games,Reinforcement Learning,5,74,6988
Pedestrian Detection,Graphs,5,438,12318
Leadership Inference,Sequential,5,5,6593
Real-Time Object Detection,Reinforcement Learning,5,258,6988
Answer Selection,Computer Vision,5,171,54472
Event Coreference Resolution,General,5,70,114234
Acoustic Modelling,Computer Vision,5,48,54472
hypergraph partitioning,General,5,26,114234
Tree Decomposition,General,5,34,114234
Humanitarian,Sequential,5,185,6593
Visual Dialog,Sequential,5,115,6593
Heterogeneous Treatment Effect Estimation,General,5,38,114234
Real-Time Object Detection,Sequential,5,258,6593
Thoracic Disease Classification,Computer Vision,5,16,54472
One-Shot Learning,Sequential,5,303,6593
2D Semantic Segmentation,Graphs,5,79,12318
Surface Normals Estimation,General,5,38,114234
Spike Sorting,Computer Vision,5,51,54472
Unseen Object Instance Segmentation,General,5,13,114234
LV Segmentation,General,5,28,114234
Left Ventricle Segmentation,Computer Vision,5,25,54472
LV Segmentation,Computer Vision,5,28,54472
GAN image forensics,Computer Vision,5,8,54472
Voice Similarity,General,5,14,114234
Music Emotion Recognition,Computer Vision,5,35,54472
Linear-Probe Classification,Computer Vision,5,11,54472
Multimodal Intent Recognition,Natural Language Processing,5,16,40996
Indoor Localization,Sequential,5,250,6593
Nuclei Classification,General,5,14,114234
Data-to-Text Generation,Graphs,5,214,12318
Graph-to-Sequence,Graphs,5,48,12318
Unsupervised Pre-training,Sequential,5,263,6593
Voice Similarity,Computer Vision,5,14,54472
Unsupervised Speech Recognition,Computer Vision,5,17,54472
Load Forecasting,Reinforcement Learning,5,235,6988
Probabilistic Programming,Computer Vision,5,273,54472
Nuclei Classification,Graphs,5,14,12318
Robust 3D Object Detection,Computer Vision,5,33,54472
Partial Domain Adaptation,Computer Vision,5,56,54472
Natural Language Queries,Sequential,5,335,6593
Video Compression,Sequential,5,496,6593
Scene Change Detection,General,5,24,114234
3D Point Cloud Reconstruction,Computer Vision,5,22,54472
satellite image super-resolution,Computer Vision,5,12,54472
Community Question Answering,Sequential,5,235,6593
Predicate Detection,General,5,11,114234
Nested Named Entity Recognition,Sequential,5,77,6593
AMR Parsing,Sequential,5,113,6593
Word Alignment,Sequential,5,545,6593
Satire Detection,General,5,13,114234
Discourse Parsing,Sequential,5,188,6593
Image-level Supervised Instance Segmentation,General,5,14,114234
Group Activity Recognition,Computer Vision,5,65,54472
Face Identification,Graphs,5,142,12318
Cross-Modal Information Retrieval,Computer Vision,5,16,54472
Data Visualization,Graphs,5,335,12318
Traffic Classification,Sequential,5,110,6593
Mental Stress Detection,General,5,9,114234
Automated Feature Engineering,General,5,46,114234
Medical Relation Extraction,Natural Language Processing,5,15,40996
Data Compression,Sequential,5,459,6593
3D Object Detection From Stereo Images,Computer Vision,5,14,54472
3D Shape Reconstruction,Graphs,5,139,12318
Variable Selection,Reinforcement Learning,5,565,6988
Information Retrieval,Audio,5,4717,488
Music Information Retrieval,Audio,5,255,488
Metaheuristic Optimization,Reinforcement Learning,5,69,6988
UCCA Parsing,General,5,13,114234
Monocular Visual Odometry,Computer Vision,5,71,54472
Extractive Document Summarization,General,5,28,114234
Heterogeneous Face Recognition,Computer Vision,5,36,54472
Joint Entity and Relation Extraction,Sequential,5,85,6593
Tensor Networks,Graphs,5,226,12318
Robust Face Alignment,General,5,17,114234
Unsupervised Video Summarization,General,5,30,114234
Chinese Sentiment Analysis,Natural Language Processing,5,11,40996
Classification Consistency,General,5,13,114234
Semi-Supervised Image Classification,Natural Language Processing,5,167,40996
Entity Typing,Sequential,5,162,6593
Human Detection,Graphs,5,306,12318
Network Interpretation,Computer Vision,5,26,54472
Abusive Language,Computer Vision,5,164,54472
Lifelong learning,Sequential,5,467,6593
Node Classification on Non-Homophilic (Heterophilic) Graphs,Computer Vision,5,29,54472
Constituency Parsing,Computer Vision,5,199,54472
Keyphrase Extraction,Computer Vision,5,150,54472
Dialect Identification,Computer Vision,5,189,54472
Respiratory Failure,General,5,26,114234
Unsupervised Extractive Summarization,General,5,30,114234
Riemannian optimization,Graphs,5,152,12318
Deep Attention,Sequential,5,108,6593
Audio Question Answering,Natural Language Processing,5,18,40996
Image Augmentation,Reinforcement Learning,5,308,6988
Loop Closure Detection,Computer Vision,5,89,54472
Method name prediction,Graphs,5,24,12318
Multiple Object Tracking,Graphs,5,317,12318
Video Generation,Sequential,5,1461,6593
Triple Classification,Natural Language Processing,5,45,40996
Scene Understanding,Sequential,5,1722,6593
Modality completion,Computer Vision,5,10,54472
Part-Of-Speech Tagging,Graphs,5,985,12318
Text Clustering,Computer Vision,5,121,54472
subspace methods,General,5,49,114234
Scene Generation,Graphs,5,308,12318
Philosophy,Sequential,5,753,6593
Stock Prediction,Graphs,5,102,12318
Nested Named Entity Recognition,Natural Language Processing,5,77,40996
Sensor Modeling,General,5,25,114234
Skills Assessment,General,5,21,114234
Transfer Reinforcement Learning,Reinforcement Learning,5,41,6988
Video Similarity,General,5,24,114234
Text Detection,Sequential,5,592,6593
cognitive diagnosis,Computer Vision,5,42,54472
Real-World Adversarial Attack,General,5,15,114234
Temporal Relation Extraction,Computer Vision,5,88,54472
3D Face Alignment,Computer Vision,5,26,54472
Distance regression,Computer Vision,5,19,54472
NMT,Reinforcement Learning,5,1737,6988
Incremental Learning,Sequential,5,1370,6593
Audio Super-Resolution,General,5,21,114234
Novel Concepts,Graphs,5,158,12318
Partially Observable Reinforcement Learning,General,5,18,114234
Trajectory Forecasting,Graphs,5,187,12318
set matching,Natural Language Processing,5,41,40996
Position regression,General,5,15,114234
Entity Embeddings,Sequential,5,150,6593
Inductive knowledge graph completion,General,5,20,114234
Text Categorization,Natural Language Processing,5,246,40996
Magnetic Resonance Fingerprinting,General,5,35,114234
Problem Decomposition,Computer Vision,5,54,54472
Causal Language Modeling,Computer Vision,5,51,54472
Unsupervised Few-Shot Learning,General,5,22,114234
Graph-to-Sequence,Natural Language Processing,5,48,40996
Polyp Segmentation,General,5,10,114234
Atari Games 100k,Computer Vision,5,18,54472
Depth Map Super-Resolution,General,5,28,114234
Audio Source Separation,Natural Language Processing,5,111,40996
Weakly-supervised Anomaly Detection,General,5,32,114234
Air Pollution Prediction,General,5,14,114234
Band Gap,Computer Vision,5,60,54472
De-aliasing,Computer Vision,5,22,54472
Data Integration,Sequential,5,430,6593
Variable misuse,General,5,15,114234
Variable misuse,Natural Language Processing,5,15,40996
Partial Label Learning,Computer Vision,5,85,54472
Biomedical Information Retrieval,Natural Language Processing,5,15,40996
Transliteration,Sequential,5,431,6593
Program Synthesis,Graphs,5,419,12318
Robust classification,Sequential,5,295,6593
Disentanglement,Audio,5,1843,488
Bilevel Optimization,Reinforcement Learning,5,422,6988
Code Documentation Generation,Natural Language Processing,5,8,40996
Video Emotion Recognition,General,5,29,114234
Sketch-Based Image Retrieval,Natural Language Processing,5,110,40996
Zero-shot Text Search,General,5,14,114234
Zero-shot Text Search,Natural Language Processing,5,14,40996
Audio-Visual Question Answering (AVQA),Computer Vision,5,20,54472
Space-time Video Super-resolution,Computer Vision,5,24,54472
Semi-supervised Anomaly Detection,Graphs,5,76,12318
Radar Object Detection,Computer Vision,5,29,54472
Weakly Supervised Action Localization,Computer Vision,5,55,54472
Weakly-supervised Temporal Action Localization,Computer Vision,5,76,54472
Few-shot Instance Segmentation,Computer Vision,5,13,54472
Science Question Answering,Natural Language Processing,5,23,40996
Automatic Machine Learning Model Selection,General,5,8,114234
Probabilistic Deep Learning,Computer Vision,5,79,54472
Persian Sentiment Analysis,General,5,13,114234
zero-shot-classification,Reinforcement Learning,5,421,6988
Detecting Image Manipulation,Computer Vision,5,12,54472
Micro Expression Recognition,Graphs,5,72,12318
Micro-Expression Recognition,Graphs,5,74,12318
Discourse Parsing,Natural Language Processing,5,188,40996
End-To-End Dialogue Modelling,General,5,10,114234
Table Extraction,Computer Vision,5,32,54472
Table Extraction,General,5,32,114234
Unsupervised Instance Segmentation,Computer Vision,5,17,54472
Code Completion,Graphs,5,212,12318
Image Forgery Detection,Computer Vision,5,47,54472
Motion Style Transfer,General,5,16,114234
Image Rescaling,Computer Vision,5,22,54472
Epidemiology,Graphs,5,425,12318
News Classification,Sequential,5,71,6593
Dialogue Evaluation,Computer Vision,5,96,54472
Intent Classification and Slot Filling,Natural Language Processing,5,33,40996
Counterfactual Detection,Reinforcement Learning,5,8,6988
Raspberry Pi 4,Natural Language Processing,5,48,40996
Irregular Time Series,Computer Vision,5,82,54472
Layout Generation,Graphs,5,148,12318
3D human pose and shape estimation,Computer Vision,5,50,54472
distortion correction,General,5,45,114234
Video Compression,Graphs,5,496,12318
software testing,Computer Vision,5,134,54472
Grasp Generation,General,5,51,114234
Question Selection,General,5,30,114234
KG-to-Text Generation,General,5,22,114234
KG-to-Text Generation,Natural Language Processing,5,22,40996
Optic Cup Segmentation,Computer Vision,5,8,54472
3D Object Tracking,Computer Vision,5,66,54472
Emotion-Cause Pair Extraction,General,5,46,114234
Multi-modal Named Entity Recognition,General,5,9,114234
Extreme Multi-Label Classification,Graphs,5,75,12318
Aspect Category Detection,General,5,31,114234
Starcraft II,Graphs,5,173,12318
Fraud Detection,Reinforcement Learning,5,545,6988
Columns Property Annotation,General,5,11,114234
Column Type Annotation,Natural Language Processing,5,34,40996
Cultural Vocal Bursts Intensity Prediction,Reinforcement Learning,5,488,6988
Histopathological Image Classification,Graphs,5,40,12318
Action Triplet Recognition,General,5,12,114234
Weakly Supervised Action Localization,General,5,55,114234
Action Recognition In Videos,Graphs,5,124,12318
Multi-Task Learning,Audio,5,3654,488
3D Multi-Person Mesh Recovery,General,5,12,114234
Protein Design,Graphs,5,175,12318
Elementary Mathematics,General,5,7,114234
Visual Odometry,Reinforcement Learning,5,408,6988
Job Shop Scheduling,Graphs,5,92,12318
Novelty Detection,Graphs,5,249,12318
Low-rank compression,Natural Language Processing,5,34,40996
Drug Design,Reinforcement Learning,5,440,6988
Question Rewriting,General,5,24,114234
Proper Noun,General,5,15,114234
CARLA MAP Leaderboard,General,5,8,114234
CARLA MAP Leaderboard,Reinforcement Learning,5,8,6988
Retrosynthesis,Graphs,5,110,12318
Tensor Networks,Natural Language Processing,5,226,40996
FetchPush-v1,Reinforcement Learning,5,5,6988
Decision Making Under Uncertainty,Computer Vision,5,263,54472
Video Matting,Computer Vision,5,30,54472
Probabilistic Deep Learning,Sequential,5,79,6593
Pseudo Label Filtering,General,5,26,114234
Single Image Deraining,Graphs,5,94,12318
Amodal Instance Segmentation,Computer Vision,5,24,54472
Video deraining,General,5,30,114234
Spoken language identification,Computer Vision,5,50,54472
Land Cover Classification,Graphs,5,151,12318
Camera Relocalization,Computer Vision,5,59,54472
Product Recommendation,Computer Vision,5,132,54472
3D Multi-Person Pose Estimation,Graphs,5,62,12318
Astronomy,Graphs,5,394,12318
Binarization,Graphs,5,430,12318
Entity Typing,Graphs,5,162,12318
Key-value Pair Extraction,General,5,12,114234
Key-value Pair Extraction,Natural Language Processing,5,12,40996
Trajectory Recovery,Computer Vision,5,25,54472
Text Infilling,General,5,42,114234
Text Infilling,Natural Language Processing,5,42,40996
Lesion Detection,Graphs,5,257,12318
Hand Gesture Recognition,Graphs,5,198,12318
STS Benchmark,Natural Language Processing,5,16,40996
STS Benchmark,General,5,16,114234
Audio Source Separation,Audio,5,111,488
Packet Loss Concealment,General,5,19,114234
Short Text Clustering,Natural Language Processing,5,33,40996
Multilingual Word Embeddings,Natural Language Processing,5,56,40996
Image Colorization,Natural Language Processing,5,127,40996
Jet Tagging,Natural Language Processing,5,45,40996
Image Compression,Reinforcement Learning,5,1007,6988
Sensor Modeling,Computer Vision,5,25,54472
Hateful Meme Classification,Computer Vision,5,17,54472
Scene Graph Detection,General,5,11,114234
ROI-based image generation,Computer Vision,5,7,54472
Interpretable Machine Learning,Graphs,5,534,12318
6D Pose Estimation,Graphs,5,255,12318
Interactive Video Object Segmentation,Computer Vision,5,16,54472
Fovea Detection,General,5,8,114234
Comment Generation,Natural Language Processing,5,65,40996
Multi-modal Entity Alignment,General,5,19,114234
Unsupervised Saliency Detection,General,5,12,114234
Photoplethysmography (PPG),Sequential,5,148,6593
Gender Bias Detection,General,5,17,114234
Friction,Reinforcement Learning,5,417,6988
Music Genre Classification,Natural Language Processing,5,56,40996
Weakly-supervised Temporal Action Localization,Graphs,5,76,12318
Robotic Grasping,Graphs,5,246,12318
Human Parsing,Natural Language Processing,5,125,40996
Electrocardiography (ECG),Graphs,5,117,12318
Negation,Graphs,5,600,12318
Prediction Intervals,Reinforcement Learning,5,309,6988
Seizure Detection,Graphs,5,175,12318
Zero-shot Slot Filling,Natural Language Processing,5,20,40996
Open Vocabulary Image Classification,Computer Vision,5,7,54472
Histopathological Image Classification,Natural Language Processing,5,40,40996
Single-object discovery,General,5,10,114234
Linear evaluation,Natural Language Processing,5,128,40996
One-Shot Object Detection,Natural Language Processing,5,20,40996
Co-Salient Object Detection,Natural Language Processing,5,44,40996
3D Place Recognition,Natural Language Processing,5,27,40996
Protein Folding,Reinforcement Learning,5,185,6988
Music Style Transfer,Natural Language Processing,5,13,40996
Clone Detection,Computer Vision,5,68,54472
Transductive Learning,Natural Language Processing,5,134,40996
Anatomy,Reinforcement Learning,5,1132,6988
Vector Graphics,Graphs,5,88,12318
Camera Relocalization,Natural Language Processing,5,59,40996
Camera Pose Estimation,Graphs,5,301,12318
Face Anonymization,General,5,23,114234
Non-Intrusive Load Monitoring,Natural Language Processing,5,99,40996
Single Image Desnowing,Natural Language Processing,5,10,40996
Graph Reconstruction,Graphs,5,88,12318
Discourse Parsing,Graphs,5,188,12318
Aspect Term Extraction and Sentiment Classification,General,5,14,114234
Aspect Term Extraction and Sentiment Classification,Natural Language Processing,5,14,40996
Target Sound Extraction,General,5,16,114234
Dialogue State Tracking,Graphs,5,287,12318
Fact Checking,Reinforcement Learning,5,658,6988
Nonhomogeneous Image Dehazing,General,5,11,114234
Moving Object Detection,General,5,70,114234
DNN Testing,Computer Vision,5,27,54472
Universal Domain Adaptation,Graphs,5,55,12318
Transparent objects,Natural Language Processing,5,117,40996
energy management,Graphs,5,515,12318
Traffic Data Imputation,Graphs,5,23,12318
3D visual grounding,Graphs,5,82,12318
Facial Inpainting,Natural Language Processing,5,60,40996
2D Object Detection,Graphs,5,210,12318
graph construction,Reinforcement Learning,5,558,6988
Grayscale Image Denoising,General,5,13,114234
Material Classification,Natural Language Processing,5,65,40996
Speech-to-Text,Audio,5,401,488
Out-of-Distribution Detection,Reinforcement Learning,5,886,6988
Image Manipulation Localization,Computer Vision,5,31,54472
Commonsense Causal Reasoning,General,5,13,114234
Prognosis,Reinforcement Learning,5,899,6988
Infrared image super-resolution,Computer Vision,5,11,54472
Coherence Evaluation,Natural Language Processing,5,28,40996
Novel View Synthesis,Reinforcement Learning,5,1437,6988
Learning Semantic Representations,Computer Vision,5,38,54472
Pseudo Label,Reinforcement Learning,5,953,6988
Grammatical Error Correction,Computer Vision,5,410,54472
Fact Verification,Reinforcement Learning,5,211,6988
Formality Style Transfer,Natural Language Processing,5,19,40996
L2 Regularization,Natural Language Processing,5,127,40996
Empathetic Response Generation,Computer Vision,5,45,54472
Link Sign Prediction,General,5,21,114234
BraTS2021,General,5,15,114234
Event-Based Video Reconstruction,General,5,12,114234
Split-CIFAR-10,General,5,10,114234
Text-to-Shape Generation,Computer Vision,5,8,54472
Traveling Salesman Problem,Sequential,5,253,6593
PICO,Graphs,5,68,12318
2k,Graphs,5,287,12318
Human Pose Forecasting,Graphs,5,58,12318
Motion Synthesis,Graphs,5,279,12318
Person Search,Graphs,5,138,12318
Video Quality Assessment,Graphs,5,216,12318
Multiple Sequence Alignment,Natural Language Processing,5,54,40996
Multispectral Object Detection,Natural Language Processing,5,38,40996
Video-to-Video Synthesis,Computer Vision,5,18,54472
Text Augmentation,Graphs,5,96,12318
Low-Light Image Enhancement,Graphs,5,315,12318
Trajectory Forecasting,Reinforcement Learning,5,187,6988
3D Open-Vocabulary Instance Segmentation,General,5,14,114234
Zero-shot 3D Point Cloud Classification,General,5,13,114234
3D Instance Segmentation,Graphs,5,153,12318
Anomaly Detection In Surveillance Videos,Natural Language Processing,5,65,40996
Self-Knowledge Distillation,Natural Language Processing,5,68,40996
Gaze Estimation,Graphs,5,248,12318
One-Shot Face Stylization,Computer Vision,5,5,54472
3D-Aware Image Synthesis,General,5,48,114234
Node Regression,Graphs,5,13,12318
Misconceptions,Graphs,5,161,12318
Image Registration,Reinforcement Learning,5,951,6988
Video Instance Segmentation,Graphs,5,147,12318
Data Free Quantization,Graphs,5,37,12318
Unsupervised Few-Shot Image Classification,Graphs,5,28,12318
Emotional Intelligence,Computer Vision,5,77,54472
Efficient Exploration,Graphs,5,513,12318
3D dense captioning,Natural Language Processing,5,25,40996
Document AI,Computer Vision,5,40,54472
Diffusion MRI,Graphs,5,212,12318
"Initial Structure to Relaxed Energy (IS2RE), Direct",General,5,7,114234
3D dense captioning,Computer Vision,5,25,54472
Robot Manipulation Generalization,General,5,19,114234
Sound Source Localization,Graphs,5,104,12318
Template Matching,Natural Language Processing,5,219,40996
Odd One Out,General,5,21,114234
Cross-Domain Few-Shot Object Detection,Natural Language Processing,5,17,40996
Hypergraph representations,Graphs,5,11,12318
3D Multi-Person Pose Estimation,Natural Language Processing,5,62,40996
Nested Named Entity Recognition,Graphs,5,77,12318
Demosaicking,Natural Language Processing,5,149,40996
Event Causality Identification,General,5,25,114234
Event Causality Identification,Natural Language Processing,5,25,40996
Burst Image Super-Resolution,General,5,15,114234
Lightweight Deployment,General,5,15,114234
Zero-shot Named Entity Recognition (NER),General,5,11,114234
MRI segmentation,Graphs,5,177,12318
Exemplar-Free Counting,General,5,9,114234
Action Spotting,Computer Vision,5,33,54472
Gloss-free Sign Language Translation,Computer Vision,5,20,54472
text annotation,Computer Vision,5,125,54472
Long Term Action Anticipation,Natural Language Processing,5,22,40996
Traffic Signal Control,Graphs,5,201,12318
Zero-Shot Instance Segmentation,General,5,13,114234
Text Infilling,Computer Vision,5,42,54472
Partial Label Learning,Natural Language Processing,5,85,40996
statistical independence testing,General,5,6,114234
Open-vocabulary object detection,Graphs,5,121,12318
Open Vocabulary Object Detection,Graphs,5,145,12318
Hierarchical Reinforcement Learning,Graphs,5,382,12318
User Identification,Graphs,5,76,12318
Gloss-free Sign Language Translation,General,5,20,114234
Handwritten Mathmatical Expression Recognition,General,5,16,114234
Arithmetic Reasoning,Computer Vision,5,175,54472
Infrared And Visible Image Fusion,Graphs,5,83,12318
"Initial Structure to Relaxed Energy (IS2RE), Direct",Graphs,5,7,12318
Scene Text Recognition,Graphs,5,267,12318
Bird's-Eye View Semantic Segmentation,Computer Vision,5,26,54472
Weakly Supervised Object Detection,Natural Language Processing,5,141,40996
Panoptic Scene Graph Generation,General,5,21,114234
Dataset Generation,Reinforcement Learning,5,308,6988
Human Interaction Recognition,Natural Language Processing,5,22,40996
Blind Super-Resolution,Graphs,5,67,12318
Contact Detection,General,5,27,114234
Travel Time Estimation,Natural Language Processing,5,55,40996
Log Parsing,General,5,29,114234
Snow Removal,Natural Language Processing,5,28,40996
Solar Flare Prediction,Reinforcement Learning,5,27,6988
Disaster Response,Reinforcement Learning,5,217,6988
Optical Character Recognition,Graphs,5,526,12318
3D Object Editing,Computer Vision,5,8,54472
Semantic SLAM,Computer Vision,5,40,54472
News Recommendation,Computer Vision,5,193,54472
Stochastic Human Motion Prediction,Computer Vision,5,9,54472
Image Manipulation,Graphs,5,426,12318
Jurisprudence,Natural Language Processing,5,26,40996
scientific discovery,Graphs,5,463,12318
4D reconstruction,General,5,78,114234
Moment Queries,General,5,16,114234
Trajectory Recovery,Reinforcement Learning,5,25,6988
Behavioural cloning,Computer Vision,5,45,54472
Hyperspectral Image Denoising,Natural Language Processing,5,54,40996
NeRF,Reinforcement Learning,5,1710,6988
Class-Incremental Object Detection,Computer Vision,5,17,54472
Driver Attention Monitoring,General,5,14,114234
Lung Nodule Detection,Natural Language Processing,5,59,40996
Open-Vocabulary Semantic Segmentation,Graphs,5,95,12318
CoLA,Computer Vision,5,78,54472
Empathetic Response Generation,General,5,45,114234
Visual Prompt Tuning,Graphs,5,70,12318
Sand,Natural Language Processing,5,106,40996
cognitive diagnosis,Natural Language Processing,5,42,40996
Robust 3D Object Detection,General,5,33,114234
Graph Similarity,Natural Language Processing,5,111,40996
Depression Detection,Sequential,5,157,6593
Story Visualization,Natural Language Processing,5,41,40996
visual instruction following,Natural Language Processing,5,24,40996
Tumor Segmentation,Reinforcement Learning,5,785,6988
Protein Function Prediction,Computer Vision,5,79,54472
3D human pose and shape estimation,Natural Language Processing,5,50,40996
Motion Magnification,Natural Language Processing,5,38,40996
few-shot-ner,Graphs,5,30,12318
Models Alignment,Natural Language Processing,5,21,40996
Human Mesh Recovery,Graphs,5,109,12318
MMR total,General,5,12,114234
Scanpath prediction,Natural Language Processing,5,34,40996
Stereo Image Super-Resolution,Natural Language Processing,5,24,40996
Temporal Action Segmentation,Computer Vision,5,61,54472
3D Single Object Tracking,Computer Vision,5,43,54472
Computational chemistry,Natural Language Processing,5,122,40996
Synthetic Face Recognition,Computer Vision,5,12,54472
Segmentation Of Remote Sensing Imagery,Natural Language Processing,5,27,40996
Multimodal Recommendation,Graphs,5,59,12318
Semantic Compression,Natural Language Processing,5,60,40996
Video-based Generative Performance Benchmarking,General,5,20,114234
few-shot-ner,General,5,30,114234
EEG Emotion Recognition,Natural Language Processing,5,35,40996
Zero-Shot Counting,Computer Vision,5,17,54472
Self-Knowledge Distillation,Graphs,5,68,12318
Molecule Captioning,Natural Language Processing,5,25,40996
Task and Motion Planning,Natural Language Processing,5,86,40996
Reranking,Reinforcement Learning,5,580,6988
Brain Decoding,Graphs,5,118,12318
Lung Disease Classification,Computer Vision,5,24,54472
Content-Based Image Retrieval,Natural Language Processing,5,195,40996
zero-shot anomaly detection,Natural Language Processing,5,35,40996
In-Context Reinforcement Learning,Computer Vision,5,33,54472
Moral Scenarios,Natural Language Processing,5,17,40996
Geophysics,Natural Language Processing,5,76,40996
Matrix Completion,Natural Language Processing,5,792,40996
Text-based Person Retrieval,General,5,26,114234
Image to Point Cloud Registration,General,5,21,114234
Robust Object Detection,Natural Language Processing,5,90,40996
Bench2Drive,Natural Language Processing,5,35,40996
Saliency Ranking,Natural Language Processing,5,15,40996
Chart Understanding,Computer Vision,5,47,54472
3D Question Answering (3D-QA),Natural Language Processing,5,22,40996
Social Navigation,Natural Language Processing,5,69,40996
4D reconstruction,Natural Language Processing,5,78,40996
Time Series Alignment,Computer Vision,5,18,54472
Log Parsing,Natural Language Processing,5,29,40996
Audio Deepfake Detection,Computer Vision,5,74,54472
Data Interaction,General,5,21,114234
Compiler Optimization,Natural Language Processing,5,45,40996
Human Dynamics,Computer Vision,5,52,54472
audio-visual learning,Natural Language Processing,5,38,40996
Target Speaker Extraction,Natural Language Processing,5,55,40996
Jet Tagging,Graphs,5,45,12318
Card Games,Natural Language Processing,5,52,40996
Image Forensics,Natural Language Processing,5,108,40996
Missing Elements,Natural Language Processing,5,46,40996
channel selection,Natural Language Processing,5,119,40996
Band Gap,Natural Language Processing,5,60,40996
Exemplar-Free,Computer Vision,5,72,54472
MM-Vet,General,5,19,114234
MTEB Benchmark,General,5,13,114234
3D scene Editing,Natural Language Processing,5,46,40996
TextVQA,Computer Vision,5,47,54472
Point Cloud Quality Assessment,General,5,40,114234
Natural Language Moment Retrieval,Natural Language Processing,5,22,40996
Motion Style Transfer,Computer Vision,5,16,54472
Multimedia recommendation,Natural Language Processing,5,23,40996
Hyperspectral Unmixing,Natural Language Processing,5,113,40996
Additive models,Natural Language Processing,5,251,40996
Direction of Arrival Estimation,General,5,94,114234
Raindrop Removal,Natural Language Processing,5,22,40996
Synthetic Speech Detection,Natural Language Processing,5,29,40996
Sports Analytics,Natural Language Processing,5,97,40996
3D Semantic Occupancy Prediction,Computer Vision,5,47,54472
Satellite Image Classification,Natural Language Processing,5,33,40996
Mathematical Problem-Solving,Reinforcement Learning,5,106,6988
Kolmogorov-Arnold Networks,Sequential,5,255,6593
Collaborative Inference,Natural Language Processing,5,68,40996
Kolmogorov-Arnold Networks,Reinforcement Learning,5,255,6988
Insulator Defect Detection,Computer Vision,5,5,54472
Insulator Defect Detection,General,5,5,114234
Open-Vocabulary Semantic Segmentation,Natural Language Processing,5,95,40996
Reasoning Segmentation,Natural Language Processing,5,52,40996
Video Understanding,Reinforcement Learning,5,1143,6988
Safety Alignment,Graphs,5,288,12318
Portrait Animation,General,5,32,114234
Instance Search,Computer Vision,4,28,54472
Instance Search,General,4,28,114234
Knowledge Base Completion,Computer Vision,4,154,54472
Aspect Category Sentiment Analysis,General,4,18,114234
Abstractive Dialogue Summarization,Graphs,4,34,12318
Split and Rephrase,Sequential,4,17,6593
Temporal Localization,Sequential,4,153,6593
Source Free Object Detection,Computer Vision,4,17,54472
One-stage Anchor-free Oriented Object Detection,General,4,17,114234
Accident Anticipation,General,4,15,114234
Breast Cancer Histology Image Classification,Computer Vision,4,17,54472
Human Instance Segmentation,General,4,16,114234
Noisy Speech Recognition,General,4,13,114234
3D Shape Retrieval,General,4,64,114234
Face Sketch Synthesis,General,4,18,114234
Time Series Alignment,Sequential,4,18,6593
Multimodal Unsupervised Image-To-Image Translation,General,4,17,114234
Word Similarity,Graphs,4,374,12318
Argument Mining,Sequential,4,283,6593
Text-Dependent Speaker Verification,General,4,25,114234
Curved Text Detection,General,4,14,114234
Breast Tumour Classification,General,4,13,114234
Human Aging,Computer Vision,4,18,54472
Scene Labeling,General,4,45,114234
Multimodal Activity Recognition,General,4,30,114234
Cross-Modal Retrieval,Sequential,4,522,6593
Entity Disambiguation,Computer Vision,4,155,54472
Dichotomous Image Segmentation,Natural Language Processing,4,28,40996
Fundus to Angiography Generation,Computer Vision,4,7,54472
Minecraft,Sequential,4,235,6593
Lung Disease Classification,Graphs,4,24,12318
3D Semantic Instance Segmentation,General,4,13,114234
Cross-View Image-to-Image Translation,Computer Vision,4,8,54472
Cross-View Image-to-Image Translation,General,4,8,114234
Abstract Meaning Representation,Sequential,4,212,6593
Sand,Sequential,4,106,6593
Automated Essay Scoring,Sequential,4,104,6593
Object Recognition,Reinforcement Learning,4,2036,6988
Crowd Counting,Sequential,4,369,6593
Univariate Time Series Forecasting,Sequential,4,36,6593
Fast Vehicle Detection,General,4,8,114234
Gesture-to-Gesture Translation,Computer Vision,4,8,54472
Dota 2,Computer Vision,4,27,54472
Dota 2,Reinforcement Learning,4,27,6988
Hard Attention,Sequential,4,99,6593
Graph Question Answering,Sequential,4,78,6593
Image Retouching,Computer Vision,4,19,54472
Extractive Summarization,Computer Vision,4,311,54472
Action Analysis,Sequential,4,40,6593
Electron Microscopy Image Segmentation,Computer Vision,4,16,54472
Sociology,Natural Language Processing,4,167,40996
Music Auto-Tagging,Graphs,4,22,12318
Visual Reasoning,Reinforcement Learning,4,696,6988
Point-interactive Image Colorization,General,4,4,114234
Twitter Sentiment Analysis,Computer Vision,4,94,54472
Scene Classification,Sequential,4,452,6593
Cross-Modal Person Re-Identification,General,4,16,114234
Audio-Visual Speech Recognition,Sequential,4,100,6593
Triple Classification,Graphs,4,45,12318
Grapheme-to-Phoneme Conversion,Sequential,4,61,6593
Relation Linking,General,4,17,114234
Time Series Averaging,Sequential,4,8,6593
Surgical tool detection,General,4,14,114234
Astronomy,Sequential,4,394,6593
3D Absolute Human Pose Estimation,Computer Vision,4,13,54472
3D Absolute Human Pose Estimation,General,4,13,114234
Activity Prediction,Sequential,4,106,6593
Personality Trait Recognition,General,4,13,114234
3D Face Alignment,General,4,26,114234
Visual Odometry,Graphs,4,408,12318
Referring Expression,Sequential,4,362,6593
Group Activity Recognition,Sequential,4,65,6593
Action Localization,Sequential,4,368,6593
Occlusion Handling,Graphs,4,93,12318
Implicit Relations,Sequential,4,66,6593
Subject Transfer,Computer Vision,4,21,54472
Caption Generation,Reinforcement Learning,4,308,6988
Foveation,Computer Vision,4,29,54472
Real-Time Semantic Segmentation,Sequential,4,144,6593
Implicit Discourse Relation Classification,General,4,35,114234
4k,Graphs,4,367,12318
Texture Synthesis,Graphs,4,280,12318
Multiview Learning,Computer Vision,4,41,54472
Deep Attention,Reinforcement Learning,4,108,6988
Spoken Dialogue Systems,Sequential,4,250,6593
tensor algebra,Computer Vision,4,41,54472
Activity Recognition In Videos,Computer Vision,4,18,54472
Activity Recognition In Videos,General,4,18,114234
Keyword Extraction,Computer Vision,4,172,54472
Temporal Action Proposal Generation,Computer Vision,4,32,54472
3D Shape Retrieval,Computer Vision,4,64,54472
Policy Gradient Methods,Sequential,4,381,6593
Learning to Execute,Natural Language Processing,4,25,40996
Medical Image Retrieval,Computer Vision,4,43,54472
Aggression Identification,Sequential,4,27,6593
Melanoma Diagnosis,Computer Vision,4,26,54472
Cross-Lingual Transfer,Reinforcement Learning,4,750,6988
Riemannian optimization,Computer Vision,4,152,54472
Egocentric Activity Recognition,General,4,26,114234
Opinion Summarization,Computer Vision,4,71,54472
Multi-Frame Super-Resolution,General,4,34,114234
Functional Connectivity,Sequential,4,460,6593
text-based games,Computer Vision,4,74,54472
Word Translation,Sequential,4,123,6593
Image to Point Cloud Registration,Computer Vision,4,21,54472
Unseen Object Instance Segmentation,Computer Vision,4,13,54472
Music Genre Transfer,General,4,4,114234
Music Source Separation,Sequential,4,107,6593
Movie Recommendation,Computer Vision,4,111,54472
Abuse Detection,Sequential,4,72,6593
ICU Mortality,Computer Vision,4,33,54472
3D Shape Recognition,General,4,35,114234
3D Shape Recognition,Natural Language Processing,4,35,40996
Sentence segmentation,Sequential,4,66,6593
Sequence-To-Sequence Speech Recognition,Sequential,4,22,6593
Linguistic Acceptability,Computer Vision,4,72,54472
Multimodal Intent Recognition,Computer Vision,4,16,54472
Linear-Probe Classification,Natural Language Processing,4,11,40996
Ischemic Stroke Lesion Segmentation,Computer Vision,4,23,54472
Nuclei Classification,Computer Vision,4,14,54472
KG-to-Text Generation,Graphs,4,22,12318
Irregular Text Recognition,General,4,7,114234
Probabilistic Programming,Natural Language Processing,4,273,40996
Generating 3D Point Clouds,Computer Vision,4,11,54472
Color Constancy,General,4,102,114234
3D Object Detection,Sequential,4,1572,6593
Medical Concept Normalization,General,4,13,114234
One-Shot Object Detection,Computer Vision,4,20,54472
Model Poisoning,Computer Vision,4,108,54472
Instrument Recognition,Computer Vision,4,39,54472
Fine-grained Action Recognition,Computer Vision,4,38,54472
Style Generalization,General,4,13,114234
Traffic Data Imputation,Computer Vision,4,23,54472
Open-Domain Question Answering,Sequential,4,478,6593
Event Extraction,Sequential,4,441,6593
Twitter Sentiment Analysis,Sequential,4,94,6593
Short-Text Conversation,General,4,22,114234
Word Sense Induction,Sequential,4,107,6593
es-en,General,4,48,114234
Component Classification,Computer Vision,4,18,54472
Semantic Role Labeling,Computer Vision,4,615,54472
nlg evaluation,Computer Vision,4,68,54472
Self-Learning,Sequential,4,402,6593
Entity Resolution,Computer Vision,4,183,54472
Gender Classification,Sequential,4,149,6593
Spike Sorting,General,4,51,114234
Salient Object Detection,Sequential,4,526,6593
Image-level Supervised Instance Segmentation,Computer Vision,4,14,54472
Physical Intuition,Computer Vision,4,35,54472
Physiological Computing,General,4,12,114234
Real-Time Visual Tracking,General,4,22,114234
3D Shape Modeling,Natural Language Processing,4,28,40996
Drift Detection,Computer Vision,4,181,54472
Speech Representation Learning,Audio,4,131,488
Card Games,Computer Vision,4,52,54472
Gait Identification,General,4,17,114234
Sleep Stage Detection,Sequential,4,34,6593
Image-based Automatic Meter Reading,Computer Vision,4,4,54472
Meter Reading,Computer Vision,4,9,54472
UCCA Parsing,Natural Language Processing,4,13,40996
Abuse Detection,Computer Vision,4,72,54472
TriviaQA,Sequential,4,121,6593
Extractive Document Summarization,Natural Language Processing,4,28,40996
Suggestion mining,Natural Language Processing,4,32,40996
Unsupervised Domain Adaptation,Sequential,4,1942,6593
Unsupervised Machine Translation,Computer Vision,4,98,54472
Extreme Multi-Label Classification,Computer Vision,4,75,54472
Passage Reranking,Natural Language Processing,4,23,40996
Product Categorization,General,4,25,114234
Video-to-Video Synthesis,General,4,18,114234
Facial Expression Translation,Computer Vision,4,6,54472
Contact mechanics,General,4,14,114234
Point Processes,Reinforcement Learning,4,540,6988
Graph Neural Network,Audio,4,3585,488
Traffic Prediction,Audio,4,375,488
Aspect-oriented Opinion Extraction,General,4,7,114234
Abusive Language,Sequential,4,164,6593
Humor Detection,Computer Vision,4,64,54472
Discourse Segmentation,General,4,37,114234
Learning-To-Rank,Sequential,4,748,6593
3D Action Recognition,Natural Language Processing,4,91,40996
Audio Question Answering,General,4,18,114234
Chinese Reading Comprehension,General,4,7,114234
Ethics,Reinforcement Learning,4,829,6988
Quantum Machine Learning,Reinforcement Learning,4,699,6988
Unsupervised Landmark Detection,Computer Vision,4,9,54472
Chord Recognition,General,4,21,114234
General Classification,Audio,4,14551,488
GAN image forensics,General,4,8,114234
Counterfactual Inference,Computer Vision,4,124,54472
Steering Control,General,4,26,114234
Relational Reasoning,Sequential,4,483,6593
Relation Network,Sequential,4,123,6593
Conversational Question Answering,Computer Vision,4,140,54472
Riddle Sense,General,4,5,114234
Riddle Sense,Natural Language Processing,4,5,40996
Unsupervised Object Segmentation,Graphs,4,39,12318
Respiratory Failure,Computer Vision,4,26,54472
Text Augmentation,Sequential,4,96,6593
FPS Games,General,4,19,114234
Skills Evaluation,General,4,10,114234
Transfer Reinforcement Learning,General,4,41,114234
Structural Health Monitoring,Sequential,4,197,6593
Systematic Generalization,Graphs,4,124,12318
Credit score,General,4,20,114234
Vehicle Pose Estimation,Computer Vision,4,37,54472
Grayscale Image Denoising,Computer Vision,4,13,54472
Text to SQL,Graphs,4,399,12318
Text-To-SQL,Graphs,4,413,12318
Type prediction,Sequential,4,96,6593
Fashion Synthesis,Computer Vision,4,13,54472
TAR,Graphs,4,111,12318
compressed sensing,Graphs,4,988,12318
Author Profiling,Natural Language Processing,4,58,40996
Code Completion,Sequential,4,212,6593
Keyphrase Generation,Computer Vision,4,77,54472
Partially Observable Reinforcement Learning,Natural Language Processing,4,18,40996
Few-Shot Relation Classification,General,4,23,114234
Depth Map Super-Resolution,Computer Vision,4,28,54472
Melody Extraction,General,4,16,114234
Monocular Reconstruction,Computer Vision,4,34,54472
Audio Classification,Audio,4,359,488
Chinese Spell Checking,General,4,16,114234
Chinese Spell Checking,Natural Language Processing,4,16,40996
PointGoal Navigation,Reinforcement Learning,4,25,6988
Inductive Link Prediction,General,4,32,114234
Dynamic graph embedding,General,4,24,114234
Full reference image quality assessment,Computer Vision,4,50,54472
Full-Reference Image Quality Assessment,Computer Vision,4,41,54472
Problem Decomposition,Reinforcement Learning,4,54,6988
Semi-Supervised Instance Segmentation,Computer Vision,4,19,54472
Semi-Supervised Instance Segmentation,General,4,19,114234
Colorectal Polyps Characterization,General,4,8,114234
Inductive Relation Prediction,Graphs,4,14,12318
Atari Games 100k,Reinforcement Learning,4,18,6988
Air Pollution Prediction,Sequential,4,14,6593
Seismic Imaging,Computer Vision,4,44,54472
DNN Testing,General,4,27,114234
Point Cloud Registration,Reinforcement Learning,4,444,6988
Linear Mode Connectivity,Computer Vision,4,35,54472
Causal Inference,Sequential,4,1717,6593
Multi Focus Image Fusion,Computer Vision,4,42,54472
Biomedical Information Retrieval,General,4,15,114234
Unsupervised Video Object Segmentation,Graphs,4,88,12318
de-en,Computer Vision,4,78,54472
Program Synthesis,Reinforcement Learning,4,419,6988
Multi-modal Recommendation,Graphs,4,30,12318
3D Feature Matching,General,4,19,114234
Self-Supervised Person Re-Identification,General,4,4,114234
Abstract generation,Natural Language Processing,4,16,40996
3D Point Cloud Data Augmentation,Computer Vision,4,5,54472
Space-time Video Super-resolution,Sequential,4,24,6593
Design Synthesis,Computer Vision,4,22,54472
Multi-Label Classification,Audio,4,1193,488
Capacity Estimation,Natural Language Processing,4,33,40996
Edge Detection,Graphs,4,488,12318
Stock Market Prediction,Reinforcement Learning,4,104,6988
Off-policy evaluation,Reinforcement Learning,4,265,6988
Diachronic Word Embeddings,General,4,27,114234
Surgical phase recognition,Sequential,4,69,6593
Vehicle Speed Estimation,General,4,19,114234
Source Code Summarization,Graphs,4,56,12318
Story Completion,Natural Language Processing,4,17,40996
Mathematical Proofs,Computer Vision,4,90,54472
3d scene graph generation,Graphs,4,15,12318
3d scene graph generation,Computer Vision,4,15,54472
Speech Denoising,Sequential,4,64,6593
Hate Speech Detection,Reinforcement Learning,4,504,6988
Detecting Image Manipulation,General,4,12,114234
Skin Lesion Segmentation,Graphs,4,154,12318
Text Matching,Sequential,4,361,6593
Sentence Compression,Natural Language Processing,4,147,40996
Friction,Sequential,4,417,6593
Evidence Selection,General,4,21,114234
Evidence Selection,Natural Language Processing,4,21,40996
Multi-Exposure Image Fusion,Computer Vision,4,36,54472
Propaganda span identification,General,4,7,114234
Computed Tomography (CT),Sequential,4,1207,6593
Retrieval-augmented Generation,Sequential,4,2194,6593
Multilingual Word Embeddings,General,4,56,114234
Age Classification,Natural Language Processing,4,29,40996
answerability prediction,General,4,9,114234
Question-Answer-Generation,Computer Vision,4,36,54472
Predicate Classification,Computer Vision,4,22,54472
Non-Intrusive Load Monitoring,Computer Vision,4,99,54472
open-set classification,Computer Vision,4,47,54472
Video-Based Person Re-Identification,Graphs,4,117,12318
Low-rank compression,Computer Vision,4,34,54472
Motion Magnification,Computer Vision,4,38,54472
3D Object Detection From Monocular Images,General,4,17,114234
Question Selection,Natural Language Processing,4,30,40996
document-image-classification,Natural Language Processing,4,32,40996
Two-sample testing,Natural Language Processing,4,336,40996
Vietnamese Machine Reading Comprehension,Natural Language Processing,4,7,40996
Native Language Identification,Natural Language Processing,4,83,40996
Unsupervised Vehicle Re-Identification,General,4,13,114234
SMAC,Graphs,4,121,12318
SMAC+,Graphs,4,126,12318
MuJoCo Games,Reinforcement Learning,4,8,6988
Neural Network Compression,Graphs,4,193,12318
Motion Estimation,Reinforcement Learning,4,740,6988
Multi-Object Tracking and Segmentation,Computer Vision,4,27,54472
Collaborative Filtering,Reinforcement Learning,4,1306,6988
Method name prediction,General,4,24,114234
Action Triplet Recognition,Computer Vision,4,12,54472
Self-supervised Skeleton-based Action Recognition,Computer Vision,4,29,54472
Zero-Shot Video Object Segmentation,General,4,16,114234
Landslide segmentation,General,4,8,114234
Landslide segmentation,Computer Vision,4,8,54472
Veracity Classification,Natural Language Processing,4,19,40996
DeepFake Detection,Sequential,4,579,6593
Natural Language Queries,Reinforcement Learning,4,335,6988
Blood Cell Detection,Computer Vision,4,8,54472
Blood Cell Detection,General,4,8,114234
CBC TEST,General,4,4,114234
Stereo Disparity Estimation,Computer Vision,4,29,54472
Music Classification,Computer Vision,4,52,54472
Motion Forecasting,Sequential,4,205,6593
EEG based sleep staging,General,4,10,114234
XLM-R,Graphs,4,213,12318
Literature Mining,Natural Language Processing,4,24,40996
scoring rule,Computer Vision,4,90,54472
Weakly Supervised Classification,Natural Language Processing,4,39,40996
Cross-Modal Information Retrieval,General,4,16,114234
Cross-Modal Information Retrieval,Natural Language Processing,4,16,40996
Action Analysis,Computer Vision,4,40,54472
global-optimization,Graphs,4,657,12318
Deep Clustering,Reinforcement Learning,4,307,6988
Co-Salient Object Detection,Computer Vision,4,44,54472
Medical Image Denoising,General,4,21,114234
Propaganda span identification,Natural Language Processing,4,7,40996
Physics-informed machine learning,Sequential,4,192,6593
test driven development,General,4,24,114234
Text-To-Speech Synthesis,Reinforcement Learning,4,331,6988
Text Normalization,Sequential,4,145,6593
Precipitation Forecasting,Sequential,4,36,6593
Named Entity Recognition (NER),Reinforcement Learning,4,2836,6988
Event Detection,Reinforcement Learning,4,935,6988
Atomic Forces,Graphs,4,28,12318
Malware Detection,Reinforcement Learning,4,431,6988
Vietnamese Word Segmentation,Natural Language Processing,4,11,40996
Image Similarity Search,Computer Vision,4,18,54472
Text Pair Classification,General,4,9,114234
Abstract Meaning Representation,Graphs,4,212,12318
Abstract Meaning Representation,Computer Vision,4,212,54472
Cross-Lingual Abstractive Summarization,Natural Language Processing,4,15,40996
Depth Prediction,Reinforcement Learning,4,421,6988
Probabilistic Deep Learning,Reinforcement Learning,4,79,6988
Document Enhancement,Computer Vision,4,13,54472
Text-To-Speech Synthesis,Graphs,4,331,12318
FLUE,General,4,17,114234
Learning to Execute,Graphs,4,25,12318
Cross-Lingual Paraphrase Identification,General,4,6,114234
Cross-Lingual Paraphrase Identification,Natural Language Processing,4,6,40996
Rubik's Cube,Computer Vision,4,37,54472
Arabic Text Diacritization,General,4,13,114234
3D Architecture,General,4,23,114234
Protein Structure Prediction,Reinforcement Learning,4,188,6988
Artificial Life,Reinforcement Learning,4,110,6988
Missing Labels,Graphs,4,139,12318
EEG 4 classes,General,4,5,114234
Chart Question Answering,Computer Vision,4,49,54472
Explainable Models,Graphs,4,128,12318
Causal Identification,General,4,47,114234
Time Series Regression,Graphs,4,81,12318
Compiler Optimization,Graphs,4,45,12318
Cough Classification,General,4,8,114234
Rhythm,Graphs,4,515,12318
GRAPH DOMAIN ADAPTATION,General,4,40,114234
Face Morphing Attack Detection,General,4,25,114234
Semi-Supervised Video Object Segmentation,Graphs,4,146,12318
Vehicle Re-Identification,Graphs,4,150,12318
subspace methods,Computer Vision,4,49,54472
Unsupervised 3D Human Pose Estimation,General,4,15,114234
Hypernym Discovery,General,4,33,114234
Contact Detection,Computer Vision,4,27,54472
SSVEP,Computer Vision,4,51,54472
Causal Emotion Entailment,General,4,12,114234
Causal Emotion Entailment,Natural Language Processing,4,12,40996
Text Retrieval,Sequential,4,666,6593
Dialog Relation Extraction,General,4,14,114234
Referring Expression Comprehension,Graphs,4,166,12318
Semantic entity labeling,General,4,14,114234
Semantic entity labeling,Natural Language Processing,4,14,40996
Multiple Object Tracking with Transformer,General,4,7,114234
Low Resource Named Entity Recognition,General,4,37,114234
Text based Person Search,Natural Language Processing,4,37,40996
Event data classification,General,4,12,114234
Pneumonia Detection,Graphs,4,63,12318
Video Captioning,Reinforcement Learning,4,469,6988
Overall - Test,Computer Vision,4,33,54472
Acrobot,Reinforcement Learning,4,28,6988
Single Image Dehazing,Graphs,4,130,12318
Lung Sound Classification,General,4,15,114234
Change Detection,Reinforcement Learning,4,915,6988
Experimental Design,Reinforcement Learning,4,687,6988
Vehicle Re-Identification,Natural Language Processing,4,150,40996
Data-to-Text Generation,Sequential,4,214,6593
Conditional Image Generation,Graphs,4,285,12318
Image-to-Image Translation,Reinforcement Learning,4,1177,6988
Triplet,Reinforcement Learning,4,1621,6988
Zero-Shot Text-to-Image Generation,General,4,16,114234
Compressed Image Super-resolution,General,4,8,114234
Missing Values,Reinforcement Learning,4,801,6988
Monocular 3D Object Detection,Graphs,4,187,12318
MuJoCo,Graphs,4,677,12318
Out-of-Distribution Generalization,Reinforcement Learning,4,513,6988
Optic Cup Segmentation,General,4,8,114234
Audio Compression,Computer Vision,4,42,54472
Unsupervised Image-To-Image Translation,Graphs,4,124,12318
Classification with Binary Weight Network,General,4,4,114234
Music Recommendation,Computer Vision,4,118,54472
3D Shape Representation,Graphs,4,91,12318
Boundary Detection,Graphs,4,357,12318
Multi-View 3D Reconstruction,Natural Language Processing,4,60,40996
channel selection,Graphs,4,119,12318
energy trading,Reinforcement Learning,4,100,6988
Face Model,Natural Language Processing,4,211,40996
graph partitioning,Natural Language Processing,4,208,40996
Code Documentation Generation,General,4,8,114234
Color Manipulation,General,4,9,114234
Color Manipulation,Computer Vision,4,9,54472
Box-supervised Instance Segmentation,Computer Vision,4,19,54472
Active Object Detection,General,4,14,114234
audio-visual event localization,General,4,26,114234
Machine Reading Comprehension,Reinforcement Learning,4,541,6988
Accented Speech Recognition,General,4,20,114234
Bayesian Optimisation,Natural Language Processing,4,221,40996
Single-Source Domain Generalization,Graphs,4,48,12318
Temporal Relation Extraction,Graphs,4,88,12318
Thoracic Disease Classification,General,4,16,114234
Zero-Shot Video Retrieval,Natural Language Processing,4,40,40996
Open Vocabulary Image Classification,General,4,7,114234
Single-object discovery,Computer Vision,4,10,54472
Relevance Detection,General,4,14,114234
Single-View 3D Reconstruction,Natural Language Processing,4,96,40996
Multi Class Text Classification,Natural Language Processing,4,19,40996
Conversational Recommendation,Computer Vision,4,136,54472
Relationship Detection,Natural Language Processing,4,86,40996
Visual Relationship Detection,Natural Language Processing,4,82,40996
Video Corpus Moment Retrieval,Graphs,4,17,12318
Relation Network,Graphs,4,123,12318
Robust Design,Natural Language Processing,4,74,40996
Seismic Inversion,Computer Vision,4,25,54472
Unsupervised Speech Recognition,General,4,17,114234
Unsupervised Speech Recognition,Audio,4,17,488
Extreme Summarization,Natural Language Processing,4,21,40996
Tumour Classification,General,4,17,114234
Camera Relocalization,General,4,59,114234
Visual Odometry,Natural Language Processing,4,408,40996
Electromyography (EMG),Natural Language Processing,4,94,40996
Single Image Desnowing,Computer Vision,4,10,54472
Network Identification,General,4,23,114234
Semantic Segmentation,Audio,4,14729,488
Medical Code Prediction,General,4,25,114234
MRI classification,Computer Vision,4,19,54472
Alzheimer's Detection,General,4,14,114234
Volumetric Medical Image Segmentation,Graphs,4,58,12318
Overlapped 10-1,General,4,11,114234
Overlapped 15-1,General,4,10,114234
Overlapped 15-5,General,4,10,114234
RGB Salient Object Detection,Natural Language Processing,4,222,40996
Compiler Optimization,Computer Vision,4,45,54472
Key Detection,General,4,15,114234
Key Detection,Computer Vision,4,15,54472
Genre classification,Audio,4,130,488
Multi-Label Image Classification,Graphs,4,124,12318
domain classification,Graphs,4,159,12318
Person Recognition,Computer Vision,4,63,54472
Protein Secondary Structure Prediction,Natural Language Processing,4,26,40996
Food recommendation,General,4,28,114234
Generalized Referring Expression Segmentation,General,4,15,114234
Mixed Reality,Graphs,4,230,12318
Cross-Domain Few-Shot Object Detection,Computer Vision,4,17,54472
Time Series Clustering,Natural Language Processing,4,113,40996
Commonsense Causal Reasoning,Natural Language Processing,4,13,40996
News Recommendation,Graphs,4,193,12318
Paraphrase Generation,Graphs,4,206,12318
Motor Imagery,Graphs,4,252,12318
Unsupervised Vehicle Re-Identification,Graphs,4,13,12318
Continual Relation Extraction,General,4,16,114234
Opinion Mining,Graphs,4,629,12318
Document-level Relation Extraction,Computer Vision,4,105,54472
RTE,Graphs,4,111,12318
Rumour Detection,Computer Vision,4,96,54472
MRI Reconstruction,Graphs,4,441,12318
Multi-Exposure Image Fusion,General,4,36,114234
Deep Hashing,Natural Language Processing,4,149,40996
Crime Prediction,Graphs,4,47,12318
Multi-Agent Path Finding,Natural Language Processing,4,140,40996
Table Extraction,Natural Language Processing,4,32,40996
Car Racing,Computer Vision,4,48,54472
Photo Retouching,General,4,27,114234
Tone Mapping,Natural Language Processing,4,128,40996
Multi-Source Unsupervised Domain Adaptation,Computer Vision,4,46,54472
Lane Detection,Graphs,4,250,12318
HTR,Sequential,4,84,6593
Molecular Graph Generation,Natural Language Processing,4,54,40996
Efficient ViTs,Natural Language Processing,4,32,40996
Mortality Prediction,Graphs,4,188,12318
Crop Yield Prediction,Natural Language Processing,4,48,40996
TAG,Audio,4,1080,488
Cross-Domain Named Entity Recognition,General,4,18,114234
motion retargeting,General,4,49,114234
motion retargeting,Computer Vision,4,49,54472
hyperspectral image clustering,Graphs,4,9,12318
Sign Language Translation,Graphs,4,153,12318
Animal Pose Estimation,Graphs,4,48,12318
Grounded Situation Recognition,General,4,15,114234
Situation Recognition,General,4,12,114234
Grounded Situation Recognition,Natural Language Processing,4,15,40996
Zero-Shot Transfer Image Classification,General,4,19,114234
Underwater Image Restoration,Natural Language Processing,4,38,40996
Multi-Person Pose forecasting,Natural Language Processing,4,9,40996
Sparse Learning,Natural Language Processing,4,183,40996
abstractive question answering,General,4,13,114234
Complex Query Answering,Graphs,4,33,12318
Entity Retrieval,Graphs,4,56,12318
Physical Simulations,Graphs,4,100,12318
Network Intrusion Detection,Reinforcement Learning,4,261,6988
3D Open-Vocabulary Instance Segmentation,Computer Vision,4,14,54472
Training-free 3D Point Cloud Classification,Computer Vision,4,8,54472
Training-free 3D Point Cloud Classification,General,4,8,114234
Zero-shot 3D classification,General,4,16,114234
Neural Stylization,Computer Vision,4,6,54472
Self-Supervised Human Action Recognition,Graphs,4,8,12318
Room Impulse Response (RIR),General,4,52,114234
Zero-shot Text Retrieval,Computer Vision,4,7,54472
Geometric Matching,Computer Vision,4,45,54472
Line Segment Detection,General,4,37,114234
Feature Upsampling,General,4,25,114234
Pose Transfer,Natural Language Processing,4,93,40996
Visual Tracking,Reinforcement Learning,4,524,6988
One-Shot Face Stylization,General,4,5,114234
Appearance Transfer,Natural Language Processing,4,32,40996
Earthquake prediction,Computer Vision,4,18,54472
Text-to-Face Generation,General,4,10,114234
Protein Folding,Graphs,4,185,12318
Building Damage Assessment,Natural Language Processing,4,32,40996
Heterogeneous Treatment Effect Estimation,Natural Language Processing,4,38,40996
Speech-to-Text Translation,Graphs,4,145,12318
slot-filling,Computer Vision,4,357,54472
Slot Filling,Computer Vision,4,453,54472
Irregular Time Series,Sequential,4,82,6593
quantile regression,Graphs,4,420,12318
audio-visual event localization,Natural Language Processing,4,26,40996
Singing Voice Synthesis,Sequential,4,81,6593
Blind Super-Resolution,Natural Language Processing,4,67,40996
Reference-based Super-Resolution,Computer Vision,4,26,54472
3D Panoptic Segmentation,General,4,15,114234
Prediction Intervals,Graphs,4,309,12318
TGIF-Action,General,4,7,114234
TGIF-Transition,General,4,7,114234
TGIF-Frame,Natural Language Processing,4,15,40996
Motion Interpolation,Computer Vision,4,21,54472
Few-shot NER,Sequential,4,61,6593
Linguistic steganography,Natural Language Processing,4,21,40996
SAR Ship Detection,General,4,15,114234
Weakly Supervised Object Detection,Graphs,4,141,12318
Date Understanding,General,4,14,114234
Date Understanding,Natural Language Processing,4,14,40996
Epistemic Reasoning,Natural Language Processing,4,19,40996
Physical Intuition,Natural Language Processing,4,35,40996
Travel Time Estimation,Graphs,4,55,12318
Few-Shot Audio Classification,General,4,8,114234
Multi-modal Classification,Computer Vision,4,31,54472
Few-Shot Stance Detection,General,4,7,114234
Lesion Segmentation,Reinforcement Learning,4,639,6988
Intent Recognition,Computer Vision,4,92,54472
Test-time Adaptation,Reinforcement Learning,4,483,6988
Temporal Forgery Localization,Graphs,4,9,12318
Android Malware Detection,Graphs,4,76,12318
Android Malware Detection,Natural Language Processing,4,76,40996
Topic Classification,Graphs,4,180,12318
Burst Image Super-Resolution,Computer Vision,4,15,54472
Speech-to-Speech Translation,Audio,4,117,488
Speech-to-Text Translation,Audio,4,145,488
Electrocardiography (ECG),Natural Language Processing,4,117,40996
Single Particle Analysis,Natural Language Processing,4,106,40996
Unsupervised Image Registration,Natural Language Processing,4,22,40996
Zero-shot Named Entity Recognition (NER),Natural Language Processing,4,11,40996
Body Detection,General,4,17,114234
STS,Reinforcement Learning,4,325,6988
Scene Parsing,Graphs,4,198,12318
Continual Self-Supervised Learning,General,4,14,114234
Exposure Correction,Natural Language Processing,4,43,40996
Multimedia recommendation,Graphs,4,23,12318
Layout-to-Image Generation,Natural Language Processing,4,41,40996
Action Quality Assessment,Natural Language Processing,4,52,40996
Generic Event Boundary Detection,General,4,20,114234
Point Processes,Graphs,4,540,12318
Fill Mask,General,4,8,114234
Fill Mask,Natural Language Processing,4,8,40996
Activity Detection,Graphs,4,378,12318
3D Lane Detection,Computer Vision,4,54,54472
Domain Generalization,Audio,4,1744,488
Hateful Meme Classification,Natural Language Processing,4,17,40996
NavSim,Natural Language Processing,4,26,40996
Robot Task Planning,Natural Language Processing,4,48,40996
Action Recognition,Reinforcement Learning,4,2752,6988
"Initial Structure to Relaxed Energy (IS2RE), Direct",Natural Language Processing,4,7,40996
Video Anomaly Detection,Sequential,4,262,6593
Multi-Instance Retrieval,General,4,19,114234
Gravitational Wave Detection,Computer Vision,4,20,54472
Speech Extraction,Computer Vision,4,48,54472
Weight Space Learning,General,4,6,114234
Bias Detection,Reinforcement Learning,4,197,6988
3D Single Object Tracking,Natural Language Processing,4,43,40996
set matching,Computer Vision,4,41,54472
License Plate Recognition,Natural Language Processing,4,94,40996
Zero-shot Image Retrieval,General,4,29,114234
Zero-shot Image Retrieval,Natural Language Processing,4,29,40996
Zero-shot Image Retrieval,Graphs,4,29,12318
Eeg Decoding,Graphs,4,74,12318
point cloud upsampling,Natural Language Processing,4,62,40996
Human Interaction Recognition,Computer Vision,4,22,54472
Production Forecasting,General,4,15,114234
Dialogue Evaluation,Graphs,4,96,12318
Cyber Attack Detection,Graphs,4,41,12318
Multi-modal Knowledge Graph,General,4,26,114234
Semi-supervised Change Detection,General,4,12,114234
Persuasion Strategies,General,4,27,114234
Point Cloud Super Resolution,General,4,16,114234
Cloth-Changing Person Re-Identification,Computer Vision,4,28,54472
Solar Irradiance Forecasting,Natural Language Processing,4,22,40996
Unconditional Image Generation,Natural Language Processing,4,73,40996
Oriented Object Detection,Graphs,4,123,12318
Sleep Stage Detection,Graphs,4,34,12318
PDE Surrogate Modeling,General,4,9,114234
Zero-shot Text-to-Image Retrieval,Graphs,4,14,12318
Blind Docking,Computer Vision,4,19,54472
Zero-shot 3D classification,Graphs,4,16,12318
Few-Shot Text Classification,Computer Vision,4,96,54472
Beat Tracking,Natural Language Processing,4,19,40996
Unsupervised Few-Shot Learning,Graphs,4,22,12318
Multi-modal Classification,Natural Language Processing,4,31,40996
Stereo Depth Estimation,Natural Language Processing,4,96,40996
Distributional Reinforcement Learning,Natural Language Processing,4,137,40996
Inductive knowledge graph completion,Natural Language Processing,4,20,40996
Audio-Visual Synchronization,Natural Language Processing,4,32,40996
Point Cloud Quality Assessment,Computer Vision,4,40,54472
Semi-supervised Anomaly Detection,Natural Language Processing,4,76,40996
Cross-corpus,Natural Language Processing,4,81,40996
Target Sound Extraction,Natural Language Processing,4,16,40996
Medical Image Registration,Graphs,4,198,12318
Image Inpainting,Graphs,4,706,12318
multimodal interaction,Graphs,4,106,12318
Image Shadow Removal,Natural Language Processing,4,38,40996
Colorization,Graphs,4,367,12318
Structural Health Monitoring,Natural Language Processing,4,197,40996
Inductive Link Prediction,Graphs,4,32,12318
Perpetual View Generation,Computer Vision,4,7,54472
Open Vocabulary Attribute Detection,General,4,14,114234
Medical Visual Question Answering,Graphs,4,97,12318
Neural Rendering,Reinforcement Learning,4,512,6988
Zero-Shot Cross-Lingual Transfer,Computer Vision,4,149,54472
Geometry Problem Solving,Natural Language Processing,4,27,40996
Generalized Zero-Shot Object Detection,General,4,10,114234
Product Categorization,Graphs,4,25,12318
Crop Yield Prediction,Graphs,4,48,12318
Multi-modal Entity Alignment,Natural Language Processing,4,19,40996
Inductive Relation Prediction,Natural Language Processing,4,14,40996
Book summarization,Natural Language Processing,4,13,40996
Node Regression,General,4,13,114234
Generative Visual Question Answering,General,4,9,114234
Generalized Zero-Shot Learning,Natural Language Processing,4,159,40996
Image Enhancement,Sequential,4,980,6593
Synthetic Image Attribution,General,4,7,114234
Metaheuristic Optimization,Computer Vision,4,69,54472
Atomic Forces,Computer Vision,4,28,54472
Facial Action Unit Detection,Natural Language Processing,4,96,40996
MMR total,Natural Language Processing,4,12,40996
Efficient Diffusion Personalization,Computer Vision,4,5,54472
3D Semantic Scene Completion,Natural Language Processing,4,65,40996
Multi-object discovery,General,4,8,114234
audio-visual learning,Graphs,4,38,12318
Diffusion Personalization Tuning Free,General,4,10,114234
Activation Function Synthesis,General,4,4,114234
Synthetic Face Recognition,General,4,12,114234
User Simulation,Natural Language Processing,4,64,40996
Dynamic Link Prediction,General,4,41,114234
MedQA,Computer Vision,4,80,54472
Model Poisoning,Graphs,4,108,12318
Video-based Generative Performance Benchmarking (Consistency),General,4,15,114234
Video-based Generative Performance Benchmarking (Contextual Understanding),General,4,16,114234
Video-based Generative Performance Benchmarking (Correctness of Information),General,4,15,114234
Video-based Generative Performance Benchmarking (Detail Orientation)),General,4,15,114234
Video-based Generative Performance Benchmarking (Temporal Understanding),General,4,15,114234
Moral Scenarios,Computer Vision,4,17,54472
Moral Scenarios,General,4,17,114234
Plant Phenotyping,Natural Language Processing,4,74,40996
Online surgical phase recognition,General,4,10,114234
Online surgical phase recognition,Natural Language Processing,4,10,40996
Prototype Selection,General,4,29,114234
Latent Diffusion Model for 3D,General,4,6,114234
Connectivity Estimation,General,4,25,114234
Molecule Captioning,General,4,25,114234
Anatomical Landmark Detection,Natural Language Processing,4,29,40996
Image Compressed Sensing,General,4,23,114234
Long-tailed Object Detection,Natural Language Processing,4,25,40996
Inverse Rendering,Graphs,4,269,12318
Single-Source Domain Generalization,Natural Language Processing,4,48,40996
Efficient Neural Network,Graphs,4,223,12318
Video-based Generative Performance Benchmarking,Computer Vision,4,20,54472
Video-based Generative Performance Benchmarking (Consistency),Computer Vision,4,15,54472
Video-based Generative Performance Benchmarking (Contextual Understanding),Computer Vision,4,16,54472
Video-based Generative Performance Benchmarking (Correctness of Information),Computer Vision,4,15,54472
Video-based Generative Performance Benchmarking (Detail Orientation)),Computer Vision,4,15,54472
Video-based Generative Performance Benchmarking (Temporal Understanding),Computer Vision,4,15,54472
Speaker anonymization,Natural Language Processing,4,40,40996
Autonomous Racing,Natural Language Processing,4,86,40996
Instrument Recognition,Natural Language Processing,4,39,40996
Consistent Character Generation,General,4,10,114234
Motion Interpolation,Natural Language Processing,4,21,40996
cross-domain few-shot learning,Natural Language Processing,4,74,40996
Few-Shot Imitation Learning,General,4,15,114234
Unified Image Restoration,Natural Language Processing,4,17,40996
medical image detection,Natural Language Processing,4,20,40996
Ingenuity,Natural Language Processing,4,46,40996
Face Verification,Natural Language Processing,4,359,40996
Age Estimation,Graphs,4,251,12318
Text-based Person Retrieval,Natural Language Processing,4,26,40996
Image to Point Cloud Registration,Natural Language Processing,4,21,40996
Math Word Problem Solving,Reinforcement Learning,4,106,6988
Molecule Captioning,Computer Vision,4,25,54472
Text-based de novo Molecule Generation,Computer Vision,4,14,54472
Photoplethysmography (PPG),Graphs,4,148,12318
Diabetic Retinopathy Detection,Natural Language Processing,4,53,40996
Solar Flare Prediction,Computer Vision,4,27,54472
3D Question Answering (3D-QA),General,4,22,114234
Multi-modal Recommendation,Natural Language Processing,4,30,40996
Brain Tumor Classification,Natural Language Processing,4,52,40996
Vision-Language Segmentation,Computer Vision,4,9,54472
Machine Unlearning,Reinforcement Learning,4,438,6988
Complex Word Identification,Natural Language Processing,4,67,40996
Shadow Detection,Natural Language Processing,4,79,40996
Belebele,General,4,11,114234
Comment Generation,Computer Vision,4,65,54472
3D Face Reconstruction,Natural Language Processing,4,211,40996
de novo peptide sequencing,General,4,24,114234
de novo peptide sequencing,Computer Vision,4,24,54472
Algorithmic Trading,Sequential,4,95,6593
Steganalysis,Natural Language Processing,4,96,40996
Future prediction,Natural Language Processing,4,151,40996
Partially Relevant Video Retrieval,General,4,8,114234
Mistake Detection,General,4,14,114234
Mistake Detection,Natural Language Processing,4,14,40996
Deformable Object Manipulation,Computer Vision,4,44,54472
Zero-Shot Semantic Segmentation,Natural Language Processing,4,60,40996
Data Ablation,General,4,10,114234
Self-Supervised Anomaly Detection,Computer Vision,4,29,54472
Partially Relevant Video Retrieval,Natural Language Processing,4,8,40996
Partially Relevant Video Retrieval,Computer Vision,4,8,54472
Cross-corpus,Graphs,4,81,12318
Animal Pose Estimation,Natural Language Processing,4,48,40996
Image Retouching,General,4,19,114234
Pose-Guided Image Generation,Computer Vision,4,9,54472
Author Attribution,General,4,13,114234
Data-free Knowledge Distillation,Natural Language Processing,4,75,40996
Text Generation,Audio,4,5259,488
"1 Image, 2*2 Stitching",Natural Language Processing,4,8,40996
Multimodal Recommendation,Computer Vision,4,59,54472
Code Translation,Computer Vision,4,99,54472
Continual Self-Supervised Learning,Computer Vision,4,14,54472
Long-Context Understanding,Computer Vision,4,81,54472
Open Vocabulary Action Recognition,Computer Vision,4,5,54472
3D Shape Generation,Natural Language Processing,4,105,40996
Safe Exploration,Natural Language Processing,4,135,40996
Medical Image Enhancement,General,4,17,114234
Foreground Segmentation,Natural Language Processing,4,84,40996
3D Inpainting,Natural Language Processing,4,21,40996
Lung Sound Classification,Graphs,4,15,12318
EgoSchema,Computer Vision,4,40,54472
Sketch Colorization,Computer Vision,4,9,54472
parameter-efficient fine-tuning,Audio,4,932,488
knowledge editing,Graphs,4,175,12318
Scene Flow Estimation,Natural Language Processing,4,150,40996
NetHack,General,4,28,114234
Metaheuristic Optimization,Natural Language Processing,4,69,40996
Texture Classification,Natural Language Processing,4,206,40996
Multi-agent Integration,General,4,8,114234
Semantic Textual Similarity,Reinforcement Learning,4,2360,6988
Exposure Fairness,General,4,15,114234
Synthetic Image Detection,Natural Language Processing,4,28,40996
Continual Pretraining,Computer Vision,4,69,54472
Audio-visual Question Answering,Computer Vision,4,27,54472
Event Relation Extraction,General,4,17,114234
Event Relation Extraction,Natural Language Processing,4,17,40996
Medical Question Answering,Computer Vision,4,139,54472
GitHub issue resolution,Natural Language Processing,4,10,40996
Abstract Argumentation,General,4,131,114234
Data Summarization,Natural Language Processing,4,95,40996
Pansharpening,Natural Language Processing,4,78,40996
3D Anomaly Detection,Natural Language Processing,4,36,40996
Gaze Prediction,Natural Language Processing,4,55,40996
Embodied Question Answering,General,4,40,114234
Sleep Staging,Natural Language Processing,4,116,40996
Motion Captioning,Natural Language Processing,4,11,40996
Mamba,Reinforcement Learning,4,1058,6988
Indoor Scene Reconstruction,General,4,32,114234
Video Stabilization,Natural Language Processing,4,62,40996
Text to SQL,Reinforcement Learning,4,399,6988
Text-To-SQL,Reinforcement Learning,4,413,6988
Sleep Quality,Natural Language Processing,4,61,40996
MVBench,General,4,19,114234
Cloud Removal,Natural Language Processing,4,56,40996
Semantic Similarity,Reinforcement Learning,4,1550,6988
Alzheimer's Detection,Natural Language Processing,4,14,40996
Grasp Generation,Natural Language Processing,4,51,40996
NVIDIA Jetson Orin Nano,General,4,13,114234
Data Integration,Reinforcement Learning,4,430,6988
Model Editing,Graphs,4,193,12318
text-to-Cypher,General,4,6,114234
Bench2Drive,Computer Vision,4,35,54472
ISAC,Graphs,4,691,12318
Compositional Zero-Shot Learning,Graphs,4,65,12318
Predictive Process Monitoring,Natural Language Processing,4,50,40996
Virtual Try-Off,Computer Vision,4,5,54472
Robust Speech Recognition,Sequential,3,96,6593
Speech Dereverberation,Sequential,3,49,6593
Predictive Process Monitoring,Sequential,3,50,6593
Time Series Forecasting,Audio,3,1604,488
Automated Pancreas Segmentation,General,3,9,114234
Automated Pancreas Segmentation,Computer Vision,3,9,54472
Tensor Networks,Sequential,3,226,6593
2D Cyclist Detection,General,3,8,114234
Sequence-To-Sequence Speech Recognition,Natural Language Processing,3,22,40996
Syntax Representation,General,3,6,114234
Language Acquisition,Sequential,3,519,6593
MORPH,Sequential,3,206,6593
Drug–drug Interaction Extraction,Graphs,3,26,12318
Automatic Sleep Stage Classification,Computer Vision,3,25,54472
AMR-to-Text Generation,Sequential,3,35,6593
Action Recognition In Videos,Sequential,3,124,6593
Text-Independent Speaker Verification,Sequential,3,70,6593
Aesthetics Quality Assessment,Computer Vision,3,20,54472
Aesthetics Quality Assessment,General,3,20,114234
Thermal Infrared Object Tracking,Computer Vision,3,12,54472
Medical Code Prediction,Computer Vision,3,25,54472
Keyword Spotting,Reinforcement Learning,3,405,6988
Group Anomaly Detection,Computer Vision,3,12,54472
Multi-Object Tracking,Sequential,3,670,6593
Small-Footprint Keyword Spotting,Sequential,3,25,6593
Human Instance Segmentation,Computer Vision,3,16,54472
Distant Speech Recognition,Sequential,3,30,6593
Classify 3D Point Clouds,Computer Vision,3,5,54472
Expressive Speech Synthesis,Audio,3,47,488
Expressive Speech Synthesis,Sequential,3,47,6593
Video Story QA,General,3,4,114234
Classification Of Breast Cancer Histology Images,Computer Vision,3,11,54472
Few-Shot Image Classification,Sequential,3,352,6593
Acoustic Modelling,Sequential,3,48,6593
Spoken Dialogue Systems,Computer Vision,3,250,54472
Clickbait Detection,Sequential,3,31,6593
3D Facial Landmark Localization,Computer Vision,3,8,54472
Multi-Human Parsing,Computer Vision,3,11,54472
Writer Retrieval,Computer Vision,3,15,54472
Omniverse Isaac Gym,General,3,4,114234
Hyperspectral Image Segmentation,General,3,19,114234
Constrained Lip-synchronization,General,3,8,114234
Image-guided Story Ending Generation,General,3,9,114234
Supervised Only 3D Point Cloud Classification,Computer Vision,3,13,54472
Game of Chess,General,3,24,114234
Tumor Segmentation,Sequential,3,785,6593
Font Style Transfer,Computer Vision,3,8,54472
Sketch-to-Image Translation,General,3,14,114234
Efficient Neural Network,Reinforcement Learning,3,223,6988
Occluded Face Detection,Computer Vision,3,7,54472
Multi-Label Image Recognition,General,3,37,114234
Region Proposal,Sequential,3,371,6593
Sentence Summarization,Computer Vision,3,43,54472
Human Detection,Sequential,3,306,6593
Hard Attention,Reinforcement Learning,3,99,6988
Motion Detection,Computer Vision,3,101,54472
Audio captioning,Sequential,3,118,6593
Semantic Frame Parsing,Sequential,3,22,6593
Face Transfer,General,3,8,114234
Face Transfer,Computer Vision,3,8,54472
Fast Vehicle Detection,Computer Vision,3,8,54472
Multi-Goal Reinforcement Learning,Computer Vision,3,34,54472
Multi-Document Summarization,Sequential,3,354,6593
3D Bin Packing,General,3,11,114234
multimodal interaction,Sequential,3,106,6593
Interpretable Machine Learning,Sequential,3,534,6593
Weakly Supervised Object Detection,Sequential,3,141,6593
Video Action Detection,Computer Vision,3,32,54472
Drug Response Prediction,Computer Vision,3,46,54472
Action Detection,Reinforcement Learning,3,813,6988
Graph Regression,Sequential,3,145,6593
Molecular Property Prediction,Sequential,3,354,6593
Remote Sensing Image Classification,Graphs,3,93,12318
Sar Image Despeckling,General,3,22,114234
Riemannian optimization,Natural Language Processing,3,152,40996
RTE,Sequential,3,111,6593
Program induction,Computer Vision,3,66,54472
Music Classification,Graphs,3,52,12318
Conversational Response Selection,Computer Vision,3,44,54472
Steering Control,Computer Vision,3,26,54472
Semantic Composition,Sequential,3,110,6593
Cloze Test,Sequential,3,67,6593
Driver Identification,Computer Vision,3,24,54472
Dense Pixel Correspondence Estimation,Computer Vision,3,17,54472
Malware Classification,Sequential,3,145,6593
Aspect Extraction,Computer Vision,3,92,54472
Face Detection,Graphs,3,532,12318
FPS Games,Reinforcement Learning,3,19,6988
Phoneme Recognition,Audio,3,103,488
Loop Closure Detection,Graphs,3,89,12318
Classification with Binary Neural Network,Computer Vision,3,13,54472
3D Action Recognition,Sequential,3,91,6593
Sentence Retrieval,Sequential,3,80,6593
Unsupervised MNIST,General,3,10,114234
Image Retargeting,Computer Vision,3,26,54472
Permuted-MNIST,Sequential,3,37,6593
Single Image Haze Removal,General,3,18,114234
Speech Emotion Recognition,Reinforcement Learning,3,429,6988
Age-Invariant Face Recognition,Graphs,3,19,12318
Robust Object Detection,Reinforcement Learning,3,90,6988
Dialogue State Tracking,Computer Vision,3,287,54472
Parameter Prediction,Sequential,3,51,6593
Viewpoint Estimation,General,3,41,114234
Community Question Answering,Computer Vision,3,235,54472
Offline Handwritten Chinese Character Recognition,Computer Vision,3,8,54472
Human action generation,General,3,13,114234
Cryptanalysis,General,3,37,114234
road scene understanding,General,3,20,114234
Image Forgery Detection,General,3,47,114234
Lexical Simplification,Sequential,3,147,6593
Radio Interferometry,General,3,20,114234
Semi-Supervised Image Classification,Sequential,3,167,6593
Iris Recognition,Graphs,3,139,12318
Fish Detection,General,3,11,114234
Binary text classification,Sequential,3,20,6593
Video Background Subtraction,General,3,17,114234
Rolling Shutter Correction,Sequential,3,216,6593
Multi-Speaker Source Separation,General,3,8,114234
Script Generation,Computer Vision,3,43,54472
Cross-Lingual Natural Language Inference,Sequential,3,30,6593
Robust 3D Semantic Segmentation,General,3,19,114234
NMT,Audio,3,1737,488
Meta-Learning,Audio,3,3548,488
Voice Similarity,Audio,3,14,488
Lexical Simplification,Computer Vision,3,147,54472
Cryogenic Electron Microscopy (cryo-EM),Computer Vision,3,25,54472
Action Anticipation,Sequential,3,110,6593
Image and Video Forgery Detection,General,3,5,114234
Human Interaction Recognition,Sequential,3,22,6593
Open-Domain Dialog,Sequential,3,57,6593
Biologically-plausible Training,General,3,10,114234
Keyword Spotting,Audio,3,405,488
Space group classification,Computer Vision,3,5,54472
Single-Image Blind Deblurring,Computer Vision,3,7,54472
Rhythm,Audio,3,515,488
Visual Odometry,Sequential,3,408,6593
Sokoban,Computer Vision,3,61,54472
Sokoban,Reinforcement Learning,3,61,6988
Jet Tagging,Computer Vision,3,45,54472
Generalized Few-Shot Learning,General,3,12,114234
Zero Shot Skeletal Action Recognition,General,3,8,114234
Style Generalization,Computer Vision,3,13,54472
Visual Social Relationship Recognition,General,3,10,114234
Visual Navigation,Sequential,3,314,6593
Concept-To-Text Generation,General,3,17,114234
Temporal Information Extraction,Sequential,3,85,6593
Grammatical Error Detection,Sequential,3,100,6593
Nested Mention Recognition,General,3,11,114234
Nested Mention Recognition,Sequential,3,11,6593
Sentence Compression,Sequential,3,147,6593
Sentence Pair Modeling,General,3,12,114234
Story Generation,Sequential,3,231,6593
Dictionary Learning,Sequential,3,821,6593
Satire Detection,Sequential,3,13,6593
Video Salient Object Detection,Sequential,3,48,6593
Supervised Video Summarization,Computer Vision,3,28,54472
Goal-Oriented Dialogue Systems,Graphs,3,45,12318
Weakly-supervised Learning,Sequential,3,612,6593
Cross-Lingual Bitext Mining,General,3,6,114234
Parallel Corpus Mining,General,3,13,114234
Cross-Lingual Bitext Mining,Natural Language Processing,3,6,40996
Organ Detection,Computer Vision,3,9,54472
Micro-Expression Spotting,General,3,16,114234
outlier ensembles,Computer Vision,3,7,54472
imbalanced classification,Reinforcement Learning,3,211,6988
Face Anti-Spoofing,Sequential,3,204,6593
Acoustic Unit Discovery,Computer Vision,3,25,54472
Neural Network Compression,Sequential,3,193,6593
Automatic Machine Learning Model Selection,Computer Vision,3,8,54472
Small Data Image Classification,Graphs,3,178,12318
Transportation Mode Detection,Computer Vision,3,6,54472
Transportation Mode Detection,General,3,6,114234
Deception Detection,Sequential,3,120,6593
Gender Prediction,Sequential,3,66,6593
Paraphrase Identification,Graphs,3,170,12318
Knowledge Base Question Answering,Computer Vision,3,133,54472
Hippocampus,Sequential,3,299,6593
Semi-Supervised Video Object Segmentation,Sequential,3,146,6593
Multi-Hypotheses 3D Human Pose Estimation,Computer Vision,3,16,54472
3D Depth Estimation,Computer Vision,3,19,54472
Variable misuse,Computer Vision,3,15,54472
Dynamic graph embedding,Graphs,3,24,12318
Cantilever Beam,Computer Vision,3,25,54472
Unsupervised Video Summarization,Computer Vision,3,30,54472
Material Segmentation,General,3,18,114234
Medical Image Analysis,Reinforcement Learning,3,1357,6988
Inductive logic programming,Computer Vision,3,153,54472
Sentence-Pair Classification,Sequential,3,38,6593
Next-basket recommendation,General,3,18,114234
Numerical Integration,Sequential,3,242,6593
Product Categorization,Natural Language Processing,3,25,40996
Video Inpainting,Sequential,3,130,6593
Image Imputation,Computer Vision,3,8,54472
Video Retrieval,Sequential,3,485,6593
Self-Supervised Audio Classification,General,3,9,114234
Math Word Problem Solving,Computer Vision,3,106,54472
Incomplete multi-view clustering,General,3,44,114234
Emotion Cause Extraction,General,3,27,114234
Emotion Cause Extraction,Natural Language Processing,3,27,40996
Music Source Separation,Audio,3,107,488
target-oriented opinion words extraction,General,3,8,114234
Persuasiveness,Computer Vision,3,96,54472
Semantic Dependency Parsing,Sequential,3,49,6593
Language Identification,Graphs,3,792,12318
Toponym Resolution,General,3,19,114234
Discourse Segmentation,Sequential,3,37,6593
Unsupervised Extractive Summarization,Natural Language Processing,3,30,40996
Unsupervised Spatial Clustering,General,3,10,114234
Chinese Reading Comprehension,Natural Language Processing,3,7,40996
Small-Footprint Keyword Spotting,Computer Vision,3,25,54472
Audio-Visual Active Speaker Detection,General,3,25,114234
Active Speaker Detection,Computer Vision,3,63,54472
Clustering Algorithms Evaluation,General,3,12,114234
Music Genre Transfer,Computer Vision,3,4,54472
Synthetic Data Generation,Sequential,3,820,6593
Image Classification,Audio,3,10391,488
Deformable Medical Image Registration,Natural Language Processing,3,37,40996
channel selection,Sequential,3,119,6593
Sequential Image Classification,Natural Language Processing,3,44,40996
Voice pathology detection,General,3,8,114234
Malware Analysis,Sequential,3,89,6593
Modality completion,General,3,10,114234
Formality Style Transfer,Sequential,3,19,6593
Conversational Question Answering,Sequential,3,140,6593
Morphological Analysis,Graphs,3,452,12318
Split and Rephrase,Natural Language Processing,3,17,40996
Unsupervised Image Segmentation,Graphs,3,61,12318
Non-Intrusive Load Monitoring,Sequential,3,99,6593
Prosody Prediction,General,3,15,114234
fr-en,Natural Language Processing,3,23,40996
Inductive logic programming,Graphs,3,153,12318
Inductive logic programming,Natural Language Processing,3,153,40996
Vehicle Pose Estimation,General,3,37,114234
ECG Denoising,Computer Vision,3,12,54472
Aspect Extraction,Sequential,3,92,6593
Motion Generation,Reinforcement Learning,3,445,6988
Lesion Segmentation,Sequential,3,639,6593
Table-to-Text Generation,Sequential,3,66,6593
Knowledge Base Question Answering,Graphs,3,133,12318
Raw reconstruction,General,3,9,114234
Self-Supervised Action Recognition Linear,Computer Vision,3,11,54472
LEMMA,Graphs,3,624,12318
Image Denoising,Sequential,3,1218,6593
Social Navigation,Graphs,3,69,12318
Point Processes,Sequential,3,540,6593
Document-level Relation Extraction,Sequential,3,105,6593
Extract Aspect,General,3,23,114234
Extract Aspect,Natural Language Processing,3,23,40996
Human motion prediction,Sequential,3,161,6593
vehicle detection,Graphs,3,248,12318
Predicting Patient Outcomes,General,3,21,114234
Data Summarization,Computer Vision,3,95,54472
Pulmonary Embolism Detection,General,3,11,114234
Industrial Robots,Reinforcement Learning,3,61,6988
Lightweight Face Recognition,Computer Vision,3,14,54472
Sleep Staging,Sequential,3,116,6593
Dialogue Act Classification,Natural Language Processing,3,65,40996
Respiratory Rate Estimation,General,3,9,114234
General Reinforcement Learning,Sequential,3,84,6593
Partially Observable Reinforcement Learning,Reinforcement Learning,3,18,6988
General Reinforcement Learning,Natural Language Processing,3,84,40996
Tree Decomposition,Computer Vision,3,34,54472
Language Acquisition,Reinforcement Learning,3,519,6988
GZSL Video Classification,General,3,7,114234
Monocular Reconstruction,General,3,34,114234
Small Data Image Classification,Natural Language Processing,3,178,40996
Image to sketch recognition,General,3,7,114234
Zero-Shot Learning,Audio,3,1853,488
Classification,Audio,3,12759,488
Dialogue Management,Sequential,3,195,6593
Extractive Text Summarization,Graphs,3,93,12318
Lexical Normalization,General,3,47,114234
Lexical Normalization,Natural Language Processing,3,47,40996
UCCA Parsing,Sequential,3,13,6593
Semantic Dependency Parsing,Natural Language Processing,3,49,40996
Relationship Detection,Graphs,3,86,12318
Visual Relationship Detection,Graphs,3,82,12318
3D Multi-Person Pose Estimation,Computer Vision,3,62,54472
Learning Word Embeddings,Graphs,3,91,12318
Polyphone disambiguation,Sequential,3,15,6593
Variable Selection,Graphs,3,565,12318
Program induction,Natural Language Processing,3,66,40996
Colorectal Polyps Characterization,Computer Vision,3,8,54472
Polyp Segmentation,Computer Vision,3,10,54472
Emotion Recognition in Conversation,Sequential,3,139,6593
Semantic Shift Detection,General,3,10,114234
Classification Of Variable Stars,General,3,9,114234
Medical Procedure,General,3,23,114234
Facial Expression Translation,General,3,6,114234
document understanding,Sequential,3,307,6593
Sketch Recognition,Natural Language Processing,3,39,40996
Question Similarity,Sequential,3,62,6593
Depth Completion,Sequential,3,242,6593
Monocular Depth Estimation,Sequential,3,875,6593
Brain Computer Interface,Reinforcement Learning,3,465,6988
Speculation Scope Resolution,General,3,3,114234
Speculation Scope Resolution,Natural Language Processing,3,3,40996
Graph Generation,Sequential,3,709,6593
Trajectory Modeling,Sequential,3,45,6593
Domain Adaptive Person Re-Identification,General,3,29,114234
Abnormal Event Detection In Video,General,3,17,114234
Unsupervised Object Detection,Computer Vision,3,19,54472
Taxonomy Expansion,Graphs,3,25,12318
Data Compression,Reinforcement Learning,3,459,6988
Multi-modal Recommendation,Computer Vision,3,30,54472
Design Synthesis,General,3,22,114234
Continued fraction,General,3,10,114234
Morphological Analysis,Computer Vision,3,452,54472
Heuristic Search,Graphs,3,260,12318
Self-Supervised Person Re-Identification,Computer Vision,3,4,54472
Lake Ice Monitoring,General,3,6,114234
The Semantic Segmentation Of Remote Sensing Imagery,General,3,11,114234
Lake Ice Monitoring,Computer Vision,3,6,54472
The Semantic Segmentation Of Remote Sensing Imagery,Computer Vision,3,11,54472
Video Prediction,Reinforcement Learning,3,392,6988
Image Reconstruction,Sequential,3,2139,6593
Unsupervised Text Classification,General,3,11,114234
Supervised Image Retrieval,General,3,4,114234
Student dropout,Natural Language Processing,3,14,40996
Node Property Prediction,Natural Language Processing,3,54,40996
Crop Classification,Sequential,3,48,6593
Raspberry Pi 3,General,3,21,114234
Raspberry Pi 3,Computer Vision,3,21,54472
MUlTI-LABEL-ClASSIFICATION,Audio,3,1101,488
Zero-Shot Video Object Segmentation,Computer Vision,3,16,54472
Scene Text Detection,Graphs,3,212,12318
Link Prediction,Reinforcement Learning,3,1937,6988
Face Age Editing,Computer Vision,3,8,54472
Vehicle Speed Estimation,Computer Vision,3,19,54472
Story Completion,General,3,17,114234
Low Resource NMT,Natural Language Processing,3,33,40996
One-shot Unsupervised Domain Adaptation,Computer Vision,3,10,54472
SST-2,Sequential,3,64,6593
Persian Sentiment Analysis,Computer Vision,3,13,54472
Persian Sentiment Analysis,Sequential,3,13,6593
3D Shape Reconstruction,Natural Language Processing,3,139,40996
3D Shape Representation,Natural Language Processing,3,91,40996
Weakly Supervised Classification,Computer Vision,3,39,54472
Multimodal Text and Image Classification,General,3,7,114234
Multimodal Text and Image Classification,Computer Vision,3,7,54472
Implicit Discourse Relation Classification,Natural Language Processing,3,35,40996
Gender Prediction,Computer Vision,3,66,54472
Goal-Oriented Dialog,Natural Language Processing,3,54,40996
Lexical Entailment,General,3,44,114234
Lexical Entailment,Natural Language Processing,3,44,40996
End-To-End Dialogue Modelling,Natural Language Processing,3,10,40996
Multilabel Text Classification,General,3,12,114234
Temporal Action Proposal Generation,Natural Language Processing,3,32,40996
Spatio-Temporal Forecasting,Sequential,3,87,6593
RAG,Sequential,3,2109,6593
Misogynistic Aggression Identification,General,3,4,114234
Misogynistic Aggression Identification,Natural Language Processing,3,4,40996
Data Visualization,Sequential,3,335,6593
Term Extraction,Graphs,3,157,12318
answerability prediction,Natural Language Processing,3,9,40996
Handwritten Document Recognition,General,3,6,114234
Second-order methods,Computer Vision,3,181,54472
distortion correction,Natural Language Processing,3,45,40996
Video Reconstruction,Graphs,3,145,12318
MS-SSIM,Sequential,3,178,6593
Multiview Gait Recognition,Computer Vision,3,13,54472
Motion Synthesis,Sequential,3,279,6593
Video Emotion Recognition,Computer Vision,3,29,54472
Sand,Reinforcement Learning,3,106,6988
Unsupervised Machine Translation,Sequential,3,98,6593
Vietnamese Machine Reading Comprehension,General,3,7,114234
Semi-supervised time series classification,Computer Vision,3,6,54472
Emotion-Cause Pair Extraction,Sequential,3,46,6593
Multi-modal Named Entity Recognition,Natural Language Processing,3,9,40996
Simultaneous Speech-to-Text Translation,General,3,12,114234
Outlier Detection,Reinforcement Learning,3,702,6988
Dense Pixel Correspondence Estimation,General,3,17,114234
Length-of-Stay prediction,Natural Language Processing,3,28,40996
Weakly-Supervised Named Entity Recognition,General,3,7,114234
Weakly-Supervised Named Entity Recognition,Natural Language Processing,3,7,40996
Node Classification on Non-Homophilic (Heterophilic) Graphs,General,3,29,114234
Action Generation,Graphs,3,111,12318
Human action generation,Graphs,3,13,12318
Game of Go,Natural Language Processing,3,62,40996
Method name prediction,Natural Language Processing,3,24,40996
Document Ranking,Computer Vision,3,167,54472
Human Dynamics,Sequential,3,52,6593
3D Multi-Person Pose Estimation (absolute),Graphs,3,20,12318
3D Multi-Person Pose Estimation (root-relative),Graphs,3,18,12318
Seeing Beyond the Visible,Natural Language Processing,3,8,40996
2D Human Pose Estimation,Graphs,3,118,12318
Organ Detection,General,3,9,114234
Domain Adaptation,Audio,3,6401,488
Unsupervised Domain Adaptation,Audio,3,1942,488
Motion Compensation,Sequential,3,207,6593
Time-to-Event Prediction,Computer Vision,3,27,54472
Unsupervised 3D Human Pose Estimation,Computer Vision,3,15,54472
Text-Independent Speaker Verification,Natural Language Processing,3,70,40996
Multi-Label Classification Of Biomedical Texts,General,3,6,114234
Temporal Information Extraction,Natural Language Processing,3,85,40996
Unsupervised Image Classification,Graphs,3,45,12318
COVID-19 Modelling,General,3,3,114234
2D Pose Estimation,Graphs,3,90,12318
Gaze Prediction,Graphs,3,55,12318
3D Point Cloud Data Augmentation,General,3,5,114234
3D Multi-Person Mesh Recovery,Computer Vision,3,12,54472
Unsupervised Few-Shot Image Classification,Computer Vision,3,28,54472
Unsupervised Few-Shot Learning,Computer Vision,3,22,54472
3D Depth Estimation,General,3,19,114234
Supervised Defect Detection,Computer Vision,3,8,54472
SENTS,General,3,13,114234
Ingenuity,Computer Vision,3,46,54472
Elementary Mathematics,Natural Language Processing,3,7,40996
Person Identification,Sequential,3,106,6593
Image-Based Localization,Graphs,3,62,12318
Facial Makeup Transfer,General,3,8,114234
Unbiased Scene Graph Generation,General,3,30,114234
Heterogeneous Face Recognition,Graphs,3,36,12318
Legal Reasoning,Computer Vision,3,92,54472
Procedural Text Understanding,Natural Language Processing,3,15,40996
Multiple Sequence Alignment,Sequential,3,54,6593
Vietnamese Datasets,Natural Language Processing,3,16,40996
Data Compression,Graphs,3,459,12318
Variational Inference,Audio,3,2264,488
QQP,Sequential,3,32,6593
NER,Reinforcement Learning,3,1703,6988
Scene Graph Generation,Reinforcement Learning,3,316,6988
Question Rewriting,Natural Language Processing,3,24,40996
Decompensation,General,3,16,114234
News Classification,Computer Vision,3,71,54472
Numerical Integration,Graphs,3,242,12318
Multiple Choice Question Answering (MCQA),Computer Vision,3,64,54472
Aspect Sentiment Triplet Extraction,Sequential,3,52,6593
Task 2,Audio,3,569,488
Chunking,Reinforcement Learning,3,444,6988
Cross-Lingual Abstractive Summarization,General,3,15,114234
Lay Summarization,Natural Language Processing,3,11,40996
Scientific Document Summarization,Natural Language Processing,3,21,40996
Rain Removal,Sequential,3,315,6593
Audio Fingerprint,General,3,4,114234
All,Audio,3,2624,488
Permuted-MNIST,Computer Vision,3,37,54472
Temporal Knowledge Graph Completion,Natural Language Processing,3,41,40996
Heartbeat Classification,Sequential,3,28,6593
Foveation,General,3,29,114234
Natural Language Moment Retrieval,Graphs,3,22,12318
Partially Labeled Datasets,Computer Vision,3,29,54472
Backdoor Attack,Sequential,3,520,6593
token-classification,Sequential,3,98,6593
Token Classification,Sequential,3,98,6593
Change Point Detection,Graphs,3,285,12318
Reflection Removal,Natural Language Processing,3,81,40996
Electromyography (EMG),Graphs,3,94,12318
Spoken Language Understanding,Reinforcement Learning,3,547,6988
Real-Time Strategy Games,Natural Language Processing,3,46,40996
Sensor Modeling,Natural Language Processing,3,25,40996
Skills Assessment,Natural Language Processing,3,21,40996
Seismic Interpretation,General,3,20,114234
Depth-aware Video Panoptic Segmentation,Computer Vision,3,6,54472
Camera Calibration,Reinforcement Learning,3,342,6988
Drone-view target localization,Graphs,3,10,12318
Speaker Profiling,General,3,8,114234
Conditional Text Generation,Graphs,3,67,12318
Crime Prediction,Computer Vision,3,47,54472
Perpetual View Generation,General,3,7,114234
Skill Mastery,General,3,8,114234
Photometric Redshift Estimation,Graphs,3,12,12318
Multiple Object Tracking with Transformer,Natural Language Processing,3,7,40996
Low Resource Named Entity Recognition,Natural Language Processing,3,37,40996
Emotion Recognition,Reinforcement Learning,3,2028,6988
Event Coreference Resolution,Natural Language Processing,3,70,40996
Music Emotion Recognition,Natural Language Processing,3,35,40996
Graph Representation Learning,Reinforcement Learning,3,978,6988
X-ray Classification,Graphs,3,70,12318
Action Anticipation,Graphs,3,110,12318
Semantic Text Matching,General,3,11,114234
Conversational Search,Graphs,3,154,12318
Distributional Reinforcement Learning,Graphs,3,137,12318
Hand-Gesture Recognition,Graphs,3,187,12318
Activity Recognition,Reinforcement Learning,3,1321,6988
Card Games,Sequential,3,52,6593
point of interests,Reinforcement Learning,3,13,6988
Music Auto-Tagging,Computer Vision,3,22,54472
Real-World Adversarial Attack,Computer Vision,3,15,54472
Driver Identification,General,3,24,114234
Data Poisoning,Reinforcement Learning,3,490,6988
Natural Questions,Reinforcement Learning,3,174,6988
IoT Device Identification,General,3,18,114234
Weakly-supervised Learning,Reinforcement Learning,3,612,6988
Anomaly Detection,Audio,3,4850,488
Image Super-Resolution,Reinforcement Learning,3,1587,6988
Compressed Image Super-resolution,Computer Vision,3,8,54472
Visual Place Recognition,Sequential,3,296,6593
Scene Graph Detection,Computer Vision,3,11,54472
Acoustic Modelling,Natural Language Processing,3,48,40996
Image Manipulation,Reinforcement Learning,3,426,6988
Task Planning,Reinforcement Learning,3,342,6988
6D Pose Estimation using RGB,Graphs,3,232,12318
Stereo Matching,Graphs,3,515,12318
Cardiac Segmentation,Graphs,3,88,12318
Fovea Detection,Computer Vision,3,8,54472
Optic Disc Detection,Computer Vision,3,6,54472
Optic Disc Detection,General,3,6,114234
Classifier calibration,Computer Vision,3,29,54472
Multi-modal Entity Alignment,Computer Vision,3,19,54472
Unsupervised Action Segmentation,General,3,16,114234
Environmental Sound Classification,Natural Language Processing,3,45,40996
Graph Question Answering,Graphs,3,78,12318
Mirror Detection,Computer Vision,3,14,54472
Gender Bias Detection,Computer Vision,3,17,54472
Unsupervised Human Pose Estimation,Computer Vision,3,13,54472
Disease Prediction,Reinforcement Learning,3,260,6988
Sentence Ordering,Graphs,3,50,12318
Sketch Recognition,Computer Vision,3,39,54472
Photometric Redshift Estimation,General,3,12,114234
Online Multi-Object Tracking,Natural Language Processing,3,56,40996
Attribute Extraction,Computer Vision,3,59,54472
Road Segmentation,Graphs,3,82,12318
Generalized Zero-Shot Learning,Graphs,3,159,12318
Prostate Zones Segmentation,General,3,3,114234
Video Deinterlacing,Computer Vision,3,5,54472
Citation worthiness,General,3,5,114234
Grounded language learning,Natural Language Processing,3,56,40996
Temporal Relation Classification,Natural Language Processing,3,27,40996
Line Segment Detection,Computer Vision,3,37,54472
Natural Language Inference (Zero-Shot),Natural Language Processing,3,4,40996
Analog Video Restoration,Computer Vision,3,7,54472
Egocentric Pose Estimation,General,3,21,114234
Group Activity Recognition,Graphs,3,65,12318
Copy Detection,Natural Language Processing,3,47,40996
3D Interacting Hand Pose Estimation,General,3,13,114234
hand-object pose,Natural Language Processing,3,34,40996
Point Cloud Retrieval,Natural Language Processing,3,18,40996
Synthetic-to-Real Translation,Graphs,3,68,12318
Domain Adaptive Person Re-Identification,Graphs,3,29,12318
Structural Health Monitoring,Graphs,3,197,12318
Robust Design,Computer Vision,3,74,54472
Occluded Person Re-Identification,Graphs,3,46,12318
CAD Reconstruction,Natural Language Processing,3,23,40996
Single Particle Analysis,Graphs,3,106,12318
Crack Segmentation,Natural Language Processing,3,62,40996
Generalizable Person Re-identification,Natural Language Processing,3,44,40996
Tumour Classification,Computer Vision,3,17,54472
Camera Relocalization,Graphs,3,59,12318
Vietnamese Sentiment Analysis,Natural Language Processing,3,3,40996
EEG Signal Classification,Computer Vision,3,27,54472
Timedial,Natural Language Processing,3,4,40996
Timedial,General,3,4,114234
Aspect-oriented Opinion Extraction,Natural Language Processing,3,7,40996
ListOps,Sequential,3,22,6593
Toxic Comment Classification,Sequential,3,28,6593
Event Causality Identification,Graphs,3,25,12318
Semi-Supervised Text Classification,Graphs,3,39,12318
graph construction,Sequential,3,558,6593
Paraphrase Generation,Reinforcement Learning,3,206,6988
Table-based Fact Verification,Graphs,3,25,12318
Medical Code Prediction,Natural Language Processing,3,25,40996
Multimodal Reasoning,Graphs,3,302,12318
Alzheimer's Detection,Computer Vision,3,14,54472
Density Estimation,Audio,3,1384,488
GPR,Graphs,3,269,12318
Vertical Federated Learning,Graphs,3,194,12318
Disjoint 15-1,General,3,8,114234
Disjoint 15-5,General,3,8,114234
Overlapped 100-5,General,3,6,114234
Overlapped 100-50,General,3,5,114234
Overlapped 19-1,General,3,5,114234
Overlapped 50-50,General,3,5,114234
Outdoor Localization,Computer Vision,3,29,54472
Trajectory Planning,Graphs,3,324,12318
Sentence Embeddings,Reinforcement Learning,3,604,6988
Face Detection,Reinforcement Learning,3,532,6988
Music Classification,Natural Language Processing,3,52,40996
Music Genre Classification,Audio,3,56,488
Heart rate estimation,Graphs,3,85,12318
Diabetic Retinopathy Grading,Graphs,3,44,12318
Retrieval-augmented Few-shot In-context Audio Captioning,General,3,5,114234
Retrieval-augmented Few-shot In-context Audio Captioning,Natural Language Processing,3,5,40996
Click-Through Rate Prediction,Sequential,3,390,6593
Video Visual Relation Detection,General,3,15,114234
XLM-R,Reinforcement Learning,3,213,6988
Multivariate Time Series Imputation,Graphs,3,38,12318
cross-modal alignment,Sequential,3,341,6593
Point Clouds,Computer Vision,3,22,54472
Brain Tumor Classification,Graphs,3,52,12318
Car Racing,General,3,48,114234
Equilibrium traffic assignment,Reinforcement Learning,3,6,6988
Code Translation,Graphs,3,99,12318
GPR,Reinforcement Learning,3,269,6988
Key Information Extraction,Graphs,3,73,12318
Video Compressive Sensing,General,3,20,114234
Video Compressive Sensing,Computer Vision,3,20,54472
Low-Light Image Enhancement,Reinforcement Learning,3,315,6988
Autism detection,General,3,16,114234
Jpeg Compression Artifact Reduction,General,3,7,114234
Jpeg Compression Artifact Reduction,Natural Language Processing,3,7,40996
Drivable Area Detection,Computer Vision,3,12,54472
Logical Sequence,General,3,9,114234
Logical Sequence,Natural Language Processing,3,9,40996
PointGoal Navigation,Computer Vision,3,25,54472
Multi-Hypotheses 3D Human Pose Estimation,General,3,16,114234
Integrated sensing and communication,Sequential,3,549,6593
Audio Signal Processing,Sequential,3,70,6593
point of interests,General,3,13,114234
point of interests,Graphs,3,13,12318
Multi-target Domain Adaptation,Natural Language Processing,3,39,40996
Crop Type Mapping,General,3,20,114234
Action Classification,Reinforcement Learning,3,456,6988
Garment Reconstruction,Natural Language Processing,3,25,40996
Video Summarization,Graphs,3,277,12318
Visual Place Recognition,Reinforcement Learning,3,296,6988
CARLA longest6,Computer Vision,3,15,54472
UNET Segmentation,Natural Language Processing,3,24,40996
Video Matting,General,3,30,114234
Semantic Image-Text Similarity,Computer Vision,3,4,54472
Continual Pretraining,Graphs,3,69,12318
Word Sense Disambiguation,Graphs,3,1032,12318
Emotional Speech Synthesis,General,3,26,114234
Expressive Speech Synthesis,Natural Language Processing,3,47,40996
Alzheimer's Disease Detection,Graphs,3,61,12318
Sleep Staging,Graphs,3,116,12318
Acoustic echo cancellation,Computer Vision,3,69,54472
New Product Sales Forecasting,General,3,5,114234
Supervised Video Summarization,Natural Language Processing,3,28,40996
LEMMA,Reinforcement Learning,3,624,6988
Linguistic Acceptability,Audio,3,72,488
Adversarial Attack Detection,Computer Vision,3,37,54472
Logical Reasoning Reading Comprehension,General,3,4,114234
Molecular Docking,Reinforcement Learning,3,128,6988
Counterfactual Inference,Graphs,3,124,12318
Photo Retouching,Natural Language Processing,3,27,40996
single-image-generation,General,3,12,114234
Zero-shot Slot Filling,Graphs,3,20,12318
Cross-Lingual Transfer,Audio,3,750,488
Lane Detection,Sequential,3,250,6593
Video Generation,Audio,3,1461,488
Acrobot,Computer Vision,3,28,54472
Playing the Game of 2048,Reinforcement Learning,3,57,6988
blind source separation,Sequential,3,211,6593
TriviaQA,Graphs,3,121,12318
Dynamic Node Classification,Graphs,3,10,12318
Spoken Command Recognition,General,3,10,114234
Text based Person Search,Graphs,3,37,12318
Pose Retrieval,General,3,23,114234
Speech Denoising,Natural Language Processing,3,64,40996
Probabilistic Programming,Graphs,3,273,12318
Cross-Modal Person Re-Identification,Computer Vision,3,16,54472
ListOps,Computer Vision,3,22,54472
Sequential Recommendation,Reinforcement Learning,3,554,6988
Speaker Verification,Reinforcement Learning,3,744,6988
Camera Calibration,Graphs,3,342,12318
Video deraining,Natural Language Processing,3,30,40996
Situation Recognition,Natural Language Processing,3,12,40996
EEG Artifact Removal,General,3,8,114234
MuJoCo Games,General,3,8,114234
Class-agnostic Object Detection,Computer Vision,3,9,54472
Unsupervised Skeleton Based Action Recognition,Graphs,3,11,12318
Unsupervised Person Re-Identification,Natural Language Processing,3,107,40996
audio-visual event localization,Computer Vision,3,26,54472
Zero-shot Generalization,Sequential,3,567,6593
Pretrained Multilingual Language Models,Graphs,3,23,12318
Unsupervised Text Style Transfer,Natural Language Processing,3,38,40996
Drift Detection,Reinforcement Learning,3,181,6988
Synthetic-to-Real Translation,Natural Language Processing,3,68,40996
Active Speaker Detection,Graphs,3,63,12318
Multiview Clustering,Graphs,3,13,12318
3D Dense Shape Correspondence,General,3,11,114234
3D Dense Shape Correspondence,Computer Vision,3,11,54472
3D Shape Reconstruction From A Single 2D Image,Computer Vision,3,10,54472
Hierarchical Multi-label Classification,Graphs,3,47,12318
Training-free 3D Part Segmentation,General,3,3,114234
Zero-Shot Transfer 3D Point Cloud Classification,General,3,11,114234
Depth-aware Video Panoptic Segmentation,General,3,6,114234
RGB-T Salient Object Detection,Computer Vision,3,10,54472
Generalized Referring Expression Segmentation,Natural Language Processing,3,15,40996
Zero-Shot Multi-Speaker TTS,General,3,8,114234
Face Swapping,Audio,3,912,488
Few-Shot Skeleton-Based Action Recognition,Graphs,3,8,12318
Feature Upsampling,Natural Language Processing,3,25,40996
Subdomain adaptation,Computer Vision,3,8,54472
Weakly supervised segmentation,Graphs,3,147,12318
Lifelong learning,Graphs,3,467,12318
Community Question Answering,Graphs,3,235,12318
Asset Management,Reinforcement Learning,3,87,6988
Conversational Question Answering,Graphs,3,140,12318
Neural Network simulation,General,3,21,114234
Multimodal Association,General,3,7,114234
Raw reconstruction,Computer Vision,3,9,54472
zero-shot-classification,Sequential,3,421,6593
Infrared image super-resolution,General,3,11,114234
Face Anti-Spoofing,Reinforcement Learning,3,204,6988
Parameter Prediction,Natural Language Processing,3,51,40996
channel selection,Reinforcement Learning,3,119,6988
Form,Audio,3,1610,488
Virtual Try-on,Graphs,3,275,12318
Object Categorization,Natural Language Processing,3,80,40996
Event Coreference Resolution,Graphs,3,70,12318
Facial Emotion Recognition,Graphs,3,81,12318
Cell Tracking,Graphs,3,74,12318
Dynamic neural networks,Natural Language Processing,3,37,40996
Model extraction,Graphs,3,174,12318
Mirror Detection,General,3,14,114234
Argument Retrieval,General,3,14,114234
Argument Retrieval,Natural Language Processing,3,14,40996
Zero-Shot Cross-Modal Retrieval,Graphs,3,26,12318
Unsupervised Semantic Segmentation with Language-image Pre-training,Natural Language Processing,3,14,40996
Action Quality Assessment,Graphs,3,52,12318
3D Point Cloud Linear Classification,Graphs,3,21,12318
Spoken language identification,Natural Language Processing,3,50,40996
Constituency Grammar Induction,Natural Language Processing,3,21,40996
Lipreading,Graphs,3,102,12318
Abstractive Dialogue Summarization,Natural Language Processing,3,34,40996
Face Presentation Attack Detection,Natural Language Processing,3,70,40996
Word-level pronunciation scoring,Computer Vision,3,5,54472
X-ray Classification,Natural Language Processing,3,70,40996
Polynomial Neural Networks,Computer Vision,3,29,54472
RGB+3D Anomaly Detection and Segmentation,Computer Vision,3,8,54472
Overlapped 100-10,General,3,5,114234
Zero-shot Text Retrieval,Graphs,3,7,12318
Human Activity Recognition,Reinforcement Learning,3,743,6988
DNA analysis,General,3,12,114234
Arousal Estimation,Computer Vision,3,41,54472
Causal Judgment,General,3,8,114234
Epistemic Reasoning,General,3,19,114234
Logic Grid Puzzle,General,3,6,114234
Mathematical Induction,General,3,10,114234
SNARKS,General,3,9,114234
Causal Judgment,Natural Language Processing,3,8,40996
Known Unknowns,Natural Language Processing,3,15,40996
Logic Grid Puzzle,Natural Language Processing,3,6,40996
Audio captioning,Graphs,3,118,12318
Natural Language Visual Grounding,General,3,31,114234
Crop Type Mapping,Natural Language Processing,3,20,40996
continual few-shot learning,General,3,11,114234
Point Cloud Pre-training,Graphs,3,26,12318
Relational Reasoning,Reinforcement Learning,3,483,6988
Few-Shot Stance Detection,Natural Language Processing,3,7,40996
RGB-T Salient Object Detection,General,3,10,114234
hyperspectral image clustering,Computer Vision,3,9,54472
Spoken Dialogue Systems,Graphs,3,250,12318
Implicit Relations,Graphs,3,66,12318
Passage Re-Ranking,Graphs,3,32,12318
Zero-Shot Human-Object Interaction Detection,Natural Language Processing,3,9,40996
Explainable Models,Reinforcement Learning,3,128,6988
Video to Text Retrieval,General,3,13,114234
Body Detection,Computer Vision,3,17,54472
Few Shot Temporal Action Localization,Computer Vision,3,5,54472
hand-object pose,Computer Vision,3,34,54472
MORPH,Graphs,3,206,12318
Rubik's Cube,Reinforcement Learning,3,37,6988
controllable image captioning,General,3,14,114234
controllable image captioning,Natural Language Processing,3,14,40996
Lightweight Deployment,Natural Language Processing,3,15,40996
Experimental Design,Graphs,3,687,12318
Stereotypical Bias Analysis,General,3,5,114234
Stereotypical Bias Analysis,Natural Language Processing,3,5,40996
Jurisprudence,Computer Vision,3,26,54472
Small Object Detection,Graphs,3,151,12318
Systematic Literature Review,Graphs,3,337,12318
Text Retrieval,Reinforcement Learning,3,666,6988
Full-Reference Image Quality Assessment,Natural Language Processing,3,41,40996
10-shot image generation,Graphs,3,29,12318
Session-Based Recommendations,Sequential,3,172,6593
Described Object Detection,General,3,8,114234
Described Object Detection,Computer Vision,3,8,54472
Friction,Graphs,3,417,12318
Human Aging,General,3,18,114234
Long Term Action Anticipation,General,3,22,114234
Dataset Generation,Graphs,3,308,12318
Time Series Regression,Computer Vision,3,81,54472
Variable Selection,Sequential,3,565,6593
Spatial Token Mixer,Computer Vision,3,4,54472
Zero-Shot Instance Segmentation,Natural Language Processing,3,13,40996
Code Classification,Graphs,3,39,12318
spatial-aware image editing,General,3,4,114234
spatial-aware image editing,Computer Vision,3,4,54472
Zero-shot Audio Classification,General,3,17,114234
Affordance Recognition,General,3,11,114234
Gravitational Wave Detection,General,3,20,114234
Arrhythmia Detection,Graphs,3,86,12318
Pupil Dilation,General,3,17,114234
Speech Separation,Graphs,3,359,12318
Font Generation,Natural Language Processing,3,52,40996
Robust Camera Only 3D Object Detection,General,3,12,114234
Phone-level pronunciation scoring,Computer Vision,3,10,54472
10-shot image generation,Natural Language Processing,3,29,40996
Fracture detection,Natural Language Processing,3,40,40996
Gloss-free Sign Language Translation,Natural Language Processing,3,20,40996
Robot Manipulation Generalization,Natural Language Processing,3,19,40996
Weakly Supervised Action Localization,Natural Language Processing,3,55,40996
Audio Classification,Reinforcement Learning,3,359,6988
DeepFake Detection,Reinforcement Learning,3,579,6988
Multi-Object Tracking,Reinforcement Learning,3,670,6988
Image Registration,Sequential,3,951,6593
Long Term Action Anticipation,Computer Vision,3,22,54472
Dynamic graph embedding,Natural Language Processing,3,24,40996
Boundary Captioning,General,3,4,114234
Bird's-Eye View Semantic Segmentation,Natural Language Processing,3,26,40996
fingerprint verification,General,3,24,114234
Traffic Sign Recognition,Reinforcement Learning,3,127,6988
Multibehavior Recommendation,Natural Language Processing,3,4,40996
Earth Surface Forecasting,General,3,7,114234
Saliency Detection,Graphs,3,364,12318
TGIF-Frame,Computer Vision,3,15,54472
Panoptic Scene Graph Generation,Natural Language Processing,3,21,40996
Reference-based Super-Resolution,General,3,26,114234
Interactive Recommendation,Graphs,3,40,12318
ECG Denoising,General,3,12,114234
Building change detection for remote sensing images,Natural Language Processing,3,22,40996
Fine-grained Action Recognition,Natural Language Processing,3,38,40996
Placenta Segmentation,General,3,11,114234
Photoplethysmography (PPG) heart rate estimation,General,3,12,114234
Online Action Detection,Computer Vision,3,39,54472
Face Image Quality,Reinforcement Learning,3,53,6988
One-shot Unsupervised Domain Adaptation,General,3,10,114234
Multi-modal Knowledge Graph,Graphs,3,26,12318
Brain Morphometry,Natural Language Processing,3,9,40996
Anomaly Forecasting,Natural Language Processing,3,4,40996
Task Planning,Graphs,3,342,12318
Temporal Sentence Grounding,Natural Language Processing,3,43,40996
Gait Recognition in the Wild,Computer Vision,3,12,54472
Knowledge Graphs Data Curation,General,3,4,114234
Heart Segmentation,Natural Language Processing,3,30,40996
Re-basin,General,3,7,114234
Landmark Tracking,Computer Vision,3,24,54472
Video Background Subtraction,Computer Vision,3,17,54472
rllib,General,3,23,114234
Seizure prediction,Natural Language Processing,3,57,40996
Production Forecasting,Graphs,3,15,12318
Brain Segmentation,Natural Language Processing,3,146,40996
PDE Surrogate Modeling,Computer Vision,3,9,54472
Face Image Quality,Natural Language Processing,3,53,40996
Multi-step retrosynthesis,General,3,15,114234
Multi-step retrosynthesis,Natural Language Processing,3,15,40996
Blind Docking,Graphs,3,19,12318
Blind Docking,Natural Language Processing,3,19,40996
Zero-Shot Transfer 3D Point Cloud Classification,Graphs,3,11,12318
Mental Stress Detection,Computer Vision,3,9,54472
Object Rearrangement,Graphs,3,63,12318
Code Classification,Computer Vision,3,39,54472
Video Panoptic Segmentation,Natural Language Processing,3,42,40996
Sentence Embedding,Reinforcement Learning,3,399,6988
Sentence-Embedding,Reinforcement Learning,3,373,6988
Sentence Retrieval,Computer Vision,3,80,54472
motion in-betweening,General,3,17,114234
Long-tailed Object Detection,Graphs,3,25,12318
Image Enhancement,Reinforcement Learning,3,980,6988
Visual Entailment,Graphs,3,55,12318
Unsupervised Text Classification,Natural Language Processing,3,11,40996
Weakly-supervised Video Anomaly Detection,Natural Language Processing,3,36,40996
Class-agnostic Object Detection,General,3,9,114234
Multi-modal Classification,Graphs,3,31,12318
Isomorphism Testing,General,3,14,114234
Multi-Person Pose Estimation and Tracking,General,3,11,114234
HDR Reconstruction,Computer Vision,3,45,54472
HDR Reconstruction,General,3,45,114234
Target Speaker Extraction,Computer Vision,3,55,54472
Target Sound Extraction,Computer Vision,3,16,54472
Headline Generation,Graphs,3,86,12318
Abusive Language,Graphs,3,164,12318
Survival Analysis,Reinforcement Learning,3,472,6988
XLM-R,Computer Vision,3,213,54472
Moment Queries,Computer Vision,3,16,54472
Short-term Object Interaction Anticipation,Computer Vision,3,11,54472
Time Series Regression,Natural Language Processing,3,81,40996
Story Continuation,General,3,10,114234
Generalized Few-Shot Semantic Segmentation,Computer Vision,3,13,54472
Cryogenic Electron Tomography,Computer Vision,3,9,54472
Material Classification,Graphs,3,65,12318
Device-Cloud Collaboration,General,3,6,114234
Open Set Action Recognition,Computer Vision,3,8,54472
Audio Quality Assessment,General,3,15,114234
Extractive Question-Answering,Computer Vision,3,93,54472
Generalized Zero-Shot Object Detection,Computer Vision,3,10,54472
automatic-speech-translation,Natural Language Processing,3,22,40996
Sentence Completion,Reinforcement Learning,3,91,6988
Inductive Relation Prediction,General,3,14,114234
Nutrition,Graphs,3,202,12318
8k,Graphs,3,200,12318
Dense Video Captioning,Graphs,3,75,12318
Outdoor Localization,General,3,29,114234
Traffic Data Imputation,General,3,23,114234
Generative Visual Question Answering,Natural Language Processing,3,9,40996
Zero-shot Text-to-Image Retrieval,Natural Language Processing,3,14,40996
Subject-driven Video Generation,Computer Vision,3,4,54472
Sports Analytics,Graphs,3,97,12318
Early Classification,General,3,38,114234
Additive models,Reinforcement Learning,3,251,6988
Brain Tumor Segmentation,Reinforcement Learning,3,435,6988
Synthetic Image Attribution,Computer Vision,3,7,54472
Vietnamese Visual Question Answering,Natural Language Processing,3,7,40996
Clinical Knowledge,Reinforcement Learning,3,133,6988
Activity Prediction,Graphs,3,106,12318
Valence Estimation,General,3,10,114234
Open-World Instance Segmentation,Computer Vision,3,14,54472
Low-light Image Deblurring and Enhancement,General,3,4,114234
Transparent objects,Graphs,3,117,12318
3d scene graph generation,General,3,15,114234
3d scene graph generation,Natural Language Processing,3,15,40996
Weakly-supervised instance segmentation,Graphs,3,39,12318
Cross-View Geo-Localisation,Graphs,3,9,12318
Drone-view target localization,General,3,10,114234
ROI-based image generation,General,3,7,114234
Handwriting generation,Natural Language Processing,3,20,40996
Writer Retrieval,General,3,15,114234
Talking Face Generation,Graphs,3,109,12318
Acne Severity Grading,General,3,7,114234
Side Channel Analysis,Computer Vision,3,28,54472
Earth Observation,Reinforcement Learning,3,518,6988
Multimodal fashion image editing,Computer Vision,3,3,54472
Emotion-Cause Pair Extraction,Natural Language Processing,3,46,40996
Profile Generation,General,3,17,114234
Zero-shot Sentiment Classification,General,3,6,114234
Dynamic Link Prediction,Natural Language Processing,3,41,40996
Data Valuation,Computer Vision,3,119,54472
Temporal Forgery Localization,General,3,9,114234
Temporal Forgery Localization,Natural Language Processing,3,9,40996
Coronary Artery Segmentation,Natural Language Processing,3,22,40996
few-shot-ner,Natural Language Processing,3,30,40996
Medical Image Denoising,Computer Vision,3,21,54472
Embeddings Evaluation,General,3,17,114234
Multi-view Subspace Clustering,Graphs,3,45,12318
Head Pose Estimation,Natural Language Processing,3,129,40996
Connectivity Estimation,Natural Language Processing,3,25,40996
Connectivity Estimation,Computer Vision,3,25,54472
Text-based de novo Molecule Generation,Natural Language Processing,3,14,40996
Conditional Text-to-Image Synthesis,General,3,10,114234
Sentence Classification,Graphs,3,300,12318
Unsupervised Reinforcement Learning,Reinforcement Learning,3,57,6988
Small Language Model,Computer Vision,3,109,54472
Overall - Test,Natural Language Processing,3,33,40996
Hierarchical Multi-label Classification,Computer Vision,3,47,54472
Image Deconvolution,Natural Language Processing,3,78,40996
Few-shot HTC,Computer Vision,3,3,54472
Video Shadow Detection,General,3,10,114234
Voice Anti-spoofing,General,3,23,114234
Resynthesis,Natural Language Processing,3,51,40996
GRAPH DOMAIN ADAPTATION,Graphs,3,40,12318
Attribute,Audio,3,5364,488
Continual Self-Supervised Learning,Natural Language Processing,3,14,40996
Defocus Blur Detection,General,3,15,114234
Image Manipulation Detection,Natural Language Processing,3,73,40996
Unified Image Restoration,General,3,17,114234
Normalising Flows,Computer Vision,3,49,54472
Automatic Lyrics Transcription,Natural Language Processing,3,12,40996
Pathfinder,Natural Language Processing,3,42,40996
Zero-Shot Video Object Segmentation,Natural Language Processing,3,16,40996
Food Recognition,Natural Language Processing,3,48,40996
Talking Head Generation,Graphs,3,119,12318
Photo geolocation estimation,General,3,17,114234
Fine-Grained Image Recognition,Natural Language Processing,3,72,40996
Metal Artifact Reduction,Natural Language Processing,3,48,40996
Multi-Source Unsupervised Domain Adaptation,Natural Language Processing,3,46,40996
Image Manipulation Localization,Natural Language Processing,3,31,40996
General Knowledge,Reinforcement Learning,3,396,6988
Trajectory Clustering,General,3,37,114234
Class-Incremental Semantic Segmentation,Computer Vision,3,31,54472
Electrical Engineering,Natural Language Processing,3,53,40996
Class-level Code Generation,General,3,5,114234
Class-level Code Generation,Natural Language Processing,3,5,40996
Face Swapping,Reinforcement Learning,3,912,6988
text-to-speech translation,Natural Language Processing,3,6,40996
Drift Detection,Graphs,3,181,12318
Artifact Detection,Natural Language Processing,3,60,40996
Equation Discovery,Natural Language Processing,3,65,40996
Multi-modal Knowledge Graph,Natural Language Processing,3,26,40996
Subgraph Counting,Natural Language Processing,3,17,40996
Video-to-Sound Generation,Computer Vision,3,9,54472
TruthfulQA,Reinforcement Learning,3,80,6988
Composed Video Retrieval (CoVR),Computer Vision,3,3,54472
Unconditional Video Generation,General,3,15,114234
Food recommendation,Natural Language Processing,3,28,40996
Video Emotion Recognition,Natural Language Processing,3,29,40996
Radio Interferometry,Computer Vision,3,20,54472
Radio Interferometry,Reinforcement Learning,3,20,6988
Value prediction,Natural Language Processing,3,83,40996
MS-SSIM,Natural Language Processing,3,178,40996
Skeleton Based Action Segmentation,General,3,10,114234
Visual Grounding,Reinforcement Learning,3,563,6988
Burned Area Delineation,General,3,4,114234
Video Saliency Prediction,Natural Language Processing,3,29,40996
Video Salient Object Detection,Natural Language Processing,3,48,40996
Authorship Verification,Computer Vision,3,67,54472
Video scene graph generation,Natural Language Processing,3,16,40996
scoring rule,Natural Language Processing,3,90,40996
Single Image Deblurring,Natural Language Processing,3,35,40996
Contact Detection,Natural Language Processing,3,27,40996
Disparity Estimation,Natural Language Processing,3,162,40996
Quantitative MRI,Natural Language Processing,3,53,40996
SSIM,Reinforcement Learning,3,1333,6988
Text-to-Video Editing,General,3,9,114234
Integrated sensing and communication,Reinforcement Learning,3,549,6988
Off-policy evaluation,Computer Vision,3,265,54472
Artificial Life,Natural Language Processing,3,110,40996
text-to-3d-human,Computer Vision,3,7,54472
Pose-Guided Image Generation,General,3,9,114234
Membership Inference Attack,Graphs,3,186,12318
Theory of Mind Modeling,Natural Language Processing,3,8,40996
MTEB Benchmark,Natural Language Processing,3,13,40996
Quantum Circuit Generation,Computer Vision,3,5,54472
Trajectory Recovery,Natural Language Processing,3,25,40996
Zero-Shot Composed Image Retrieval (ZS-CIR),Graphs,3,36,12318
Event Causality Identification,Computer Vision,3,25,54472
Novel Class Discovery,Computer Vision,3,65,54472
Visual Speech Recognition,Graphs,3,182,12318
Trajectory Clustering,Computer Vision,3,37,54472
Occlusion Handling,Natural Language Processing,3,93,40996
Spatial Interpolation,Natural Language Processing,3,60,40996
Blood pressure estimation,Natural Language Processing,3,29,40996
"1 Image, 2*2 Stitching",General,3,8,114234
Sound Source Localization,Natural Language Processing,3,104,40996
Vision-Language Segmentation,General,3,9,114234
Point Cloud Quality Assessment,Natural Language Processing,3,40,40996
Lighting Estimation,Computer Vision,3,51,54472
Object Reconstruction,Graphs,3,290,12318
Drug Response Prediction,Graphs,3,46,12318
Speech Extraction,Natural Language Processing,3,48,40996
Temporal Action Segmentation,Graphs,3,61,12318
Sound Event Localization and Detection,Natural Language Processing,3,65,40996
Interpretability Techniques for Deep Learning,Natural Language Processing,3,25,40996
Multimodal Intent Recognition,Graphs,3,16,12318
Dataset Condensation,Natural Language Processing,3,56,40996
FAD,Natural Language Processing,3,62,40996
Open-World Semi-Supervised Learning,General,3,16,114234
hypergraph embedding,General,3,13,114234
Autonomous Racing,Reinforcement Learning,3,86,6988
breast density classification,Computer Vision,3,7,54472
Video Super-Resolution,Graphs,3,281,12318
Multimodel-guided image editing,Computer Vision,3,4,54472
Benchmarking,Audio,3,5525,488
Phishing Website Detection,General,3,11,114234
Open Vocabulary Panoptic Segmentation,Natural Language Processing,3,17,40996
Music Performance Rendering,Computer Vision,3,7,54472
Multimedia recommendation,General,3,23,114234
Structured Output Generation,General,3,7,114234
Source Free Object Detection,Natural Language Processing,3,17,40996
Personalized Image Generation,Natural Language Processing,3,58,40996
Side Channel Analysis,Natural Language Processing,3,28,40996
Reconstruction Attack,Natural Language Processing,3,68,40996
Holdout Set,Computer Vision,3,35,54472
parameter-efficient fine-tuning,Reinforcement Learning,3,932,6988
kmmlu,Natural Language Processing,3,4,40996
Red Teaming,Graphs,3,251,12318
Taxonomy Expansion,General,3,25,114234
Flood Inundation Mapping,General,3,5,114234
Flood Inundation Mapping,Natural Language Processing,3,5,40996
TruthfulQA,Graphs,3,80,12318
Referring Multi-Object Tracking,General,3,11,114234
Video Synchronization,Natural Language Processing,3,30,40996
Gender Classification,Reinforcement Learning,3,149,6988
Social Navigation,Reinforcement Learning,3,69,6988
3D Parameter-Efficient Fine-Tuning for Classification,General,3,4,114234
Zero-Shot Stance Detection,General,3,18,114234
Zero-Shot Stance Detection,Natural Language Processing,3,18,40996
Micro-Action Recognition,General,3,6,114234
Large Language Model,Audio,3,6093,488
Time Series Alignment,Natural Language Processing,3,18,40996
Image Quality Assessment,Reinforcement Learning,3,732,6988
Lidar Scene Completion,Computer Vision,3,4,54472
knowledge editing,Reinforcement Learning,3,175,6988
Test Case Creation,General,3,6,114234
Test Case Creation,Natural Language Processing,3,6,40996
Foveation,Natural Language Processing,3,29,40996
Dense Object Detection,Natural Language Processing,3,32,40996
Zero-Shot Composed Image Retrieval (ZS-CIR),General,3,36,114234
open vocabulary 3d instance segmentation,General,3,10,114234
GSM8K,Graphs,3,439,12318
MM-Vet,Computer Vision,3,19,54472
3D Object Captioning,Natural Language Processing,3,7,40996
3D Object Captioning,Computer Vision,3,7,54472
Zero Shot Skeletal Action Recognition,Natural Language Processing,3,8,40996
Open-World Semi-Supervised Learning,Computer Vision,3,16,54472
Anomaly Localization,Graphs,3,101,12318
Clothes Changing Person Re-Identification,Computer Vision,3,12,54472
Hyperspectral Image Inpainting,General,3,3,114234
3D Object Captioning,General,3,7,114234
Image Rescaling,Natural Language Processing,3,22,40996
Sign Language Retrieval,General,3,7,114234
Art Analysis,Natural Language Processing,3,42,40996
Motion Captioning,Computer Vision,3,11,54472
Video MME,Natural Language Processing,3,26,40996
Indoor Scene Synthesis,General,3,26,114234
3D Surface Generation,Computer Vision,3,10,54472
Indoor Scene Reconstruction,Computer Vision,3,32,54472
Indoor Scene Reconstruction,Natural Language Processing,3,32,40996
Multiview Learning,Natural Language Processing,3,41,40996
Video scene graph generation,General,3,16,114234
Long-Form Narrative Summarization,General,3,7,114234
Sleep Stage Detection,Natural Language Processing,3,34,40996
Unconditional Crystal Generation,General,3,3,114234
Phenotype classification,Natural Language Processing,3,13,40996
Scene Change Detection,Natural Language Processing,3,24,40996
Multi-Instance Retrieval,Computer Vision,3,19,54472
Unity,Sequential,3,378,6593
Dynamic Reconstruction,Natural Language Processing,3,64,40996
16k,Graphs,3,145,12318
Object Counting,Graphs,3,157,12318
Mathematical Problem-Solving,Computer Vision,3,106,54472
ICU Mortality,Natural Language Processing,3,33,40996
Cross-modal place recognition,General,3,10,114234
Persuasion Strategies,Computer Vision,3,27,54472
Sign Language Translation,Sequential,3,153,6593
Point Tracking,Graphs,3,151,12318
Camera Localization,Graphs,3,116,12318
Chunking,Graphs,3,444,12318
Stock Trend Prediction,Sequential,3,29,6593
Fault localization,Graphs,3,79,12318
Profile Generation,Computer Vision,3,17,54472
Integrated sensing and communication,Graphs,3,549,12318
Subject-driven Video Generation,General,3,4,114234
Service Composition,Natural Language Processing,3,45,40996
Action Generation,Reinforcement Learning,3,111,6988
Vision-Language-Action,Reinforcement Learning,3,157,6988
Surgical phase recognition,Graphs,2,69,12318
Computational Phenotyping,Computer Vision,2,18,54472
Trajectory Recovery,Sequential,2,25,6593
Chinese Named Entity Recognition,Sequential,2,73,6593
Age And Gender Classification,Sequential,2,34,6593
Age Estimation,Sequential,2,251,6593
SQL-to-Text,General,2,7,114234
SQL-to-Text,Sequential,2,7,6593
Superpixel Image Classification,Computer Vision,2,7,54472
Code Repair,Sequential,2,38,6593
Multiple Action Detection,General,2,3,114234
Aspect Category Sentiment Analysis,Sequential,2,18,6593
Procedural Text Understanding,Sequential,2,15,6593
Paper generation,Sequential,2,13,6593
Outlier Interpretation,Computer Vision,2,5,54472
Semi-Supervised RGBD Semantic Segmentation,General,2,2,114234
Supervised Video Summarization,Sequential,2,28,6593
Model Compression,Reinforcement Learning,2,1350,6988
Multi-modal image segmentation,Computer Vision,2,4,54472
Image Generation from Scene Graphs,Computer Vision,2,8,54472
Unsupervised 3D Point Cloud Linear Evaluation,General,2,8,114234
Video Forecasting,Computer Vision,2,8,54472
Video Forecasting,General,2,8,114234
Video Question Answering,Sequential,2,458,6593
Stereo-LiDAR Fusion,Computer Vision,2,11,54472
Omnnidirectional Stereo Depth Estimation,General,2,6,114234
Conversational Response Selection,Sequential,2,44,6593
ICU Admission,Computer Vision,2,43,54472
3D Object Retrieval,General,2,28,114234
Visual Question Answering (VQA) Split A,Computer Vision,2,5,54472
Visual Question Answering (VQA) Split B,Computer Vision,2,5,54472
Biomedical Information Retrieval,Computer Vision,2,15,54472
Video-Based Person Re-Identification,Sequential,2,117,6593
Multi-Label Classification Of Biomedical Texts,Computer Vision,2,6,54472
Subjectivity Analysis,Sequential,2,63,6593
Rotated MNIST,Natural Language Processing,2,40,40996
Curved Text Detection,Computer Vision,2,14,54472
Handwriting generation,Sequential,2,20,6593
Multi-Human Parsing,General,2,11,114234
Multi-tissue Nucleus Segmentation,General,2,13,114234
Multimodal Activity Recognition,Computer Vision,2,30,54472
Speaker Recognition,Audio,2,434,488
Low-rank compression,Sequential,2,34,6593
Omniverse Isaac Gym,Reinforcement Learning,2,4,6988
Infant Brain Mri Segmentation,General,2,10,114234
Infant Brain Mri Segmentation,Computer Vision,2,10,54472
Missing Elements,Sequential,2,46,6593
Constrained Lip-synchronization,Computer Vision,2,8,54472
Constrained Lip-synchronization,Sequential,2,8,6593
Image-guided Story Ending Generation,Natural Language Processing,2,9,40996
Game of Shogi,General,2,2,114234
Game of Shogi,Reinforcement Learning,2,2,6988
Photo-To-Caricature Translation,General,2,5,114234
Photo-To-Caricature Translation,Computer Vision,2,5,54472
Thermal Infrared Object Tracking,General,2,12,114234
Medical Report Generation,Sequential,2,109,6593
Task-Oriented Dialogue Systems,Reinforcement Learning,2,300,6988
Multi-Armed Bandits,Sequential,2,1260,6593
Birds Eye View Object Detection,Computer Vision,2,8,54472
Semantic Part Detection,General,2,11,114234
Brain Tumor Segmentation,Sequential,2,435,6593
Multi-Label Image Recognition,Natural Language Processing,2,37,40996
Phoneme Recognition,Reinforcement Learning,2,103,6988
Vehicle Color Recognition,Computer Vision,2,3,54472
Supervised Anomaly Detection,Sequential,2,155,6593
Intent Classification and Slot Filling,Sequential,2,33,6593
Multi-Document Summarization,Graphs,2,354,12318
Drug–drug Interaction Extraction,Sequential,2,26,6593
Developmental Learning,General,2,13,114234
Bangla Spelling Error Correction,General,2,4,114234
Object Localization,Reinforcement Learning,2,615,6988
Few-Shot Image Classification,Reinforcement Learning,2,352,6988
Category-Agnostic Pose Estimation,Computer Vision,2,15,54472
Image Instance Retrieval,General,2,6,114234
Metamerism,General,2,7,114234
One-Shot 3D Action Recognition,General,2,9,114234
Property Prediction,Sequential,2,690,6593
Program induction,Reinforcement Learning,2,66,6988
Action Quality Assessment,Sequential,2,52,6593
Micro-Action Recognition,Computer Vision,2,6,54472
Speaker Identification,Sequential,2,247,6593
Land Cover Classification,Sequential,2,151,6593
Action Unit Detection,Sequential,2,108,6593
Patient Phenotyping,Computer Vision,2,15,54472
Temporal Action Localization,Reinforcement Learning,2,1473,6988
Word Similarity,Sequential,2,374,6593
Grapheme-to-Phoneme Conversion,Audio,2,61,488
Automatic Liver And Tumor Segmentation,Computer Vision,2,7,54472
Time-Series Few-Shot Learning with Heterogeneous Channels,General,2,5,114234
Superpixel Image Classification,Graphs,2,7,12318
Semi-Supervised Text Classification,Computer Vision,2,39,54472
Aspect Category Detection,Computer Vision,2,31,54472
3D Medical Imaging Segmentation,Sequential,2,41,6593
Open Information Extraction,Sequential,2,205,6593
Extreme Summarization,Computer Vision,2,21,54472
Abnormal Event Detection In Video,Computer Vision,2,17,54472
Referring Expression Segmentation,Sequential,2,145,6593
Real-Time Strategy Games,Reinforcement Learning,2,46,6988
2D Object Detection,Reinforcement Learning,2,210,6988
dialog state tracking,Computer Vision,2,107,54472
Collaborative Ranking,General,2,25,114234
Offline Handwritten Chinese Character Recognition,General,2,8,114234
Nested Named Entity Recognition,Computer Vision,2,77,54472
Dialogue Act Classification,Computer Vision,2,65,54472
Cancer Metastasis Detection,General,2,3,114234
Speech Dereverberation,Graphs,2,49,12318
Speech Synthesis - Gujarati,Computer Vision,2,2,54472
Edge Detection,Sequential,2,488,6593
Liver Segmentation,Sequential,2,86,6593
Self-Supervised Image Classification,Sequential,2,110,6593
Fish Detection,Computer Vision,2,11,54472
Sequence-To-Sequence Speech Recognition,Computer Vision,2,22,54472
All-day Semantic Segmentation,General,2,4,114234
All-day Semantic Segmentation,Computer Vision,2,4,54472
Emotional Speech Synthesis,Computer Vision,2,26,54472
3D Object Reconstruction,Sequential,2,153,6593
Weakly-supervised panoptic segmentation,Computer Vision,2,4,54472
Acoustic Modelling,Reinforcement Learning,2,48,6988
Road Segmentation,Sequential,2,82,6593
Gesture-to-Gesture Translation,General,2,8,114234
Medical Image Classification,Sequential,2,422,6593
Multi-Speaker Source Separation,Sequential,2,8,6593
Depth Map Super-Resolution,Graphs,2,28,12318
CCG Supertagging,Computer Vision,2,24,54472
Text Segmentation,Sequential,2,124,6593
Sentence Similarity,Computer Vision,2,192,54472
Claim Verification,Sequential,2,132,6593
Junction Detection,General,2,7,114234
Fingertip Detection,Computer Vision,2,14,54472
Fingertip Detection,General,2,14,114234
Learning Word Embeddings,Computer Vision,2,91,54472
Cyber Attack Detection,Sequential,2,41,6593
Cross-Domain Text Classification,General,2,14,114234
Pedestrian Detection,Sequential,2,438,6593
Game Design,Reinforcement Learning,2,99,6988
Brain Decoding,Sequential,2,118,6593
Image Cropping,Graphs,2,83,12318
Speaker Separation,Sequential,2,58,6593
CCG Supertagging,Natural Language Processing,2,24,40996
Speech Language Identification,General,2,6,114234
Voice Similarity,Sequential,2,14,6593
Landmine,Computer Vision,2,16,54472
multi-view detection,General,2,13,114234
Cross-Lingual Natural Language Inference,Computer Vision,2,30,54472
Learning Theory,Sequential,2,850,6593
Image Compression Artifact Reduction,Computer Vision,2,3,54472
Image Compression Artifact Reduction,General,2,3,114234
Sleep Arousal Detection,General,2,6,114234
Single Image Haze Removal,Computer Vision,2,18,54472
Comment Generation,Sequential,2,65,6593
Audio inpainting,Audio,2,19,488
User Identification,Computer Vision,2,76,54472
Singer Identification,General,2,10,114234
Irregular Text Recognition,Computer Vision,2,7,54472
Chemical Reaction Prediction,Natural Language Processing,2,14,40996
Biologically-plausible Training,Computer Vision,2,10,54472
Bridging Anaphora Resolution,Natural Language Processing,2,9,40996
Logo Recognition,General,2,15,114234
X-Ray Diffraction (XRD),Computer Vision,2,13,54472
Stochastic Optimization,Sequential,2,1378,6593
Brain Lesion Segmentation From Mri,General,2,7,114234
Heuristic Search,Sequential,2,260,6593
Monocular Visual Odometry,Sequential,2,71,6593
Localization In Video Forgery,Computer Vision,2,2,54472
Localization In Video Forgery,General,2,2,114234
Online Multi-Object Tracking,Sequential,2,56,6593
Weakly-supervised 3D Human Pose Estimation,General,2,29,114234
One-Shot Instance Segmentation,Computer Vision,2,3,54472
3D Car Instance Understanding,Computer Vision,2,5,54472
3D Car Instance Understanding,General,2,5,114234
Recognizing And Localizing Human Actions,General,2,3,114234
Relationship Extraction (Distant Supervised),Computer Vision,2,19,54472
3D Plane Detection,Computer Vision,2,10,54472
Sleep apnea detection,Computer Vision,2,20,54472
Sleep Arousal Detection,Computer Vision,2,6,54472
Text Effects Transfer,Computer Vision,2,5,54472
Real-Time Visual Tracking,Computer Vision,2,22,54472
Sentence Ordering,Sequential,2,50,6593
Data-to-Text Generation,Computer Vision,2,214,54472
Entity Resolution,Sequential,2,183,6593
Summarization,General,2,8,114234
Product Categorization,Computer Vision,2,25,54472
Temporal Relation Extraction,Sequential,2,88,6593
Multi-Domain Sentiment Classification,General,2,7,114234
Sentence Pair Modeling,Sequential,2,12,6593
Complex Word Identification,General,2,67,114234
Entity Extraction using GAN,Sequential,2,126,6593
Component Classification,Natural Language Processing,2,18,40996
Text Clustering,Sequential,2,121,6593
Sentence Compression,Computer Vision,2,147,54472
Topic Models,Reinforcement Learning,2,875,6988
RGB Salient Object Detection,Sequential,2,222,6593
Multivariate Time Series Imputation,Sequential,2,38,6593
Cross-Lingual Document Classification,General,2,24,114234
Joint Multilingual Sentence Representations,General,2,4,114234
Cross-Lingual Document Classification,Natural Language Processing,2,24,40996
Joint Multilingual Sentence Representations,Natural Language Processing,2,4,40996
Parallel Corpus Mining,Natural Language Processing,2,13,40996
Malware Analysis,Computer Vision,2,89,54472
Citation Recommendation,Computer Vision,2,55,54472
CoLA,Sequential,2,78,6593
Hand Pose Estimation,Sequential,2,260,6593
Computer Security,Computer Vision,2,66,54472
Speech Representation Learning,Sequential,2,131,6593
Dimensionality Reduction,Audio,2,3297,488
Compressive Sensing,Sequential,2,594,6593
Foreground Segmentation,Graphs,2,84,12318
Onset Detection,Sequential,2,34,6593
Image Manipulation Detection,Reinforcement Learning,2,73,6988
3D Object Detection From Stereo Images,General,2,14,114234
Clustering Multivariate Time Series,General,2,11,114234
4D Spatio Temporal Semantic Segmentation,Computer Vision,2,3,54472
Traffic Accident Detection,General,2,8,114234
Local Community Detection,Computer Vision,2,9,54472
Micro-Expression Spotting,Computer Vision,2,16,54472
Depth And Camera Motion,Computer Vision,2,27,54472
Phrase Grounding,Sequential,2,88,6593
Participant Intervention Comparison Outcome Extraction,General,2,3,114234
Participant Intervention Comparison Outcome Extraction,Natural Language Processing,2,3,40996
Weakly Supervised Action Segmentation (Transcript),Sequential,2,7,6593
Rumour Detection,Sequential,2,96,6593
Saliency Prediction,Graphs,2,265,12318
Dialogue Evaluation,Sequential,2,96,6593
Breast Cancer Detection,Sequential,2,126,6593
road scene understanding,Computer Vision,2,20,54472
Visual Dialog,Graphs,2,115,12318
Data-to-Text Generation,Reinforcement Learning,2,214,6988
Grasp Contact Prediction,Computer Vision,2,4,54472
Robust Face Alignment,Computer Vision,2,17,54472
Open Intent Discovery,General,2,7,114234
Chinese Sentence Pair Classification,Natural Language Processing,2,3,40996
Chinese Sentence Pair Classification,General,2,3,114234
Multi-future Trajectory Prediction,Computer Vision,2,10,54472
Inductive Learning,Sequential,2,152,6593
Classification Consistency,Computer Vision,2,13,54472
Sparse Representation-based Classification,Computer Vision,2,49,54472
CT Reconstruction,Reinforcement Learning,2,235,6988
Early Action Prediction,General,2,8,114234
Community Detection,Sequential,2,915,6593
Multi-Hop Reading Comprehension,Graphs,2,18,12318
Face Model,Reinforcement Learning,2,211,6988
Image Imputation,General,2,8,114234
Solar Flare Prediction,Sequential,2,27,6593
Multi-domain Dialogue State Tracking,Sequential,2,49,6593
Disparity Estimation,Sequential,2,162,6593
Fracture detection,Sequential,2,40,6593
Unsupervised Text Style Transfer,Computer Vision,2,38,54472
Dynamic neural networks,Computer Vision,2,37,54472
Relation,Audio,2,3452,488
Answer Selection,Sequential,2,171,6593
Unsupervised Text Style Transfer,Sequential,2,38,6593
Constituency Grammar Induction,Computer Vision,2,21,54472
Semantic Dependency Parsing,Computer Vision,2,49,54472
domain classification,Sequential,2,159,6593
Dialect Identification,Sequential,2,189,6593
User Identification,Sequential,2,76,6593
Resynthesis,Audio,2,51,488
Resynthesis,Sequential,2,51,6593
Audio-Visual Active Speaker Detection,Computer Vision,2,25,54472
Active Speaker Detection,Sequential,2,63,6593
Open-Domain Dialog,Reinforcement Learning,2,57,6988
Unsupervised Landmark Detection,General,2,9,114234
Video Saliency Prediction,Sequential,2,29,6593
Music Genre Transfer,Sequential,2,4,6593
Face Verification,Reinforcement Learning,2,359,6988
image-classification,Audio,2,9178,488
Short-Text Conversation,Natural Language Processing,2,22,40996
Voice pathology detection,Computer Vision,2,8,54472
Steering Control,Reinforcement Learning,2,26,6988
Game of Football,General,2,9,114234
Stance Classification,Computer Vision,2,101,54472
Veracity Classification,Computer Vision,2,19,54472
Short Text Clustering,Computer Vision,2,33,54472
Arabic Sentiment Analysis,Natural Language Processing,2,42,40996
Surgical Gesture Recognition,Computer Vision,2,14,54472
Object Discovery,Sequential,2,209,6593
Scene Generation,Sequential,2,308,6593
Unsupervised Image Segmentation,Sequential,2,61,6593
Unsupervised Object Segmentation,Sequential,2,39,6593
Image Paragraph Captioning,General,2,17,114234
Retrosynthesis,Sequential,2,110,6593
Topological Data Analysis,Sequential,2,496,6593
Prosody Prediction,Natural Language Processing,2,15,40996
Language Identification,Reinforcement Learning,2,792,6988
Sentence Pair Modeling,Natural Language Processing,2,12,40996
Transfer Reinforcement Learning,Computer Vision,2,41,54472
ISVR,General,2,2,114234
Graph-to-Sequence,Computer Vision,2,48,54472
Panoptic Segmentation,Sequential,2,461,6593
SQL Parsing,Graphs,2,49,12318
Grounded language learning,Graphs,2,56,12318
Grounded language learning,Sequential,2,56,6593
Human Detection,Reinforcement Learning,2,306,6988
Video Object Detection,Reinforcement Learning,2,147,6988
Gait Recognition,Sequential,2,220,6593
Audio Source Separation,Sequential,2,111,6593
Sentence ReWriting,General,2,14,114234
Sentence ReWriting,Sequential,2,14,6593
Keypoint Detection,Sequential,2,339,6593
Class Incremental Learning,Sequential,2,633,6593
Social Navigation,Sequential,2,69,6593
Sentence ReWriting,Natural Language Processing,2,14,40996
Acoustic Scene Classification,Sequential,2,131,6593
Heartbeat Classification,Computer Vision,2,28,54472
Self-Organized Clustering,General,2,7,114234
DRS Parsing,General,2,13,114234
Goal-Oriented Dialogue Systems,Sequential,2,45,6593
Clothes Landmark Detection,Computer Vision,2,3,54472
Clothes Landmark Detection,General,2,3,114234
Industrial Robots,Computer Vision,2,61,54472
Automatic Sleep Stage Classification,Sequential,2,25,6593
Distant Speech Recognition,Computer Vision,2,30,54472
Tree Decomposition,Graphs,2,34,12318
Numerical Integration,Reinforcement Learning,2,242,6988
Melody Extraction,Computer Vision,2,16,54472
Historical Color Image Dating,General,2,6,114234
Poll Generation,General,2,3,114234
Poll Generation,Natural Language Processing,2,3,40996
Hardware Aware Neural Architecture Search,Sequential,2,37,6593
Low-rank compression,Graphs,2,34,12318
Visual Commonsense Reasoning,Sequential,2,65,6593
Time Series Alignment,General,2,18,114234
Hindi Image Captioning,General,2,3,114234
Binary Relation Extraction,General,2,9,114234
Binary Relation Extraction,Sequential,2,9,6593
News Summarization,Sequential,2,83,6593
Automatic Post-Editing,Sequential,2,121,6593
Document Text Classification,General,2,6,114234
Graph Matching,Reinforcement Learning,2,472,6988
Defect Detection,Sequential,2,394,6593
Review Generation,Computer Vision,2,51,54472
Unsupervised Opinion Summarization,Computer Vision,2,9,54472
Negation and Speculation Cue Detection,General,2,2,114234
Negation and Speculation Cue Detection,Natural Language Processing,2,2,40996
Polyphone disambiguation,Audio,2,15,488
Polyphone disambiguation,Computer Vision,2,15,54472
Subgroup Discovery,Computer Vision,2,47,54472
Partially Observable Reinforcement Learning,Computer Vision,2,18,54472
Image Restoration,Reinforcement Learning,2,1454,6988
Causal Language Modeling,Sequential,2,51,6593
Heterogeneous Node Classification,General,2,16,114234
Heterogeneous Node Classification,Natural Language Processing,2,16,40996
Heterogeneous Node Classification,Computer Vision,2,16,54472
Knowledge Graph Embedding,Sequential,2,461,6593
Inductive knowledge graph completion,Graphs,2,20,12318
Game of Chess,Computer Vision,2,24,54472
Meter Reading,General,2,9,114234
Text Classification (Sentiment Analysis),General,2,4,114234
Text Classification (Sentiment Analysis),Natural Language Processing,2,4,40996
Air Pollution Prediction,Computer Vision,2,14,54472
Heart Rate Variability,Sequential,2,131,6593
Sentence Expansion,General,2,3,114234
Emotional Dialogue Acts,General,2,4,114234
Emotion Interpretation,General,2,6,114234
Point Cloud Classification,Sequential,2,265,6593
Mobile Security,Computer Vision,2,11,54472
Mobile Security,General,2,11,114234
Semantic Shift Detection,Natural Language Processing,2,10,40996
Paper generation,Natural Language Processing,2,13,40996
Automatic Modulation Recognition,Computer Vision,2,19,54472
Action Recognition In Still Images,Computer Vision,2,13,54472
3D Shape Reconstruction,Sequential,2,139,6593
band gap regression,General,2,2,114234
Local Color Enhancement,Computer Vision,2,5,54472
Handwritten Chinese Text Recognition,General,2,8,114234
Distributional Reinforcement Learning,Sequential,2,137,6593
Answer Generation,Sequential,2,276,6593
Contextual Embedding for Source Code,General,2,2,114234
Contextual Embedding for Source Code,Natural Language Processing,2,2,40996
Program Repair,Sequential,2,132,6593
Depth Prediction,Sequential,2,421,6593
Speculation Detection,General,2,4,114234
Speculation Detection,Natural Language Processing,2,4,40996
Surgical Gesture Recognition,Graphs,2,14,12318
Zero-Shot Video Object Segmentation,Graphs,2,16,12318
scientific discovery,Sequential,2,463,6593
User Simulation,Computer Vision,2,64,54472
Negation Detection,Sequential,2,54,6593
Model extraction,Sequential,2,174,6593
Twitter Bot Detection,General,2,16,114234
Robust Face Alignment,Natural Language Processing,2,17,40996
Acoustic Novelty Detection,Computer Vision,2,3,54472
3D Feature Matching,Natural Language Processing,2,19,40996
Lake Detection,General,2,2,114234
Webcam (RGB) image classification,General,2,3,114234
Lake Detection,Computer Vision,2,2,54472
Webcam (RGB) image classification,Computer Vision,2,3,54472
Video Frame Interpolation,Sequential,2,204,6593
Collaborative Ranking,Graphs,2,25,12318
Supervised dimensionality reduction,Computer Vision,2,57,54472
Vietnamese Language Models,Natural Language Processing,2,6,40996
Classification with Binary Neural Network,Sequential,2,13,6593
3D Face Reconstruction,Graphs,2,211,12318
Face Reconstruction,Graphs,2,259,12318
Deblurring,Sequential,2,998,6593
De-aliasing,General,2,22,114234
RGB-D Reconstruction,Computer Vision,2,13,54472
Keypoint detection and image matching,Computer Vision,2,6,54472
Irregular Text Recognition,Sequential,2,7,6593
STS-B,Natural Language Processing,2,16,40996
Stroke Classification,General,2,10,114234
Video Action Detection,Graphs,2,32,12318
Fine-Grained Vehicle Classification,General,2,8,114234
Negation,Reinforcement Learning,2,600,6988
3D Semantic Scene Completion from a single RGB image,Computer Vision,2,11,54472
Entity Typing,Computer Vision,2,162,54472
Conversation Disentanglement,General,2,12,114234
Conversation Disentanglement,Natural Language Processing,2,12,40996
RGBD Semantic Segmentation,Computer Vision,2,14,54472
hyperspectral image clustering,General,2,9,114234
Video Forensics,Computer Vision,2,17,54472
Face Alignment,Graphs,2,306,12318
EEG Signal Classification,Sequential,2,27,6593
AI2 Reasoning Challenge,General,2,10,114234
AI2 Reasoning Challenge,Natural Language Processing,2,10,40996
2D Cyclist Detection,Computer Vision,2,8,54472
Image-text matching,Sequential,2,186,6593
Contextualised Word Representations,General,2,7,114234
Contextualised Word Representations,Natural Language Processing,2,7,40996
Image Morphing,Natural Language Processing,2,38,40996
Video Corpus Moment Retrieval,General,2,17,114234
Video Corpus Moment Retrieval,Natural Language Processing,2,17,40996
Event Segmentation,General,2,23,114234
Multilabel Text Classification,Natural Language Processing,2,12,40996
English Conversational Speech Recognition,General,2,5,114234
Dial Meter Reading,Computer Vision,2,2,54472
Sequential sentence segmentation,General,2,2,114234
Sequential sentence segmentation,Natural Language Processing,2,2,40996
Chinese Spelling Error Correction,General,2,4,114234
Chinese Spelling Error Correction,Natural Language Processing,2,4,40996
Temporal Tagging,Natural Language Processing,2,14,40996
Variable misuse,Graphs,2,15,12318
Arabic Sentiment Analysis,Sequential,2,42,6593
Morphological Tagging,Computer Vision,2,93,54472
Space group classification,General,2,5,114234
token-classification,Reinforcement Learning,2,98,6988
Token Classification,Reinforcement Learning,2,98,6988
Genre classification,Sequential,2,130,6593
Counterfactual Detection,General,2,8,114234
DQN Replay Dataset,General,2,7,114234
DQN Replay Dataset,Computer Vision,2,7,54472
Knowledge Distillation,Audio,2,4217,488
Medical Concept Normalization,Natural Language Processing,2,13,40996
Motion Compensation,Reinforcement Learning,2,207,6988
CAPTCHA Detection,Computer Vision,2,3,54472
Bayesian Optimisation,Sequential,2,221,6593
Fine-Grained Image Classification,Reinforcement Learning,2,352,6988
Multi-modal Named Entity Recognition,Computer Vision,2,9,54472
Aspect Category Detection,Natural Language Processing,2,31,40996
Data Visualization,Reinforcement Learning,2,335,6988
Cell Entity Annotation,General,2,13,114234
Columns Property Annotation,Natural Language Processing,2,11,40996
Length-of-Stay prediction,Computer Vision,2,28,54472
Continuously Indexed Domain Adaptation,General,2,2,114234
Discrete Choice Models,Computer Vision,2,103,54472
EEG 4 classes,Computer Vision,2,5,54472
Drone Controller,General,2,8,114234
KB-to-Language Generation,General,2,3,114234
KB-to-Language Generation,Natural Language Processing,2,3,40996
software testing,Graphs,2,134,12318
Root Joint Localization,Graphs,2,3,12318
Predicting Patient Outcomes,Computer Vision,2,21,54472
Blood Cell Count,Computer Vision,2,6,54472
Blood Cell Count,General,2,6,114234
Data Poisoning,Sequential,2,490,6593
Exponential degradation,Computer Vision,2,5,54472
Drum Transcription,General,2,11,114234
Cross-Lingual Natural Language Inference,Graphs,2,30,12318
Cross-Domain Facial Expression Recognition,Computer Vision,2,4,54472
Accident Anticipation,Computer Vision,2,15,54472
Self-Supervised Human Action Recognition,General,2,8,114234
Contextual Anomaly Detection,Computer Vision,2,13,54472
Meta Reinforcement Learning,Sequential,2,276,6593
Multi Class Text Classification,Computer Vision,2,19,54472
Action Assessment,Computer Vision,2,15,54472
Offline RL,Sequential,2,753,6593
Robust Design,Reinforcement Learning,2,74,6988
3D Human Dynamics,Computer Vision,2,5,54472
es-en,Natural Language Processing,2,48,40996
SENTS,Natural Language Processing,2,13,40996
Long Term Anticipation,General,2,7,114234
Music Style Transfer,Sequential,2,13,6593
Attention Score Prediction,General,2,3,114234
Semi-Supervised Text Classification,Sequential,2,39,6593
Handwriting Verification,General,2,6,114234
Ad-hoc video search,Computer Vision,2,13,54472
Story Generation,Reinforcement Learning,2,231,6988
Task and Motion Planning,Graphs,2,86,12318
Relationship Extraction (Distant Supervised),Graphs,2,19,12318
EEG Denoising,General,2,11,114234
EEG Denoising,Computer Vision,2,11,54472
dialog state tracking,Sequential,2,107,6593
Reverse Dictionary,Natural Language Processing,2,35,40996
Atari Games,Graphs,2,621,12318
Out-of-Distribution Detection,Sequential,2,886,6593
Question Rewriting,Computer Vision,2,24,54472
Image Similarity Search,Natural Language Processing,2,18,40996
Text Pair Classification,Natural Language Processing,2,9,40996
MRPC,Sequential,2,29,6593
STS-B,Sequential,2,16,6593
Code Comment Generation,General,2,10,114234
Part-Of-Speech Tagging,Reinforcement Learning,2,985,6988
Spelling Correction,Computer Vision,2,192,54472
Proper Noun,Natural Language Processing,2,15,40996
Self-Supervised Action Recognition Linear,Graphs,2,11,12318
Multi-view Subspace Clustering,Computer Vision,2,45,54472
Lay Summarization,General,2,11,114234
Scientific Document Summarization,General,2,21,114234
Single Image Deraining,Sequential,2,94,6593
FLUE,Natural Language Processing,2,17,40996
Cover song identification,Computer Vision,2,18,54472
Dialogue State Tracking,Reinforcement Learning,2,287,6988
Constituency Parsing,Graphs,2,199,12318
Bilingual Lexicon Induction,Sequential,2,103,6593
Cross-Lingual Word Embeddings,Sequential,2,103,6593
Video Inpainting,Graphs,2,130,12318
Self-supervised Scene Flow Estimation,General,2,20,114234
Arabic Text Diacritization,Sequential,2,13,6593
Avg,Sequential,2,117,6593
Surgical Gesture Recognition,General,2,14,114234
One-class classifier,Graphs,2,82,12318
Definition Extraction,Sequential,2,27,6593
Graph Sampling,Reinforcement Learning,2,101,6988
Computer Security,Graphs,2,66,12318
Tropical Cyclone Intensity Forecasting,General,2,5,114234
Temporal Knowledge Graph Completion,Graphs,2,41,12318
Bilingual Lexicon Induction,Graphs,2,103,12318
Query-Based Extractive Summarization,General,2,7,114234
Query-Based Extractive Summarization,Natural Language Processing,2,7,40996
EEG 4 classes,Sequential,2,5,6593
EEG Left/Right hand,Sequential,2,4,6593
EEG Left/Right hand,General,2,4,114234
Stock Market Prediction,Graphs,2,104,12318
Syntax Representation,Natural Language Processing,2,6,40996
Collaborative Fairness,General,2,7,114234
Cross-View Geo-Localisation,Computer Vision,2,9,54472
Causal Identification,Computer Vision,2,47,54472
Sar Image Despeckling,Computer Vision,2,22,54472
State Estimation,Audio,2,1067,488
Intelligent Communication,Computer Vision,2,29,54472
One-Shot Segmentation,Graphs,2,35,12318
One-Shot Segmentation,Natural Language Processing,2,35,40996
Cough Classification,Sequential,2,8,6593
Malware Family Detection,Computer Vision,2,4,54472
Skills Evaluation,Natural Language Processing,2,10,40996
Protein Secondary Structure Prediction,Computer Vision,2,26,54472
Food Recognition,Graphs,2,48,12318
Relationship Extraction (Distant Supervised),General,2,19,114234
Relationship Extraction (Distant Supervised),Natural Language Processing,2,19,40996
Sequential Correlation Estimation,General,2,3,114234
Speaker Profiling,Sequential,2,8,6593
Conditional Text Generation,Sequential,2,67,6593
SST-2,Computer Vision,2,64,54472
Odd One Out,Computer Vision,2,21,54472
Policy Gradient Methods,Graphs,2,381,12318
Point Cloud Completion,Graphs,2,174,12318
Object Proposal Generation,Natural Language Processing,2,54,40996
Recognizing Emotion Cause in Conversations,Computer Vision,2,3,54472
Morphology classification,Graphs,2,30,12318
Open Information Extraction,Computer Vision,2,205,54472
Dialog Relation Extraction,Natural Language Processing,2,14,40996
Code Summarization,Sequential,2,160,6593
Source Code Summarization,Sequential,2,56,6593
Key-value Pair Extraction,Computer Vision,2,12,54472
Semantic entity labeling,Computer Vision,2,14,54472
Linguistic Acceptability,Graphs,2,72,12318
Popularity Forecasting,General,2,5,114234
Dynamic Link Prediction,Computer Vision,2,41,54472
Video Classification,Reinforcement Learning,2,452,6988
Breast Tissue Identification,General,2,2,114234
Binary Relation Extraction,Natural Language Processing,2,9,40996
Video Frame Interpolation,Graphs,2,204,12318
Board Games,Graphs,2,131,12318
ARC,Graphs,2,550,12318
3D Multi-Person Pose Estimation (absolute),General,2,20,114234
Data Driven Optimal Control,General,2,9,114234
Decision Making Under Uncertainty,Graphs,2,263,12318
Safe Reinforcement Learning,Graphs,2,306,12318
Ethics,Sequential,2,829,6593
Cultural Vocal Bursts Intensity Prediction,Sequential,2,488,6593
Multi-Speaker Source Separation,Audio,2,8,488
Pupil Detection,Computer Vision,2,15,54472
Electromyography (EMG),Sequential,2,94,6593
blind source separation,Graphs,2,211,12318
Learning with noisy labels,Reinforcement Learning,2,248,6988
Unconditional Image Generation,Graphs,2,73,12318
Passage Retrieval,Reinforcement Learning,2,261,6988
Distractor Generation,Computer Vision,2,40,54472
Motion Segmentation,Graphs,2,212,12318
Vietnamese Hate Speech Detection,General,2,8,114234
Vietnamese Hate Speech Detection,Sequential,2,8,6593
Vietnamese Hate Speech Detection,Natural Language Processing,2,8,40996
Pathfinder,Computer Vision,2,42,54472
Text-based Person Retrieval with Noisy Correspondence,Computer Vision,2,6,54472
Environmental Sound Classification,Graphs,2,45,12318
Simultaneous Localization and Mapping,Sequential,2,571,6593
Scene Graph Classification,Computer Vision,2,11,54472
Scene Graph Classification,General,2,11,114234
Speech Separation,Reinforcement Learning,2,359,6988
Deep Attention,Graphs,2,108,12318
Object Localization,Sequential,2,615,6593
Medical Procedure,Natural Language Processing,2,23,40996
satellite image super-resolution,General,2,12,114234
Room Layout Estimation,Graphs,2,44,12318
Dialogue Management,Graphs,2,195,12318
Continual Semantic Segmentation,Graphs,2,34,12318
6D Pose Estimation using RGBD,Computer Vision,2,30,54472
Underwater Image Restoration,Graphs,2,38,12318
Self Adaptive System,General,2,12,114234
Art Analysis,Computer Vision,2,42,54472
highlight removal,General,2,15,114234
Fine-Grained Image Recognition,Sequential,2,72,6593
Amodal Instance Segmentation,Graphs,2,24,12318
Motion Synthesis,Reinforcement Learning,2,279,6988
Online Multi-Object Tracking,Graphs,2,56,12318
Unsupervised Facial Landmark Detection,Computer Vision,2,15,54472
Unsupervised Keypoint Estimation,Computer Vision,2,6,54472
Scene Graph Classification,Graphs,2,11,12318
Gender Prediction,Graphs,2,66,12318
Weakly Supervised Action Localization,Audio,2,55,488
Unsupervised Domain Expansion,General,2,3,114234
Person Re-Identification,Reinforcement Learning,2,1486,6988
Negation and Speculation Scope resolution,General,2,2,114234
Negation and Speculation Scope resolution,Natural Language Processing,2,2,40996
Box-supervised Instance Segmentation,General,2,19,114234
Active Object Detection,Computer Vision,2,14,54472
Music Tagging,Natural Language Processing,2,35,40996
Community Search,Graphs,2,11,12318
Named Entity Recognition In Vietnamese,Natural Language Processing,2,5,40996
Zero-shot Relation Classification,General,2,13,114234
Zero-shot Relation Classification,Natural Language Processing,2,13,40996
MS-SSIM,Graphs,2,178,12318
Infinite Image Generation,Computer Vision,2,2,54472
Fashion Synthesis,General,2,13,114234
Zero-Shot Object Detection,Graphs,2,57,12318
Age Estimation,Reinforcement Learning,2,251,6988
Semi-supervised time series classification,Sequential,2,6,6593
Citation worthiness,Sequential,2,5,6593
Clinical Information Retreival,General,2,2,114234
Clinical Information Retreival,Natural Language Processing,2,2,40996
Knowledge Base Population,Natural Language Processing,2,138,40996
Linear-Probe Classification,Graphs,2,11,12318
Keyphrase Generation,Graphs,2,77,12318
Image to sketch recognition,Computer Vision,2,7,54472
Temporal Relation Classification,General,2,27,114234
Temporal Relation Classification,Graphs,2,27,12318
Generalized Referring Expression Comprehension,General,2,7,114234
Referring Image Matting (Expression-based),General,2,3,114234
Referring Image Matting (Keyword-based),General,2,3,114234
Referring Image Matting (RefMatte-RW100),General,2,3,114234
Long Video Retrieval (Background Removed),Graphs,2,6,12318
Deformable Object Manipulation,Graphs,2,44,12318
Natural Language Inference (Zero-Shot),General,2,4,114234
Common Sense Reasoning (Zero-Shot),Natural Language Processing,2,2,40996
Electromyography (EMG),Reinforcement Learning,2,94,6988
Keypoint Estimation,Graphs,2,71,12318
3D Interacting Hand Pose Estimation,Natural Language Processing,2,13,40996
Respiratory Rate Estimation,Computer Vision,2,9,54472
Table Retrieval,Graphs,2,27,12318
Scene Flow Estimation,Sequential,2,150,6593
Temporal Sequences,Reinforcement Learning,2,200,6988
Interactive Evaluation of Dialog,Natural Language Processing,2,4,40996
Multiple Object Tracking with Transformer,Computer Vision,2,7,54472
negative flip rate,General,2,2,114234
Protein-Ligand Affinity Prediction,General,2,8,114234
Adversarial Defense,Reinforcement Learning,2,401,6988
Low Resource Neural Machine Translation,Computer Vision,2,67,54472
Low-Resource Neural Machine Translation,Computer Vision,2,73,54472
Data-free Knowledge Distillation,Graphs,2,75,12318
Photo Retouching,Computer Vision,2,27,54472
Low-latency processing,General,2,21,114234
Fracture detection,Reinforcement Learning,2,40,6988
Cross-Lingual ASR,General,2,5,114234
Cross-Lingual ASR,Natural Language Processing,2,5,40996
Event-Driven Trading,General,2,2,114234
Event-Driven Trading,Natural Language Processing,2,2,40996
Zero-Shot Text-to-Image Generation,Natural Language Processing,2,16,40996
Change Point Detection,Sequential,2,285,6593
Occupation prediction,General,2,7,114234
Occupation prediction,Natural Language Processing,2,7,40996
Respiratory motion forecasting,Sequential,2,3,6593
Outlier Interpretation,General,2,5,114234
Hyperedge Prediction,Graphs,2,20,12318
Unsupervised Text Summarization,General,2,8,114234
Unsupervised Text Summarization,Natural Language Processing,2,8,40996
Multi-Agent Path Finding,Graphs,2,140,12318
Scale Generalisation,Computer Vision,2,2,54472
Zero-Shot Semantic Segmentation,Graphs,2,60,12318
Few-Shot NLI,General,2,8,114234
Table-to-Text Generation,Graphs,2,66,12318
Majority Voting Classifier,General,2,4,114234
Multi-domain Dialogue State Tracking,Graphs,2,49,12318
2D Pose Estimation,Sequential,2,90,6593
Pose Estimation,Audio,2,4220,488
Explanation Fidelity Evaluation,General,2,7,114234
Topic Classification,Reinforcement Learning,2,180,6988
Alzheimer's Detection,Graphs,2,14,12318
Predicate Classification,Graphs,2,22,12318
Spatio-Temporal Video Grounding,Computer Vision,2,22,54472
Disjoint 10-1,General,2,7,114234
tabular-regression,Natural Language Processing,2,19,40996
Model-based Reinforcement Learning,Graphs,2,707,12318
High-Level Synthesis,Sequential,2,96,6593
Bayesian Optimisation,Reinforcement Learning,2,221,6988
Fine-Grained Image Recognition,Graphs,2,72,12318
Facial Attribute Classification,Natural Language Processing,2,37,40996
Future prediction,Graphs,2,151,12318
Saliency Ranking,Computer Vision,2,15,54472
Image Retargeting,General,2,26,114234
Emotion Recognition,Audio,2,2028,488
Music Tagging,Audio,2,35,488
Grounded language learning,Computer Vision,2,56,54472
Highlight Detection,Reinforcement Learning,2,77,6988
Moment Retrieval,Reinforcement Learning,2,131,6988
Punctuation Restoration,Graphs,2,51,12318
Protein-Ligand Affinity Prediction,Graphs,2,8,12318
Video Visual Relation Detection,Natural Language Processing,2,15,40996
Video Description,Reinforcement Learning,2,103,6988
Information Cascade Popularity Prediction,Computer Vision,2,2,54472
Human Behavior Forecasting,General,2,4,114234
Chinese Sentiment Analysis,Sequential,2,11,6593
3D Human Shape Estimation,General,2,33,114234
Video Editing,Graphs,2,345,12318
Lung Sound Classification,Computer Vision,2,15,54472
Argument Mining,Graphs,2,283,12318
Real-Time Semantic Segmentation,Graphs,2,144,12318
Food recommendation,Computer Vision,2,28,54472
Video-to-image Affordance Grounding,General,2,4,114234
Drug ATC Classification,Graphs,2,3,12318
Concept-To-Text Generation,Natural Language Processing,2,17,40996
Federated Unsupervised Learning,Graphs,2,5,12318
Open-Domain Question Answering,Reinforcement Learning,2,478,6988
Semi Supervised Learning for Image Captioning,Computer Vision,2,2,54472
Semi Supervised Learning for Image Captioning,General,2,2,114234
Multi-label zero-shot learning,Computer Vision,2,27,54472
Remaining Useful Lifetime Estimation,Computer Vision,2,7,54472
Zero-Shot Video Retrieval,Graphs,2,40,12318
Jpeg Compression Artifact Reduction,Computer Vision,2,7,54472
Grayscale Image Denoising,Natural Language Processing,2,13,40996
Systematic Literature Review,Reinforcement Learning,2,337,6988
Breast Cancer Histology Image Classification,Graphs,2,17,12318
Semantic Frame Parsing,Natural Language Processing,2,22,40996
Span-Extraction MRC,General,2,4,114234
Span-Extraction MRC,Natural Language Processing,2,4,40996
ISAC,Sequential,2,691,6593
Question Generation,Reinforcement Learning,2,648,6988
Question-Generation,Reinforcement Learning,2,625,6988
Face Presentation Attack Detection,Reinforcement Learning,2,70,6988
Symmetry Detection,Computer Vision,2,49,54472
Masked Language Modeling,Audio,2,456,488
Entity Retrieval,Reinforcement Learning,2,56,6988
Survival Prediction,Reinforcement Learning,2,233,6988
Few-shot Age Estimation,Computer Vision,2,2,54472
target-oriented opinion words extraction,Graphs,2,8,12318
QQP,Graphs,2,32,12318
Online Domain Adaptation,Computer Vision,2,14,54472
Unsupervised Video Summarization,Graphs,2,30,12318
Rubik's Cube,Natural Language Processing,2,37,40996
Action Triplet Recognition,Natural Language Processing,2,12,40996
Predictive Process Monitoring,Graphs,2,50,12318
Literature Mining,Graphs,2,24,12318
Scene Graph Generation,Sequential,2,316,6593
Deep Hashing,Graphs,2,149,12318
Direction of Arrival Estimation,Graphs,2,94,12318
Document Level Machine Translation,Graphs,2,55,12318
Toxic Spans Detection,Sequential,2,37,6593
Aspect Category Detection,Graphs,2,31,12318
Emotional Speech Synthesis,Natural Language Processing,2,26,40996
3D Facial Landmark Localization,General,2,8,114234
Intrinsic Image Decomposition,Natural Language Processing,2,85,40996
MRPC,Graphs,2,29,12318
Aspect Category Polarity,General,2,6,114234
Fashion Understanding,General,2,4,114234
PointGoal Navigation,General,2,25,114234
Implicit Relations,Computer Vision,2,66,54472
Punctuation Restoration,Computer Vision,2,51,54472
Role Embedding,General,2,6,114234
Scientific Results Extraction,General,2,5,114234
Scientific Results Extraction,Natural Language Processing,2,5,40996
3D Facial Expression Recognition,Computer Vision,2,13,54472
General Knowledge,Sequential,2,396,6593
Right Ventricle Segmentation,General,2,5,114234
Left Ventricle Segmentation,Graphs,2,25,12318
Dynamic Community Detection,General,2,11,114234
Logical Reasoning Reading Comprehension,Natural Language Processing,2,4,40996
3D Shape Retrieval,Graphs,2,64,12318
Color Constancy,Natural Language Processing,2,102,40996
Event-based Object Segmentation,General,2,8,114234
Face Image Retrieval,General,2,15,114234
HDR Reconstruction,Graphs,2,45,12318
Fine-Grained Opinion Analysis,General,2,19,114234
Cancer-no cancer per image classification,General,2,5,114234
Cancer-no cancer per image classification,Computer Vision,2,5,54472
Source Free Object Detection,Graphs,2,17,12318
Heartbeat Classification,Natural Language Processing,2,28,40996
Pose Transfer,Graphs,2,93,12318
3D Bin Packing,Natural Language Processing,2,11,40996
Robust classification,Reinforcement Learning,2,295,6988
Pretrained Multilingual Language Models,Computer Vision,2,23,54472
3D Shape Recognition,Graphs,2,35,12318
Semi-Supervised Domain Generalization,Computer Vision,2,17,54472
Variational Monte Carlo,Graphs,2,55,12318
Robust Speech Recognition,Graphs,2,96,12318
Keyword Extraction,Graphs,2,172,12318
Automated Essay Scoring,Reinforcement Learning,2,104,6988
Coherence Evaluation,Graphs,2,28,12318
Job Shop Scheduling,Sequential,2,92,6593
Few-Shot Relation Classification,Graphs,2,23,12318
Spoken Command Recognition,Natural Language Processing,2,10,40996
Spoken Command Recognition,Computer Vision,2,10,54472
Few Shot Temporal Action Localization,General,2,5,114234
Few Shot Temporal Action Localization,Natural Language Processing,2,5,40996
Fine-Grained Action Detection,Natural Language Processing,2,14,40996
fingerprint verification,Computer Vision,2,24,54472
Weakly Supervised Defect Detection,General,2,5,114234
Webpage Object Detection,Graphs,2,3,12318
Split-CIFAR-10,Computer Vision,2,10,54472
Split-MNIST,Computer Vision,2,28,54472
Permuted-MNIST,Natural Language Processing,2,37,40996
Split-CIFAR-10,Natural Language Processing,2,10,40996
Split-MNIST,Natural Language Processing,2,28,40996
Mathematical Question Answering,General,2,11,114234
Mathematical Question Answering,Natural Language Processing,2,11,40996
Pose Retrieval,Natural Language Processing,2,23,40996
Link Property Prediction,Computer Vision,2,13,54472
Hyperedge Prediction,General,2,20,114234
Medical Visual Question Answering,Reinforcement Learning,2,97,6988
Video Domain Adapation,Graphs,2,2,12318
Prostate Zones Segmentation,Computer Vision,2,3,54472
Layout Design,Reinforcement Learning,2,65,6988
DrugProt,General,2,5,114234
Sand,Graphs,2,106,12318
Cross-Lingual Sentiment Classification,Natural Language Processing,2,16,40996
Grammatical Error Correction,Graphs,2,410,12318
Multi-instrument Music Transcription,General,2,3,114234
Multi-instrument Music Transcription,Natural Language Processing,2,3,40996
Myocardial infarction detection,Reinforcement Learning,2,15,6988
Sketch-Based Image Retrieval,Graphs,2,110,12318
Vision and Language Navigation,Sequential,2,219,6593
Dialogue Act Classification,Graphs,2,65,12318
POS,Audio,2,1132,488
Image Stitching,Graphs,2,105,12318
Motion Estimation,Graphs,2,740,12318
Fine-Grained Vehicle Classification,Computer Vision,2,8,54472
Dialog Act Classification,Natural Language Processing,2,22,40996
Zero-Shot Transfer Image Classification,Graphs,2,19,12318
Video Grounding,Reinforcement Learning,2,114,6988
Zero-Shot Transfer Image Classification (CN),Computer Vision,2,2,54472
Remaining Useful Lifetime Estimation,General,2,7,114234
Remaining Useful Lifetime Estimation,Graphs,2,7,12318
3D Point Cloud Reinforcement Learning,Computer Vision,2,3,54472
Code Translation,Sequential,2,99,6593
Cross-Domain Named Entity Recognition,Natural Language Processing,2,18,40996
Multilingual NLP,Graphs,2,95,12318
Word Translation,Graphs,2,123,12318
Source Code Summarization,Computer Vision,2,56,54472
Natural Questions,Sequential,2,174,6593
Few-Shot Point Cloud Classification,General,2,4,114234
Markerless Motion Capture,Graphs,2,38,12318
Chemical Indexing,General,2,4,114234
Chemical Indexing,Natural Language Processing,2,4,40996
Hierarchical Reinforcement Learning,Sequential,2,382,6593
Audio-Visual Active Speaker Detection,Graphs,2,25,12318
Hard Attention,Graphs,2,99,12318
Multiview Learning,Graphs,2,41,12318
Voice Query Recognition,General,2,3,114234
Ontology Matching,Computer Vision,2,51,54472
Ontology Matching,Natural Language Processing,2,51,40996
Training-free 3D Part Segmentation,Computer Vision,2,3,54472
Flood extent forecasting,General,2,5,114234
Generalized Referring Expression Segmentation,Computer Vision,2,15,54472
Probabilistic Time Series Forecasting,Sequential,2,63,6593
Zero-Shot Multi-Speaker TTS,Computer Vision,2,8,54472
Voice Similarity,Natural Language Processing,2,14,40996
Zero-Shot Multi-Speaker TTS,Audio,2,8,488
Spatio-Temporal Action Localization,Graphs,2,37,12318
ECG based Sleep Staging,General,2,2,114234
Unsupervised Human Pose Estimation,General,2,13,114234
3D-Aware Image Synthesis,Graphs,2,48,12318
Network Interpretation,General,2,26,114234
Node Regression,Computer Vision,2,13,54472
Earthquake prediction,Sequential,2,18,6593
Emotional Intelligence,Graphs,2,77,12318
Image Deep Networks,General,2,3,114234
Beat Tracking,Graphs,2,19,12318
Neural Network simulation,Computer Vision,2,21,54472
Sign Language Retrieval,Computer Vision,2,7,54472
Classification Of Hyperspectral Images,Computer Vision,2,27,54472
Dictionary Learning,Graphs,2,821,12318
Text-to-Face Generation,Natural Language Processing,2,10,40996
Sequence-to-sequence Language Modeling,Natural Language Processing,2,5,40996
Multi-Exposure Image Fusion,Natural Language Processing,2,36,40996
Document Ranking,Reinforcement Learning,2,167,6988
Test unseen,General,2,8,114234
Unsupervised Reinforcement Learning,Graphs,2,57,12318
Arrhythmia Detection,Sequential,2,86,6593
Real-time Instance Segmentation,Natural Language Processing,2,29,40996
Change Detection,Audio,2,915,488
Cloze Test,Computer Vision,2,67,54472
Extractive Document Summarization,Graphs,2,28,12318
Mental Workload Estimation,General,2,4,114234
Autonomous Driving,Audio,2,6080,488
Video Compression,Reinforcement Learning,2,496,6988
Zero-Shot Text Classification,Graphs,2,47,12318
2D Tiny Object Detection,Computer Vision,2,2,54472
Duplicate-Question Retrieval,Natural Language Processing,2,4,40996
Copy Detection,Graphs,2,47,12318
Motor Imagery,Reinforcement Learning,2,252,6988
Relation Classification,Reinforcement Learning,2,439,6988
Scene Generation,Reinforcement Learning,2,308,6988
Few-Shot 3D Point Cloud Classification,Graphs,2,31,12318
Scene Graph Detection,Natural Language Processing,2,11,40996
Disparity Estimation,Graphs,2,162,12318
Continual Relation Extraction,Graphs,2,16,12318
Time Series Prediction,Reinforcement Learning,2,475,6988
3D Anomaly Detection and Segmentation,Computer Vision,2,11,54472
Depth Anomaly Detection and Segmentation,Computer Vision,2,5,54472
Event data classification,Graphs,2,12,12318
Document Embedding,Computer Vision,2,76,54472
TGIF-Action,Natural Language Processing,2,7,40996
TGIF-Transition,Natural Language Processing,2,7,40996
Surface Normals Estimation,Natural Language Processing,2,38,40996
Overlapped 5-3,General,2,3,114234
Semi-supervised time series classification,General,2,6,114234
3D Interacting Hand Pose Estimation,Graphs,2,13,12318
3D Interacting Hand Pose Estimation,Computer Vision,2,13,54472
Interpretability Techniques for Deep Learning,Graphs,2,25,12318
Semi-Supervised Instance Segmentation,Graphs,2,19,12318
Time Series Anomaly Detection,Reinforcement Learning,2,264,6988
Unsupervised Saliency Detection,Computer Vision,2,12,54472
Gesture Generation,Graphs,2,107,12318
Arousal Estimation,Natural Language Processing,2,41,40996
Human Parsing,Graphs,2,125,12318
Earthquake prediction,Natural Language Processing,2,18,40996
Linguistic steganography,General,2,21,114234
Abstract Algebra,Computer Vision,2,18,54472
Few-Shot Classification and Segmentation,General,2,4,114234
SAR Ship Detection,Computer Vision,2,15,54472
Unsupervised Video Object Segmentation,Natural Language Processing,2,88,40996
Anachronisms,General,2,3,114234
Analogical Similarity,General,2,7,114234
Crass AI,General,2,3,114234
Dark Humor Detection,General,2,3,114234
Logical Fallacy Detection,General,2,7,114234
Moral Permissibility,General,2,3,114234
Winowhy,General,2,5,114234
Anachronisms,Natural Language Processing,2,3,40996
Dark Humor Detection,Natural Language Processing,2,3,40996
Logical Fallacy Detection,Natural Language Processing,2,7,40996
Sports Understanding,Natural Language Processing,2,11,40996
Winowhy,Natural Language Processing,2,5,40996
Language-Based Temporal Localization,Natural Language Processing,2,6,40996
Lexical Analysis,Natural Language Processing,2,56,40996
Lip to Speech Synthesis,Graphs,2,13,12318
Auto Debugging,General,2,3,114234
Part-aware Panoptic Segmentation,General,2,8,114234
Fine-Grained Action Detection,Computer Vision,2,14,54472
Loop Closure Detection,Natural Language Processing,2,89,40996
Semi-supervised Change Detection,Computer Vision,2,12,54472
Burst Image Reconstruction,Computer Vision,2,3,54472
Burst Image Super-Resolution,Natural Language Processing,2,15,40996
Spectral Super-Resolution,Natural Language Processing,2,18,40996
Zero-Shot Intent Classification,Natural Language Processing,2,7,40996
Explainable Recommendation,Reinforcement Learning,2,94,6988
Graph Ranking,General,2,18,114234
Image Classification with Differential Privacy,Computer Vision,2,8,54472
Image Harmonization,Graphs,2,93,12318
Jersey Number Recognition,Computer Vision,2,8,54472
Lung Nodule Detection,Graphs,2,59,12318
Extractive Question-Answering,Graphs,2,93,12318
Singer Identification,Graphs,2,10,12318
Phone-level pronunciation scoring,General,2,10,114234
Phone-level pronunciation scoring,Natural Language Processing,2,10,40996
Image-text Retrieval,Reinforcement Learning,2,246,6988
Zero-Shot Image Classification,Reinforcement Learning,2,111,6988
Full reference image quality assessment,Natural Language Processing,2,50,40996
Image Categorization,Sequential,2,61,6593
Constrained Clustering,Computer Vision,2,72,54472
Cell Detection,Graphs,2,132,12318
Skill Mastery,Natural Language Processing,2,8,40996
Deformable Object Manipulation,Natural Language Processing,2,44,40996
Topological Data Analysis,Audio,2,496,488
Unsupervised Keypoints,Computer Vision,2,8,54472
Unsupervised Keypoints,General,2,8,114234
Action Spotting,Natural Language Processing,2,33,40996
Passage Ranking,Graphs,2,73,12318
Spike Sorting,Graphs,2,51,12318
Workflow Discovery,General,2,2,114234
Graph Property Prediction,Sequential,2,56,6593
Temporal Relation Extraction,Reinforcement Learning,2,88,6988
Robot Pose Estimation,General,2,13,114234
Spatial Token Mixer,General,2,4,114234
Personality Trait Recognition,Natural Language Processing,2,13,40996
ICU Mortality,Sequential,2,33,6593
text annotation,Graphs,2,125,12318
Finger Vein Recognition,General,2,15,114234
Finger Vein Recognition,Computer Vision,2,15,54472
Moment Queries,Graphs,2,16,12318
Action Assessment,General,2,15,114234
Generic Event Boundary Detection,Natural Language Processing,2,20,40996
Document-level Event Extraction,General,2,30,114234
16k,Sequential,2,145,6593
Face Dubbing,General,2,2,114234
Diagnostic,Audio,2,4504,488
Error Understanding,General,2,9,114234
Melanoma Diagnosis,Natural Language Processing,2,26,40996
Job Shop Scheduling,Computer Vision,2,92,54472
Library-Oriented Code Generation,General,2,5,114234
Maximum Separation,General,2,12,114234
speaker-diarization,Graphs,2,310,12318
Speaker Diarization,Graphs,2,324,12318
Traditional Spam Detection,General,2,2,114234
Traditional Spam Detection,Natural Language Processing,2,2,40996
MuJoCo,Sequential,2,677,6593
Audio-Visual Synchronization,Graphs,2,32,12318
Soil moisture estimation,Computer Vision,2,12,54472
Soil moisture estimation,General,2,12,114234
Table-to-Text Generation,Computer Vision,2,66,54472
Action Recognition,Audio,2,2752,488
Code Generation,Audio,2,1694,488
Low-Light Image Enhancement,Audio,2,315,488
Question Answering,Audio,2,10686,488
Handwritten Mathmatical Expression Recognition,Natural Language Processing,2,16,40996
10-shot image generation,Reinforcement Learning,2,29,6988
16k,Reinforcement Learning,2,145,6988
3D Instance Segmentation,Reinforcement Learning,2,153,6988
Click-Through Rate Prediction,Reinforcement Learning,2,390,6988
Multi-Label Classification,Reinforcement Learning,2,1193,6988
Music Source Separation,Reinforcement Learning,2,107,6988
Object Detection In Aerial Images,Reinforcement Learning,2,107,6988
Visual Object Tracking,Reinforcement Learning,2,338,6988
Minecraft,Graphs,2,235,12318
Multi-step retrosynthesis,Graphs,2,15,12318
Ingenuity,Reinforcement Learning,2,46,6988
Expressive Speech Synthesis,Graphs,2,47,12318
Scene Segmentation,Reinforcement Learning,2,282,6988
Unsupervised Anomaly Detection,Reinforcement Learning,2,506,6988
Text Simplification,Graphs,2,467,12318
Tomographic Reconstructions,General,2,15,114234
Formal Logic,Reinforcement Learning,2,72,6988
Facial Editing,Natural Language Processing,2,29,40996
Cloud Detection,Graphs,2,72,12318
Cross-corpus,Sequential,2,81,6593
Document Ranking,Graphs,2,167,12318
Retinal Vessel Segmentation,Graphs,2,139,12318
Template Matching,Graphs,2,219,12318
Motion Generation,Sequential,2,445,6593
Content-Based Image Retrieval,Graphs,2,195,12318
Bird's-Eye View Semantic Segmentation,Reinforcement Learning,2,26,6988
Zero-Shot Action Detection,Computer Vision,2,6,54472
TGIF-Action,Computer Vision,2,7,54472
TGIF-Transition,Computer Vision,2,7,54472
Spam detection,Sequential,2,117,6593
Real-Time Object Detection,Graphs,2,258,12318
Human Interaction Recognition,Graphs,2,22,12318
Object State Change Classification,General,2,9,114234
Object State Change Classification,Natural Language Processing,2,9,40996
Object State Change Classification,Computer Vision,2,9,54472
Segmentation,Audio,2,13036,488
Change detection for remote sensing images,Natural Language Processing,2,30,40996
Placenta Segmentation,Computer Vision,2,11,54472
Photoplethysmography (PPG) beat detection,General,2,2,114234
Monocular 3D Object Detection,Reinforcement Learning,2,187,6988
Predicate Classification,General,2,22,114234
Unsupervised Monocular Depth Estimation,Natural Language Processing,2,59,40996
Ad-Hoc Information Retrieval,Reinforcement Learning,2,41,6988
Production Forecasting,Computer Vision,2,15,54472
Label Error Detection,Natural Language Processing,2,12,40996
Multi-modal Knowledge Graph,Computer Vision,2,26,54472
Compressed Image Super-resolution,Natural Language Processing,2,8,40996
Brain Morphometry,General,2,9,114234
Solar Flare Prediction,Natural Language Processing,2,27,40996
Anomaly Forecasting,General,2,4,114234
Point Cloud Super Resolution,Natural Language Processing,2,16,40996
Few-Shot Skeleton-Based Action Recognition,General,2,8,114234
multimodal generation,Graphs,2,97,12318
Online Vectorized HD Map Construction,General,2,10,114234
Computed Tomography (CT),Reinforcement Learning,2,1207,6988
Histopathological Segmentation,Computer Vision,2,4,54472
Fine-Grained Visual Categorization,Graphs,2,69,12318
Atari Games 100k,Natural Language Processing,2,18,40996
Personalized Segmentation,General,2,7,114234
Sports Analytics,Sequential,2,97,6593
Vietnamese Image Captioning,General,2,5,114234
Vietnamese Image Captioning,Natural Language Processing,2,5,40996
Landmark Tracking,Sequential,2,24,6593
Video Saliency Detection,Natural Language Processing,2,36,40996
Physical Commonsense Reasoning,General,2,10,114234
EEG Artifact Removal,Sequential,2,8,6593
Asset Management,Graphs,2,87,12318
Zero-Shot Action Recognition,Graphs,2,83,12318
4D Panoptic Segmentation,General,2,9,114234
Aspect-Based Sentiment Analysis,Reinforcement Learning,2,425,6988
Aspect-Based Sentiment Analysis (ABSA),Reinforcement Learning,2,465,6988
Face Image Quality Assessment,Natural Language Processing,2,44,40996
Zero-shot 3D Point Cloud Classification,Graphs,2,13,12318
3D Object Editing,General,2,8,114234
abstractive question answering,Computer Vision,2,13,54472
HumanEval,Graphs,2,264,12318
Medical Image Retrieval,Natural Language Processing,2,43,40996
Text to Audio Retrieval,Natural Language Processing,2,20,40996
Subject Transfer,General,2,21,114234
EEG Signal Classification,Natural Language Processing,2,27,40996
SSVEP,Natural Language Processing,2,51,40996
Empathetic Response Generation,Graphs,2,45,12318
Landmark Tracking,Natural Language Processing,2,24,40996
Beat Tracking,Computer Vision,2,19,54472
State Space Models,Reinforcement Learning,2,923,6988
Result aggregation,General,2,3,114234
Result aggregation,Natural Language Processing,2,3,40996
Face Detection,Sequential,2,532,6593
3D geometry,Reinforcement Learning,2,682,6988
Story Generation,Graphs,2,231,12318
Video Denoising,Sequential,2,89,6593
Interactive Segmentation,Graphs,2,253,12318
Image Manipulation Detection,Graphs,2,73,12318
Synthetic Speech Detection,Audio,2,29,488
POS,Reinforcement Learning,2,1132,6988
Audio Compression,Natural Language Processing,2,42,40996
Adversarial Purification,Graphs,2,65,12318
Multiview Gait Recognition,Natural Language Processing,2,13,40996
Few Shot Open Set Object Detection,General,2,3,114234
Cross Encoder Reranking,Natural Language Processing,2,2,40996
Few-Shot action recognition,Sequential,2,70,6593
Few Shot Action Recognition,Sequential,2,76,6593
self-supervised scene text recognition,General,2,2,114234
Classify murmurs,General,2,4,114234
mbpp,Sequential,2,129,6593
CT Reconstruction,Graphs,2,235,12318
Point Cloud Quality Assessment,Graphs,2,40,12318
Counterfactual Planning,General,2,5,114234
Part-based Representation Learning,Computer Vision,2,2,54472
Facial Inpainting,Graphs,2,60,12318
Pitch control,Sequential,2,23,6593
Multimodal Machine Translation,Graphs,2,105,12318
Affordance Detection,General,2,23,114234
Headline Generation,Computer Vision,2,86,54472
Metal Artifact Reduction,Graphs,2,48,12318
Self-Supervised Image Classification (with CLIP),Computer Vision,2,2,54472
Partially Labeled Datasets,Natural Language Processing,2,29,40996
Shadow Detection,Graphs,2,79,12318
Video Shadow Detection,Graphs,2,10,12318
Zero-shot Text Retrieval,Natural Language Processing,2,7,40996
Zero-Shot Transfer Image Classification,Natural Language Processing,2,19,40996
Temporal Knowledge Graph Completion,General,2,41,114234
Text-Variation,General,2,4,114234
IUPAC Name Prediction,General,2,3,114234
Protein Annotation,General,2,4,114234
Image Editing,Computer Vision,2,10,54472
Air Quality Inference,General,2,10,114234
Dataset Distillation - 1IPC,General,2,11,114234
Zero-shot 3D classification,Natural Language Processing,2,16,40996
Zero-shot 3D Point Cloud Classification,Natural Language Processing,2,13,40996
Factual Visual Question Answering,General,2,5,114234
Viewpoint Estimation,Computer Vision,2,41,54472
Stochastic Human Motion Prediction,General,2,9,114234
Head Pose Estimation,Graphs,2,129,12318
slot-filling,Reinforcement Learning,2,357,6988
Slot Filling,Reinforcement Learning,2,453,6988
Aspect Category Sentiment Analysis,Natural Language Processing,2,18,40996
Hyperspectral Image Segmentation,Computer Vision,2,19,54472
Prompt-driven Zero-shot Domain Adaptation,General,2,2,114234
Tensor Decomposition,Reinforcement Learning,2,618,6988
AUDIO-VISUAL QUESTION ANSWERING (MUSIC-AVQA-v2.0),General,2,5,114234
Splice Site Prediction,General,2,7,114234
Style Detection,General,2,6,114234
Point Cloud Pre-training,Computer Vision,2,26,54472
Misconceptions,Sequential,2,161,6593
Magnetic Resonance Fingerprinting,Computer Vision,2,35,54472
Topic coverage,General,2,18,114234
Robust 3D Object Detection,Natural Language Processing,2,33,40996
Malware Analysis,Graphs,2,89,12318
Polyp Segmentation,Natural Language Processing,2,10,40996
Text Spotting,Graphs,2,110,12318
Adversarial Defense,Sequential,2,401,6593
Task and Motion Planning,Computer Vision,2,86,54472
Geographic Question Answering,General,2,8,114234
Target Speaker Extraction,Audio,2,55,488
C++ code,Graphs,2,91,12318
Outdoor Localization,Natural Language Processing,2,29,40996
EDIT Task,General,2,3,114234
Generative Semantic Nursing,Computer Vision,2,2,54472
Dynamic Topic Modeling,Natural Language Processing,2,20,40996
Calving Front Delineation In Synthetic Aperture Radar Imagery,General,2,2,114234
Calving Front Delineation In Synthetic Aperture Radar Imagery With Fixed Training Amount,General,2,2,114234
Calving Front Delineation In Synthetic Aperture Radar Imagery,Computer Vision,2,2,54472
Calving Front Delineation In Synthetic Aperture Radar Imagery With Fixed Training Amount,Computer Vision,2,2,54472
Video Alignment,Sequential,2,83,6593
Seismic Inversion,Graphs,2,25,12318
Action Triplet Detection,Computer Vision,2,3,54472
Action Triplet Detection,General,2,3,114234
Action Triplet Detection,Natural Language Processing,2,3,40996
Surgical tool detection,Natural Language Processing,2,14,40996
Pitch control,Computer Vision,2,23,54472
Language Identification,Audio,2,792,488
Spoken language identification,Audio,2,50,488
open-set classification,Natural Language Processing,2,47,40996
Markerless Motion Capture,Computer Vision,2,38,54472
Markerless Motion Capture,General,2,38,114234
Continual Semantic Segmentation,Computer Vision,2,34,54472
Property Prediction,Reinforcement Learning,2,690,6988
6D Pose Estimation using RGBD,Natural Language Processing,2,30,40996
Image Classification with Label Noise,General,2,10,114234
Vietnamese Visual Question Answering,General,2,7,114234
Vietnamese Multimodal Learning,Natural Language Processing,2,5,40996
Load Forecasting,Graphs,2,235,12318
visual instruction following,Computer Vision,2,24,54472
3D Anomaly Detection,Graphs,2,36,12318
Lip to Speech Synthesis,General,2,13,114234
Extractive Question-Answering,Reinforcement Learning,2,93,6988
Environment Sound Classification,General,2,5,114234
Speech Extraction,Audio,2,48,488
Equilibrium traffic assignment,Graphs,2,6,12318
Optical Character Recognition (OCR),Reinforcement Learning,2,1206,6988
Low-light Image Deblurring and Enhancement,Natural Language Processing,2,4,40996
Out-of-Distribution Generalization,Sequential,2,513,6593
3D Geometry Prediction,General,2,6,114234
FS-MEVQA,General,2,7,114234
FS-MEVQA,Natural Language Processing,2,7,40996
Composed Image Retrieval (CoIR),General,2,14,114234
Stock Trend Prediction,Computer Vision,2,29,54472
Arousal Estimation,Graphs,2,41,12318
3D Human Pose Tracking,General,2,9,114234
Visual Storytelling,Graphs,2,112,12318
Text Segmentation,Graphs,2,124,12318
Cross-View Geo-Localisation,General,2,9,114234
Knowledge Probing,Computer Vision,2,44,54472
Semantic Communication,Reinforcement Learning,2,409,6988
Semantic Compression,Reinforcement Learning,2,60,6988
3D visual grounding,Sequential,2,82,6593
Malware Classification,Graphs,2,145,12318
Video Alignment,Graphs,2,83,12318
3D Multi-Person Mesh Recovery,Natural Language Processing,2,12,40996
3D Multi-Person Mesh Recovery,Graphs,2,12,12318
Streaming video understanding,Computer Vision,2,9,54472
Cross-domain 3D Human Pose Estimation,Computer Vision,2,2,54472
Pulmonary Embolism Detection,Graphs,2,11,12318
3D Open-Vocabulary Object Detection,Graphs,2,5,12318
Semantic Shift Detection,Computer Vision,2,10,54472
Event-based Object Segmentation,Computer Vision,2,8,54472
Derendering,General,2,4,114234
Derendering,Natural Language Processing,2,4,40996
Class-Incremental Object Detection,Natural Language Processing,2,17,40996
Sparse Representation-based Classification,Natural Language Processing,2,49,40996
Photo to Rest Generalization,General,2,7,114234
energy trading,Computer Vision,2,100,54472
Profile Generation,Natural Language Processing,2,17,40996
Activation Function Synthesis,Computer Vision,2,4,54472
Speech Intent Classification,General,2,6,114234
hyperedge classification,Graphs,2,6,12318
breast density classification,General,2,7,114234
Cross-Modal Information Retrieval,Graphs,2,16,12318
Zero-shot Sentiment Classification,Natural Language Processing,2,6,40996
Classification Of Hyperspectral Images,Natural Language Processing,2,27,40996
Video-based Generative Performance Benchmarking,Natural Language Processing,2,20,40996
Video-based Generative Performance Benchmarking (Consistency),Natural Language Processing,2,15,40996
Video-based Generative Performance Benchmarking (Contextual Understanding),Natural Language Processing,2,16,40996
Video-based Generative Performance Benchmarking (Correctness of Information),Natural Language Processing,2,15,40996
Video-based Generative Performance Benchmarking (Detail Orientation)),Natural Language Processing,2,15,40996
Video-based Generative Performance Benchmarking (Temporal Understanding),Natural Language Processing,2,15,40996
Personalized Segmentation,Computer Vision,2,7,54472
Material Segmentation,Natural Language Processing,2,18,40996
Material Segmentation,Computer Vision,2,18,54472
Person-Centric Knowledge Graphs,General,2,2,114234
Quantum State Tomography,General,2,45,114234
text-guided-image-editing,Graphs,2,68,12318
Embeddings Evaluation,Computer Vision,2,17,54472
Event-Based Video Reconstruction,Computer Vision,2,12,54472
Zero-Shot Counting,Natural Language Processing,2,17,40996
Econometrics,Reinforcement Learning,2,232,6988
Zero-shot Text Retrieval,General,2,7,114234
Motion Disentanglement,General,2,12,114234
Spatio-Temporal Video Grounding,Graphs,2,22,12318
Position regression,Computer Vision,2,15,54472
Text-based de novo Molecule Generation,General,2,14,114234
Autonomous Web Navigation,General,2,9,114234
Incomplete multi-view clustering,Computer Vision,2,44,54472
Unsupervised Reinforcement Learning,General,2,57,114234
Mitigating Contextual Bias,Computer Vision,2,4,54472
Line Detection,Graphs,2,128,12318
3D Molecule Generation,Graphs,2,37,12318
3D Panoptic Segmentation,Computer Vision,2,15,54472
Zero-shot Text-to-Video Generation,Computer Vision,2,5,54472
Semantic Compression,Graphs,2,60,12318
Short-term Object Interaction Anticipation,General,2,11,114234
Video Similarity,Computer Vision,2,24,54472
Transliteration,Audio,2,431,488
Video Shadow Detection,Computer Vision,2,10,54472
DNA analysis,Computer Vision,2,12,54472
Airbubbles Detection,General,2,2,114234
Image Stitching,Natural Language Processing,2,105,40996
Utterance-level pronounciation scoring,Computer Vision,2,4,54472
Brain Visual Reconstruction from fMRI,Computer Vision,2,2,54472
Cross-lingual Text-to-Image Generation,General,2,2,114234
Solar Irradiance Forecasting,Computer Vision,2,22,54472
Protein Stability Prediction,General,2,8,114234
3D Panoptic Segmentation,Natural Language Processing,2,15,40996
Zero-shot Sentiment Classification,Graphs,2,6,12318
Simultaneous Speech-to-Speech Translation,General,2,12,114234
Voice Anti-spoofing,Computer Vision,2,23,54472
Violence and Weaponized Violence Detection,Sequential,2,5,6593
Prediction Intervals,Sequential,2,309,6593
Robust Speech Recognition,Natural Language Processing,2,96,40996
Mutual Information Estimation,Natural Language Processing,2,91,40996
Financial Relation Extraction,General,2,6,114234
Text Style Transfer,Reinforcement Learning,2,179,6988
Continual Self-Supervised Learning,Graphs,2,14,12318
Data Mining,General,2,4,114234
Self-Supervised Action Recognition,Natural Language Processing,2,51,40996
Music Performance Rendering,Natural Language Processing,2,7,40996
Key Point Matching,Computer Vision,2,14,54472
Automated Essay Scoring,Graphs,2,104,12318
Prediction Of Occupancy Grid Maps,Natural Language Processing,2,7,40996
Defocus Blur Detection,Natural Language Processing,2,15,40996
Deception Detection,Computer Vision,2,120,54472
Crop Yield Prediction,Sequential,2,48,6593
Writer Retrieval,Natural Language Processing,2,15,40996
Early Classification,Natural Language Processing,2,38,40996
Vowel Classification,Computer Vision,2,7,54472
Transcription Factor Binding Site Prediction,General,2,3,114234
DNA analysis,Natural Language Processing,2,12,40996
Long-range modeling,Sequential,2,95,6593
Grounded Situation Recognition,Computer Vision,2,15,54472
Data Free Quantization,Natural Language Processing,2,37,40996
Differential equation solution,General,2,5,114234
Drug Response Prediction,Natural Language Processing,2,46,40996
Low-Rank Matrix Completion,Natural Language Processing,2,158,40996
Age and Gender Estimation,General,2,9,114234
Query-focused Summarization,Graphs,2,35,12318
NetHack,Natural Language Processing,2,28,40996
Video Visual Relation Detection,Computer Vision,2,15,54472
Image-Guided Composition,Computer Vision,2,2,54472
Style Detection,Natural Language Processing,2,6,40996
Source-free Domain Generalization,Computer Vision,2,5,54472
Source-free Domain Generalization,General,2,5,114234
Source-free Domain Generalization,Natural Language Processing,2,5,40996
Visu,Natural Language Processing,2,4,40996
Document Shadow Removal,General,2,17,114234
Document Shadow Removal,Natural Language Processing,2,17,40996
Operator learning,Reinforcement Learning,2,347,6988
Blood pressure estimation,Sequential,2,29,6593
Text-to-3D-Human Generation,Computer Vision,2,3,54472
Open-World Instance Segmentation,General,2,14,114234
Open-World Instance Segmentation,Natural Language Processing,2,14,40996
Quantitative MRI,Reinforcement Learning,2,53,6988
motion retargeting,Natural Language Processing,2,49,40996
Medical Named Entity Recognition,Computer Vision,2,28,54472
Subgraph Counting,Graphs,2,17,12318
Non-exemplar-based Class Incremental Learning,Graphs,2,2,12318
Video Temporal Consistency,Computer Vision,2,11,54472
Isomorphism Testing,Natural Language Processing,2,14,40996
Belebele,Natural Language Processing,2,11,40996
Road Segmentation,Natural Language Processing,2,82,40996
Semantic Frame Parsing,Graphs,2,22,12318
Atomic Forces,Natural Language Processing,2,28,40996
3D Shape Generation,Graphs,2,105,12318
Music Tagging,Graphs,2,35,12318
Face Parsing,Graphs,2,63,12318
Zero-shot Audio Captioning,General,2,6,114234
Zero-shot Audio Captioning,Natural Language Processing,2,6,40996
Sound Event Detection,Graphs,2,194,12318
Language Acquisition,Graphs,2,519,12318
de novo peptide sequencing,Natural Language Processing,2,24,40996
High School Physics,Natural Language Processing,2,6,40996
Burned Area Delineation,Computer Vision,2,4,54472
MMLU,Sequential,2,340,6593
Multilingual NLP,Computer Vision,2,95,54472
Hardware Aware Neural Architecture Search,Natural Language Processing,2,37,40996
Spatio-Temporal Action Localization,Natural Language Processing,2,37,40996
Lung Nodule Classification,Natural Language Processing,2,35,40996
3D Semantic Scene Completion from a single 2D image,Computer Vision,2,3,54472
Uncertainty Visualization,General,2,10,114234
Multimedia recommendation,Computer Vision,2,23,54472
Point Clouds,Natural Language Processing,2,22,40996
Causal Identification,Natural Language Processing,2,47,40996
Video Corpus Moment Retrieval,Computer Vision,2,17,54472
Logical Reasoning,Sequential,2,738,6593
Therapeutics Data Commons,Graphs,2,5,12318
Equation Discovery,Graphs,2,65,12318
fr-en,Computer Vision,2,23,54472
The Semantic Segmentation Of Remote Sensing Imagery,Natural Language Processing,2,11,40996
Photometric Redshift Estimation,Computer Vision,2,12,54472
Protein Design,Reinforcement Learning,2,175,6988
Zero-Shot Cross-Lingual Transfer,Graphs,2,149,12318
Data Ablation,Computer Vision,2,10,54472
Data Ablation,Natural Language Processing,2,10,40996
Hint Generation,Natural Language Processing,2,12,40996
Hint Generation,General,2,12,114234
Generalized Zero-Shot Object Detection,Natural Language Processing,2,10,40996
Music Source Separation,Graphs,2,107,12318
Unsupervised Monocular Depth Estimation,Graphs,2,59,12318
Image Enhancement,Audio,2,980,488
Discrete Choice Models,Natural Language Processing,2,103,40996
multilingual cross-modal retrieval,General,2,2,114234
multilingual cross-modal retrieval,Computer Vision,2,2,54472
Medical Question Answering,Reinforcement Learning,2,139,6988
mbpp,Graphs,2,129,12318
Scene Text Editing,General,2,17,114234
Intent Discovery,Computer Vision,2,42,54472
Zero-Shot Facial Expression Recognition,Computer Vision,2,2,54472
Unsupervised Vehicle Re-Identification,Computer Vision,2,13,54472
Markerless Motion Capture,Natural Language Processing,2,38,40996
Abstract Argumentation,Natural Language Processing,2,131,40996
3D scene Editing,Graphs,2,46,12318
Trajectory Recovery,Graphs,2,25,12318
Body Detection,Natural Language Processing,2,17,40996
ECG Classification,Graphs,2,116,12318
Personality Generation,General,2,4,114234
Spatial Interpolation,Sequential,2,60,6593
News Summarization,Computer Vision,2,83,54472
VCGBench-Diverse,General,2,5,114234
Beam Prediction,Reinforcement Learning,2,51,6988
Credit score,Natural Language Processing,2,20,40996
Data Interaction,Natural Language Processing,2,21,40996
Scene Change Detection,Computer Vision,2,24,54472
Acoustic Scene Classification,Graphs,2,131,12318
Counterfactual Reasoning,Graphs,2,218,12318
Lifelike 3D Human Generation,Computer Vision,2,6,54472
Predicate Classification,Natural Language Processing,2,22,40996
3D Face Animation,Graphs,2,34,12318
Category-Agnostic Pose Estimation,Natural Language Processing,2,15,40996
Vehicle Pose Estimation,Natural Language Processing,2,37,40996
Time-to-Event Prediction,Natural Language Processing,2,27,40996
fr-en,Audio,2,23,488
Box-supervised Instance Segmentation,Natural Language Processing,2,19,40996
Pupil Tracking,Computer Vision,2,10,54472
User Identification,Natural Language Processing,2,76,40996
Embodied Question Answering,Natural Language Processing,2,40,40996
Cross-Modal Person Re-Identification,Natural Language Processing,2,16,40996
Printed Text Recognition,General,2,4,114234
Printed Text Recognition,Natural Language Processing,2,4,40996
Printed Text Recognition,Computer Vision,2,4,54472
Multivariate Time Series Imputation,Natural Language Processing,2,38,40996
Personality Alignment,Computer Vision,2,6,54472
Multilingual text classification,Computer Vision,2,31,54472
Slice Discovery,General,2,10,114234
Battery cycle life prediction,General,2,4,114234
NR-IQA,Graphs,2,50,12318
Video Individual Counting,Graphs,2,4,12318
Depth Map Super-Resolution,Natural Language Processing,2,28,40996
Clothes Changing Person Re-Identification,Natural Language Processing,2,12,40996
point cloud video understanding,General,2,8,114234
point cloud video understanding,Natural Language Processing,2,8,40996
Camouflaged Object Segmentation with a Single Task-generic Prompt,Computer Vision,2,2,54472
Hard-label Attack,General,2,9,114234
Lifelike 3D Human Generation,General,2,6,114234
Virology,Natural Language Processing,2,29,40996
3D Object Tracking,Graphs,2,66,12318
Conformal Prediction,Sequential,2,703,6593
Pedestrian Attribute Recognition,Graphs,2,56,12318
Zero-shot Classification (unified classes),Natural Language Processing,2,5,40996
Aspect Sentiment Triplet Extraction,Computer Vision,2,52,54472
Left Atrium Segmentation,General,2,18,114234
Industrial Robots,Natural Language Processing,2,61,40996
Column Type Annotation,Graphs,2,34,12318
Crash injury severity,General,2,6,114234
Occlusion Estimation,General,2,19,114234
Clinical Language Translation,General,2,3,114234
Clinical Language Translation,Natural Language Processing,2,3,40996
hypergraph embedding,Natural Language Processing,2,13,40996
Image Relighting,Natural Language Processing,2,58,40996
Automatic Modulation Recognition,Sequential,2,19,6593
Text-based Image Editing,Natural Language Processing,2,45,40996
fill-mask,General,2,4,114234
fill-mask,Natural Language Processing,2,4,40996
Camouflaged Object Segmentation,Natural Language Processing,2,47,40996
Supervised Anomaly Detection,Reinforcement Learning,2,155,6988
Phishing Website Detection,Natural Language Processing,2,11,40996
Skin Cancer Segmentation,Natural Language Processing,2,13,40996
Arabic Text Diacritization,Natural Language Processing,2,13,40996
Precipitation Forecasting,Natural Language Processing,2,36,40996
text-guided-generation,Natural Language Processing,2,21,40996
text-guided-image-editing,Natural Language Processing,2,68,40996
Zero-day intrusion detection,General,2,3,114234
Checkmate In One,General,2,4,114234
Checkmate In One,Natural Language Processing,2,4,40996
Video Polyp Segmentation,Natural Language Processing,2,25,40996
Cloth-Changing Person Re-Identification,Graphs,2,28,12318
Security Studies,General,2,6,114234
Security Studies,Computer Vision,2,6,54472
Structured Output Generation,Natural Language Processing,2,7,40996
Online Clustering,Natural Language Processing,2,86,40996
Multi-Agent Path Finding,Computer Vision,2,140,54472
FPS Games,Computer Vision,2,19,54472
Artery/Veins Retinal Vessel Segmentation,General,2,3,114234
Surface Reconstruction,Reinforcement Learning,2,621,6988
Audio-Visual Speech Recognition,Graphs,2,100,12318
Video Synopsis,General,2,10,114234
Speech Tokenization,Natural Language Processing,2,21,40996
hypergraph embedding,Computer Vision,2,13,54472
Few-Shot Imitation Learning,Natural Language Processing,2,15,40996
Self-Supervised Anomaly Detection,Natural Language Processing,2,29,40996
Rumour Detection,Graphs,2,96,12318
kmmlu,General,2,4,114234
NVIDIA Jetson Orin Nano,Computer Vision,2,13,54472
inverse tone mapping,Graphs,2,35,12318
Inverse-Tone-Mapping,Graphs,2,37,12318
Federated Unsupervised Learning,Computer Vision,2,5,54472
unsupervised class-incremental learning,General,2,6,114234
Few-shot 3D Point Cloud Semantic Segmentation,Natural Language Processing,2,4,40996
Few-shot 3D Point Cloud Semantic Segmentation,General,2,4,114234
Stereo Matching,Sequential,2,515,6593
Concept Alignment,Graphs,2,36,12318
hypergraph embedding,Graphs,2,13,12318
Robust Design,Graphs,2,74,12318
LLM real-life tasks,General,2,9,114234
Multi-agent Integration,Natural Language Processing,2,8,40996
Audio-Visual Question Answering (AVQA),General,2,20,114234
Blood Detection,General,2,5,114234
Damaged Tissue Detection,General,2,2,114234
Moving Object Detection,Computer Vision,2,70,54472
Intent Detection,Reinforcement Learning,2,328,6988
Image to Video Generation,Graphs,2,85,12318
set matching,Graphs,2,41,12318
Multi-Objective Multi-Agent Reinforcement Learning,Natural Language Processing,2,4,40996
Simulated Gaussian Manipulation,General,2,6,114234
HumanEval,Reinforcement Learning,2,264,6988
Defocus Blur Detection,Computer Vision,2,15,54472
Continual Forgetting,General,2,2,114234
Continual Forgetting,Natural Language Processing,2,2,40996
3D Question Answering (3D-QA),Computer Vision,2,22,54472
Python Code Synthesis,General,2,2,114234
Python Code Synthesis,Natural Language Processing,2,2,40996
Handwritten Digit Recognition,Natural Language Processing,2,107,40996
Micro-Expression Spotting,Graphs,2,16,12318
Vietnamese Natural Language Inference,General,2,3,114234
Vietnamese Natural Language Understanding,General,2,3,114234
Dota 2,Natural Language Processing,2,27,40996
GitHub issue resolution,General,2,10,114234
Medical Genetics,General,2,7,114234
Medical Genetics,Natural Language Processing,2,7,40996
Continual Panoptic Segmentation,General,2,3,114234
open vocabulary 3d instance segmentation,Computer Vision,2,10,54472
Neural Stylization,Natural Language Processing,2,6,40996
Direction of Arrival Estimation,Natural Language Processing,2,94,40996
Marine Animal Segmentation,Computer Vision,2,4,54472
Marine Animal Segmentation,General,2,4,114234
Single Choice Question,Natural Language Processing,2,4,40996
Triple Classification,Computer Vision,2,45,54472
Human Agent Collaboration,Computer Vision,2,22,54472
Human Agent Collaboration,General,2,22,114234
Video Stabilization,Computer Vision,2,62,54472
Event-based vision,Reinforcement Learning,2,144,6988
Few-shot Object Counting and Detection,General,2,3,114234
Audio Deepfake Detection,Graphs,2,74,12318
Image Stylization,Natural Language Processing,2,64,40996
Pancreas Segmentation,Natural Language Processing,2,60,40996
Key Detection,Natural Language Processing,2,15,40996
Multimodel-guided image editing,General,2,4,114234
Salient Object Detection,Reinforcement Learning,2,526,6988
Model extraction,Reinforcement Learning,2,174,6988
Vision-Language Segmentation,Natural Language Processing,2,9,40996
Video to Text Retrieval,Computer Vision,2,13,54472
Head Detection,Natural Language Processing,2,49,40996
Model Editing,Reinforcement Learning,2,193,6988
Extract Aspect,Graphs,2,23,12318
Bathymetry prediction,General,2,2,114234
Bathymetry prediction,Computer Vision,2,2,54472
Motion Captioning,General,2,11,114234
3D Part Segmentation,Graphs,2,98,12318
Image Steganography,Natural Language Processing,2,73,40996
Collaborative Fairness,Natural Language Processing,2,7,40996
Multi-Instance Retrieval,Natural Language Processing,2,19,40996
Document Enhancement,General,2,13,114234
Document Enhancement,Natural Language Processing,2,13,40996
3D Object Recognition,Graphs,2,97,12318
Vision-Language-Action,Graphs,2,157,12318
Artifact Detection,Sequential,2,60,6593
Cross-modal retrieval with noisy correspondence,General,2,20,114234
Lane Detection,Reinforcement Learning,2,250,6988
Document Dating,General,2,9,114234
Long-Form Narrative Summarization,Natural Language Processing,2,7,40996
Unconditional Crystal Generation,Computer Vision,2,3,54472
Human Aging,Natural Language Processing,2,18,40996
Decipherment,Natural Language Processing,2,46,40996
Abstract generation,Computer Vision,2,16,54472
Blind Image Deblurring,Natural Language Processing,2,70,40996
Atrial Fibrillation Detection,Natural Language Processing,2,43,40996
Full-body anonymization,Computer Vision,2,7,54472
Inference Attack,Reinforcement Learning,2,283,6988
Membership Inference Attack,Reinforcement Learning,2,186,6988
Point Cloud Generation,Graphs,2,117,12318
Causal Discovery,Sequential,2,741,6593
Multiobjective Optimization,Reinforcement Learning,2,155,6988
few-shot-htc,Computer Vision,2,2,54472
few-shot-htc,Graphs,2,2,12318
Few-shot HTC,Graphs,2,3,12318
Sleep Staging,Reinforcement Learning,2,116,6988
Source Code Authorship Attribution,General,2,4,114234
Skull Stripping,Natural Language Processing,2,39,40996
Incomplete multi-view clustering,Natural Language Processing,2,44,40996
Geographic Question Answering,Natural Language Processing,2,8,40996
LIDAR Semantic Segmentation,Reinforcement Learning,2,129,6988
Text Anonymization,General,2,22,114234
Raspberry Pi 5,Natural Language Processing,2,11,40996
Continual Learning,Audio,2,2629,488
MMLU,Graphs,2,340,12318
Image Retouching,Graphs,2,19,12318
Session Search,General,2,12,114234
Image Editing,General,2,10,114234
Task Arithmetic,Computer Vision,2,61,54472
ERP,Graphs,2,150,12318
Event Segmentation,Natural Language Processing,2,23,40996
Social Media Mental Health Detection,General,2,3,114234
Pupil Diameter Estimation,Computer Vision,2,2,54472
Non-Adversarial Robustness,Computer Vision,2,6,54472
Coherence Evaluation,Computer Vision,2,28,54472
highlight removal,Natural Language Processing,2,15,40996
Zero Shot Skeletal Action Recognition,Computer Vision,2,8,54472
Zero-shot skeleton-based action recognition,Computer Vision,2,7,54472
Drone-view target localization,Computer Vision,2,10,54472
Cryogenic Electron Microscopy (cryo-EM),General,2,25,114234
Subdomain adaptation,General,2,8,114234
audio moment retrieval,General,2,2,114234
Zero-shot Audio Classification,Graphs,2,17,12318
Action Classification (1-shot),General,2,2,114234
Person Identification (1-shot),General,2,2,114234
single-image-generation,Natural Language Processing,2,12,40996
Text to Audio Retrieval,Graphs,2,20,12318
Pose-based Anomaly Detection,General,2,3,114234
Weakly-supervised Anomaly Detection,Graphs,2,32,12318
Cross-modal place recognition,Natural Language Processing,2,10,40996
Electrocardiography (ECG),Sequential,2,117,6593
Persuasion Strategies,Natural Language Processing,2,27,40996
Computational Efficiency,Audio,2,4882,488
Repetitive Action Counting,General,2,14,114234
LLM Jailbreak,Computer Vision,2,24,54472
Text2Sparql,General,2,4,114234
Online surgical phase recognition,Computer Vision,2,10,54472
Speaker anonymization,General,2,40,114234
Recommendation Systems,Audio,2,6037,488
Medical Image Retrieval,Graphs,2,43,12318
Music Captioning,General,2,14,114234
UIE,Graphs,2,56,12318
Embodied Question Answering,Reinforcement Learning,2,40,6988
Social Navigation,Computer Vision,2,69,54472
Solar Flare Prediction,Graphs,2,27,12318
Outdoor Localization,Graphs,2,29,12318
Procedure Learning,Computer Vision,2,15,54472
4-task Classification,General,2,2,114234
4-task Classification,Natural Language Processing,2,2,40996
Lung Disease Classification,Natural Language Processing,2,24,40996
Graph Question Answering,Computer Vision,2,78,54472
MonkeyPox Diagnosis,General,2,4,114234
MonkeyPox Diagnosis,Computer Vision,2,4,54472
Sleep Quality,Reinforcement Learning,2,61,6988
8k,Reinforcement Learning,2,200,6988
Unconditional Molecule Generation,General,2,8,114234
Speech Tokenization,Computer Vision,2,21,54472
Human-Object Interaction Generation,Natural Language Processing,2,10,40996
Audio captioning,Reinforcement Learning,2,118,6988
Weakly-supervised Anomaly Detection,Natural Language Processing,2,32,40996
Semi-supervised Change Detection,Natural Language Processing,2,12,40996
Multi-agent Integration,Computer Vision,2,8,54472
Multimodal Large Language Model,Reinforcement Learning,2,346,6988
ECG Digitization,General,2,5,114234
Formal Logic,Computer Vision,2,72,54472
Geophysics,Reinforcement Learning,2,76,6988
Plane Instance Segmentation,General,2,4,114234
LAMBADA,Computer Vision,2,30,54472
Operator learning,Sequential,2,347,6593
Synthetic Data Evaluation,General,2,7,114234
Landmine,General,2,16,114234
Political Salient Issue Orientation Detection,General,2,3,114234
Violence and Weaponized Violence Detection,General,2,5,114234
Community Search,General,2,11,114234
Video Forensics,Natural Language Processing,2,17,40996
Humanoid Control,Computer Vision,2,37,54472
Vietnamese Fact Checking,Natural Language Processing,2,4,40996
Hateful Meme Classification,Graphs,2,17,12318
Meme Classification,Graphs,2,59,12318
Text-Variation,Natural Language Processing,2,4,40996
Open Vocabulary Action Detection,General,2,2,114234
Open Vocabulary Action Detection,Natural Language Processing,2,2,40996
Global Facts,General,2,3,114234
Virtual Try-Off,General,2,5,114234
multimodal generation,Reinforcement Learning,2,97,6988
Adversarial Purification,Natural Language Processing,2,65,40996
Chemical Process,Graphs,2,58,12318
graph partitioning,Sequential,2,208,6593
Human Agent Collaboration,Reinforcement Learning,2,22,6988
Hand Detection,Natural Language Processing,2,62,40996
Interactive Recommendation,General,2,40,114234
Weakly-supervised Video Anomaly Detection,Graphs,2,36,12318
Text-to-Video Generation,Reinforcement Learning,2,200,6988
Anxiety Detection,Natural Language Processing,2,12,40996
Hypergraph representations,General,2,11,114234
Skeleton Based Action Segmentation,Graphs,2,10,12318
Universal Segmentation,Graphs,2,32,12318
Face Image Quality Assessment,Reinforcement Learning,2,44,6988
Learning Semantic Representations,Graphs,2,38,12318
Manufacturing Quality Control,Computer Vision,2,7,54472
Spectrum Cartography,Computer Vision,2,12,54472
PICO,Computer Vision,2,68,54472
Music Generation,Reinforcement Learning,2,386,6988
Quantum Circuit Generation,General,2,5,114234
Quantum Circuit Generation,Natural Language Processing,2,5,40996
Retinal OCT Disease Classification,Natural Language Processing,2,12,40996
Gender Classification,Graphs,2,149,12318
Fashion Compatibility Learning,General,2,4,114234
Unsupervised Reinforcement Learning,Computer Vision,2,57,54472
input filtering,Natural Language Processing,2,12,40996
Key Detection,Graphs,2,15,12318
PAC learning,Graphs,2,288,12318
continual anomaly detection,Computer Vision,2,8,54472
Audio-visual Question Answering,Natural Language Processing,2,27,40996
Multi-Label Learning,Reinforcement Learning,2,297,6988
Semi-Supervised Domain Generalization,Graphs,2,17,12318
Reasoning Segmentation,Computer Vision,2,52,54472
Humanoid Control,Reinforcement Learning,2,37,6988
Low-latency processing,Graphs,2,21,12318
severity prediction,Sequential,2,67,6593
Vulnerability Detection,Reinforcement Learning,2,216,6988
Linguistic steganography,Computer Vision,2,21,54472
Diabetes Prediction,Computer Vision,2,31,54472
Diabetes Prediction,Sequential,2,31,6593
Multimodal Reasoning,Reinforcement Learning,2,302,6988
Ordinal Classification,Graphs,2,72,12318
Human Animation,Natural Language Processing,2,41,40996
Video MME,Computer Vision,2,26,54472
Audio inpainting,Natural Language Processing,2,19,40996
Navigate,Audio,2,1976,488
Music Captioning,Natural Language Processing,2,14,40996
Dense Video Captioning,Sequential,2,75,6593
Syntax Representation,Sequential,1,6,6593
Meeting Summarization,Graphs,1,50,12318
Sentence Compression,Graphs,1,147,12318
SNES Games,Computer Vision,1,4,54472
Robust Face Recognition,Graphs,1,94,12318
Nature-Inspired Optimization Algorithm,Reinforcement Learning,1,5,6988
Answer Selection,Reinforcement Learning,1,171,6988
Clickbait Detection,Reinforcement Learning,1,31,6988
Semi-Supervised RGBD Semantic Segmentation,Computer Vision,1,2,54472
Multi-modal image segmentation,General,1,4,114234
3D Point Cloud Linear Classification,Computer Vision,1,21,54472
Unsupervised 3D Point Cloud Linear Evaluation,Computer Vision,1,8,54472
Pose-Based Human Instance Segmentation,General,1,2,114234
Pose-Based Human Instance Segmentation,Computer Vision,1,2,54472
Noisy Speech Recognition,Sequential,1,13,6593
Omnnidirectional Stereo Depth Estimation,Computer Vision,1,6,54472
Stereo-LiDAR Fusion,General,1,11,114234
Citation Intent Classification,Sequential,1,17,6593
Only Connect Walls Dataset Task 1 (Grouping),Sequential,1,10,6593
Facial Beauty Prediction,Computer Vision,1,11,54472
Period Estimation,General,1,6,114234
2D Human Pose Estimation,Sequential,1,118,6593
Conversational Information Access,General,1,6,114234
Joint Demosaicing and Denoising,Computer Vision,1,7,54472
Spoken Dialogue Systems,Reinforcement Learning,1,250,6988
Task-Completion Dialogue Policy Learning,Reinforcement Learning,1,6,6988
Text-Dependent Speaker Verification,Sequential,1,25,6593
Speaker-Specific Lip to Speech Synthesis,Computer Vision,1,4,54472
Speaker-Specific Lip to Speech Synthesis,General,1,4,114234
Handwritten Word Generation,General,1,2,114234
Handwritten Word Generation,Sequential,1,2,6593
Object Segmentation,Computer Vision,1,4,54472
Object Segmentation,General,1,4,114234
Mass Segmentation From Mammograms,Computer Vision,1,2,54472
Mass Segmentation From Mammograms,General,1,2,114234
Splenomegaly Segmentation On Multi-Modal Mri,Computer Vision,1,2,54472
Splenomegaly Segmentation On Multi-Modal Mri,General,1,2,114234
Image-guided Story Ending Generation,Computer Vision,1,9,54472
Cross-Lingual Entity Linking,Computer Vision,1,21,54472
Lesion Detection,Sequential,1,257,6593
Predicting Drug-Induced Laboratory Test Effects,Computer Vision,1,1,54472
Thompson Sampling,Sequential,1,652,6593
Oceanic Eddy Classification,General,1,1,114234
Oceanic Eddy Classification,Computer Vision,1,1,54472
Multi-Label Image Classification,Sequential,1,124,6593
Multi-Label Image Recognition,Sequential,1,37,6593
Multi-Stage Campaigning Optimization,General,1,1,114234
Semi-supervised Anomaly Detection,Sequential,1,76,6593
SQL-to-Text,Graphs,1,7,12318
Active Object Localization,General,1,9,114234
Pulsar Prediction,General,1,1,114234
Early Action Prediction,Computer Vision,1,8,54472
Feature Correlation,Sequential,1,123,6593
Image-Based Localization,Sequential,1,62,6593
3D Bin Packing,Sequential,1,11,6593
Medical Relation Extraction,Sequential,1,15,6593
Survey Sampling,General,1,15,114234
Video Deinterlacing,Graphs,1,5,12318
Document Ranking,Sequential,1,167,6593
Bangla Spelling Error Correction,Sequential,1,4,6593
Point Cloud Classification,Reinforcement Learning,1,265,6988
Category-Agnostic Pose Estimation,Reinforcement Learning,1,15,6988
One-Shot Learning,Reinforcement Learning,1,303,6988
Medical Procedure,Computer Vision,1,23,54472
Unsupervised Object Localization,General,1,11,114234
One-Shot 3D Action Recognition,Sequential,1,9,6593
Formation Energy,Sequential,1,54,6593
Dynamic Texture Recognition,Computer Vision,1,9,54472
Image Categorization,Graphs,1,61,12318
Image Editing Dection,General,1,1,114234
Multi-Label Learning,Sequential,1,297,6593
Learning with noisy labels,Sequential,1,248,6593
Noise Estimation,Sequential,1,114,6593
Boundary Detection,Audio,1,357,488
Feature Engineering,Audio,1,1698,488
Disease Trajectory Forecasting,Computer Vision,1,6,54472
Concurrent Activity Recognition,General,1,2,114234
Patch Matching,Sequential,1,97,6593
Movie Recommendation,Sequential,1,111,6593
Point Cloud Completion,Sequential,1,174,6593
Time-Series Few-Shot Learning with Heterogeneous Channels,Computer Vision,1,5,54472
Texture Classification,Sequential,1,206,6593
Prototype Selection,Computer Vision,1,29,54472
Setting-1/4,Computer Vision,1,1,54472
Setting-1/4,General,1,1,114234
Setting-1/4,Natural Language Processing,1,1,40996
Setting-1/4,Sequential,1,1,6593
Sequential Pattern Mining,Computer Vision,1,39,54472
Satellite Image Classification,Graphs,1,33,12318
Low-Rank Matrix Completion,Computer Vision,1,158,54472
Pharmacovigilance,Sequential,1,56,6593
Game of Doom,Reinforcement Learning,1,6,6988
Weakly supervised Semantic Segmentation,Sequential,1,284,6593
Weakly-Supervised Semantic Segmentation,Sequential,1,296,6593
Conditional Image Generation,Sequential,1,285,6593
Bangla Spelling Error Correction,Natural Language Processing,1,4,40996
Matrix Factorization / Decomposition,General,1,16,114234
Image Instance Retrieval,Computer Vision,1,6,54472
Multiple Choice Question Answering (MCQA),Sequential,1,64,6593
Scene Labeling,Sequential,1,45,6593
Scene Parsing,Sequential,1,198,6593
Dialog Act Classification,Sequential,1,22,6593
Implicit Discourse Relation Classification,Sequential,1,35,6593
Superpixels,Sequential,1,371,6593
Graphon Estimation,General,1,21,114234
Game of Go,Graphs,1,62,12318
Region Proposal,Reinforcement Learning,1,371,6988
Vessel Detection,Reinforcement Learning,1,29,6988
Image Retrieval with Multi-Modal Query,Sequential,1,10,6593
Disguised Face Verification,Computer Vision,1,3,54472
Colorectal Gland Segmentation:,General,1,9,114234
Learning to Execute,Sequential,1,25,6593
Nonparametric Clustering,Computer Vision,1,18,54472
Cross-Lingual Document Classification,Computer Vision,1,24,54472
Self-Supervised Image Classification,Reinforcement Learning,1,110,6988
Semi-Supervised Image Classification,Reinforcement Learning,1,167,6988
Iris Segmentation,Graphs,1,37,12318
Network Embedding,Reinforcement Learning,1,402,6988
Extractive Text Summarization,Sequential,1,93,6593
Event-based vision,Sequential,1,144,6593
Egocentric Activity Recognition,Sequential,1,26,6593
Hand Segmentation,Sequential,1,36,6593
Multi-View 3D Reconstruction,Sequential,1,60,6593
File Type Identification,General,1,4,114234
Weakly-supervised panoptic segmentation,General,1,4,114234
Knowledge Base Population,Computer Vision,1,138,54472
Task Planning,Sequential,1,342,6593
Whole Mammogram Classification,General,1,2,114234
Whole Mammogram Classification,Computer Vision,1,2,54472
Junction Detection,Computer Vision,1,7,54472
Learning Word Embeddings,Sequential,1,91,6593
Unsupervised Sentence Summarization,Computer Vision,1,7,54472
Cube Engraving Classification,Computer Vision,1,1,54472
Image Description,Graphs,1,154,12318
Multi-task Audio Source Seperation,Sequential,1,3,6593
Transductive Learning,Sequential,1,134,6593
Speech Language Identification,Sequential,1,6,6593
multi-view detection,Computer Vision,1,13,54472
Efficient Exploration,Sequential,1,513,6593
Information Extraction,Computer Vision,1,3,54472
Citation Intent Classification,Computer Vision,1,17,54472
Mutual Information Estimation,Reinforcement Learning,1,91,6988
Color Image Compression Artifact Reduction,Computer Vision,1,1,54472
Color Image Compression Artifact Reduction,General,1,1,114234
Unsupervised Anomaly Detection In Sound,General,1,1,114234
Unsupervised Anomaly Detection In Sound,Computer Vision,1,1,54472
Sleep Arousal Detection,Sequential,1,6,6593
Constituency Grammar Induction,Sequential,1,21,6593
Pornography Detection,General,1,5,114234
Pornography Detection,Computer Vision,1,5,54472
Disease Trajectory Forecasting,General,1,6,114234
Disease Trajectory Forecasting,Sequential,1,6,6593
Audio inpainting,Graphs,1,19,12318
6D Pose Estimation using RGBD,General,1,30,114234
Singer Identification,Computer Vision,1,10,54472
PICO,Sequential,1,68,6593
Mapping Of Lung Nodules In Low-Dose Ct Images,General,1,1,114234
User Constrained Thumbnail Generation,Computer Vision,1,2,54472
regression,Audio,1,9395,488
Chemical Reaction Prediction,General,1,14,114234
Document To Image Conversion,Computer Vision,1,1,54472
Splenomegaly Segmentation On Multi-Modal Mri,Graphs,1,2,12318
Handwritten Digit Image Synthesis,Computer Vision,1,1,54472
Learning Representation On Graph,Computer Vision,1,1,54472
Table-based Question Answering,Reinforcement Learning,1,16,6988
Myocardium Segmentation,Sequential,1,23,6593
Semantic Segmentation Of Orthoimagery,General,1,2,114234
Small-Footprint Keyword Spotting,Audio,1,25,488
Two-sample testing,Sequential,1,336,6593
Semi-Supervised Semantic Segmentation,Reinforcement Learning,1,190,6988
Molecule Interpretation,Computer Vision,1,1,54472
Spatial Reasoning,Sequential,1,451,6593
Frame Duplication Detection,Computer Vision,1,2,54472
Frame Duplication Detection,General,1,2,114234
vehicle detection,Sequential,1,248,6593
Medical Concept Normalization,Sequential,1,13,6593
One-Shot Instance Segmentation,General,1,3,114234
Layout-to-Image Generation,Sequential,1,41,6593
Long-video Activity Recognition,Computer Vision,1,6,54472
Real-Time Strategy Games,Computer Vision,1,46,54472
Cerebrovascular Network Segmentation,General,1,1,114234
Cerebrovascular Network Segmentation,Computer Vision,1,1,54472
Recognizing And Localizing Human Actions,Natural Language Processing,1,3,40996
Movie Genre Recommendation System,General,1,2,114234
Generalized Few-Shot Learning,Computer Vision,1,12,54472
Generalized Few-Shot Learning,Natural Language Processing,1,12,40996
3D Plane Detection,General,1,10,114234
K-complex detection,Computer Vision,1,4,54472
Sleep Micro-event detection,Computer Vision,1,5,54472
Spindle Detection,Computer Vision,1,9,54472
Synthesizing Multi-Parameter Magnetic Resonance Imaging (Mp-Mri) Data,General,1,1,114234
Finding Pulmonary Nodules In Large-Scale Ct Images,Computer Vision,1,1,54472
Unbalanced Segmentation,General,1,2,114234
Concept-To-Text Generation,Sequential,1,17,6593
Disaster Response,Sequential,1,217,6593
Summarization,Sequential,1,8,6593
Low Resource Neural Machine Translation,Sequential,1,67,6593
Low-Resource Neural Machine Translation,Sequential,1,73,6593
Unsupervised Person Re-Identification,Reinforcement Learning,1,107,6988
Visual Dialog,Reinforcement Learning,1,115,6988
Predicate Detection,Sequential,1,11,6593
Ordinal Classification,Sequential,1,72,6593
Knowledge Base Population,Sequential,1,138,6593
Concept Alignment,Sequential,1,36,6593
Chinese Zero Pronoun Resolution,General,1,9,114234
Short-Text Conversation,Sequential,1,22,6593
Complex Word Identification,Sequential,1,67,6593
Component Classification,Sequential,1,18,6593
Referring expression generation,Sequential,1,84,6593
Style Detection,Graphs,1,6,12318
Low-Rank Matrix Completion,Sequential,1,158,6593
Matrix Completion,Sequential,1,792,6593
Cross-Lingual Sentiment Classification,Computer Vision,1,16,54472
Dialogue Interpretation,General,1,5,114234
Dialogue Interpretation,Sequential,1,5,6593
Age Classification,Sequential,1,29,6593
Grammatical Error Detection,Computer Vision,1,100,54472
Scene Parsing,Reinforcement Learning,1,198,6988
Protein Interface Prediction,General,1,7,114234
Protein Interface Prediction,Computer Vision,1,7,54472
Unsupervised Part-Of-Speech Tagging,General,1,5,114234
Gaze Prediction,Sequential,1,55,6593
Story Visualization,Sequential,1,41,6593
Lightfield,Computer Vision,1,6,54472
Real-to-Cartoon translation,General,1,3,114234
Real-to-Cartoon translation,Computer Vision,1,3,54472
Salt-And-Pepper Noise Removal,Computer Vision,1,13,54472
Unsupervised Video Object Segmentation,Sequential,1,88,6593
Document Dating,Graphs,1,9,12318
Unsupervised Anomaly Detection with Specified Settings -- 0.1% anomaly,Computer Vision,1,6,54472
Unsupervised Anomaly Detection with Specified Settings -- 10% anomaly,Computer Vision,1,6,54472
Unsupervised Anomaly Detection with Specified Settings -- 1% anomaly,Computer Vision,1,6,54472
Unsupervised Anomaly Detection with Specified Settings -- 20% anomaly,Computer Vision,1,6,54472
Unsupervised Anomaly Detection with Specified Settings -- 30% anomaly,Computer Vision,1,6,54472
Paper generation,Computer Vision,1,13,54472
Cross-Lingual Bitext Mining,Sequential,1,6,6593
Cross-Lingual Document Classification,Sequential,1,24,6593
Joint Multilingual Sentence Representations,Sequential,1,4,6593
Parallel Corpus Mining,Sequential,1,13,6593
Zero-Shot Cross-Lingual Transfer,Sequential,1,149,6593
Right Ventricle Segmentation,Computer Vision,1,5,54472
Anxiety Detection,Computer Vision,1,12,54472
Game of Cricket,General,1,4,114234
Passage Re-Ranking,Sequential,1,32,6593
Passage Retrieval,Sequential,1,261,6593
3D Hand Pose Estimation,Sequential,1,178,6593
Music Recommendation,Sequential,1,118,6593
Motion Magnification,Sequential,1,38,6593
Text Categorization,Graphs,1,246,12318
Sequential skip prediction,General,1,5,114234
Sequential skip prediction,Computer Vision,1,5,54472
Sequential skip prediction,Sequential,1,5,6593
General Classification Selection,Computer Vision,1,2,54472
Acoustic Unit Discovery,Sequential,1,25,6593
Acoustic Unit Discovery,Audio,1,25,488
Fine-Grained Action Detection,Sequential,1,14,6593
Hand Segmentation,Graphs,1,36,12318
Text-Dependent Speaker Verification,Computer Vision,1,25,54472
Online Clustering,Sequential,1,86,6593
Abstractive Dialogue Summarization,Sequential,1,34,6593
Prepositional Phrase Attachment,General,1,31,114234
Image Forensics,Reinforcement Learning,1,108,6988
3D Semantic Instance Segmentation,Computer Vision,1,13,54472
Home Activity Monitoring,General,1,4,114234
Home Activity Monitoring,Sequential,1,4,6593
Recognizing And Localizing Human Actions,Sequential,1,3,6593
Facial Inpainting,Sequential,1,60,6593
Eyeblink detection,General,1,5,114234
Eyeblink detection,Sequential,1,5,6593
Visual Reasoning,Sequential,1,696,6593
Left Ventricle Segmentation,Sequential,1,25,6593
Counter Recognition,Computer Vision,1,1,54472
Clustering Multivariate Time Series,Computer Vision,1,11,54472
Super-Resolution,Audio,1,3867,488
Mathematical Proofs,Reinforcement Learning,1,90,6988
4D Spatio Temporal Semantic Segmentation,Graphs,1,3,12318
Traffic Accident Detection,Computer Vision,1,8,54472
One-Class Classification,Reinforcement Learning,1,227,6988
Traffic Accident Detection,Reinforcement Learning,1,8,6988
Video Anomaly Detection,Reinforcement Learning,1,262,6988
Adversarial Defense against FGSM Attack,Computer Vision,1,2,54472
Surgical Skills Evaluation,Computer Vision,1,3,54472
Network Community Partition,Computer Vision,1,3,54472
One-shot visual object segmentation,Sequential,1,41,6593
Music Genre Recognition,Graphs,1,10,12318
Graph Similarity,Sequential,1,111,6593
Contextual Anomaly Detection,General,1,13,114234
Unsupervised Contextual Anomaly Detection,General,1,1,114234
Weakly Supervised Action Segmentation (Transcript),General,1,7,114234
Weakly Supervised Action Segmentation (Transcript),Computer Vision,1,7,54472
Unsupervised Sentence Compression,Computer Vision,1,3,54472
Video Saliency Detection,Graphs,1,36,12318
Abuse Detection,Graphs,1,72,12318
Breast Cancer Histology Image Classification,Sequential,1,17,6593
Histopathological Image Classification,Sequential,1,40,6593
Unsupervised Video Summarization,Sequential,1,30,6593
Intent Discovery,Sequential,1,42,6593
Open Intent Discovery,Sequential,1,7,6593
Pancreas Segmentation,Reinforcement Learning,1,60,6988
Mitosis Detection,Graphs,1,47,12318
Camera Pose Estimation,Sequential,1,301,6593
Multi-future Trajectory Prediction,General,1,10,114234
Next-basket recommendation,Natural Language Processing,1,18,40996
Early Action Prediction,Sequential,1,8,6593
Graph Clustering,Sequential,1,389,6593
Stochastic Block Model,Sequential,1,369,6593
Vehicle Re-Identification,Sequential,1,150,6593
Hyperspectral Image Classification,Sequential,1,286,6593
Partial Domain Adaptation,Reinforcement Learning,1,56,6988
Multi-Hop Reading Comprehension,General,1,18,114234
Multi-Hop Reading Comprehension,Natural Language Processing,1,18,40996
Poem meters classification,General,1,1,114234
Poem meters classification,Sequential,1,1,6593
Code Repair,Graphs,1,38,12318
Image Imputation,Sequential,1,8,6593
Paper generation (abstract-to-conclusion),General,1,1,114234
Paper generation (Conclusion-to-title),General,1,1,114234
Paper generation (Title-to-abstract),General,1,1,114234
Paper generation (abstract-to-conclusion),Sequential,1,1,6593
Paper generation (Conclusion-to-title),Sequential,1,1,6593
Paper generation (Title-to-abstract),Sequential,1,1,6593
parameter estimation,Audio,1,1715,488
Zero-Shot Semantic Segmentation,Sequential,1,60,6593
Self-Supervised Audio Classification,Computer Vision,1,9,54472
Self-Supervised Audio Classification,Sequential,1,9,6593
Authorship Attribution,Reinforcement Learning,1,208,6988
Text Attribute Transfer,Computer Vision,1,7,54472
Temporal Sequences,Audio,1,200,488
Kiss Detection,Computer Vision,1,1,54472
Kiss Detection,General,1,1,114234
Skin Lesion Identification,Computer Vision,1,3,54472
Skin Lesion Identification,General,1,3,114234
Aspect-oriented Opinion Extraction,Sequential,1,7,6593
Opinion Summarization,Sequential,1,71,6593
target-oriented opinion words extraction,Sequential,1,8,6593
Intent Recognition,Sequential,1,92,6593
Suggestion mining,Computer Vision,1,32,54472
Toponym Resolution,Natural Language Processing,1,19,40996
Toponym Resolution,Sequential,1,19,6593
Decipherment,General,1,46,114234
Respiratory Failure,Sequential,1,26,6593
Materials Screening,Graphs,1,11,12318
Total Magnetization,Graphs,1,2,12318
multimodal generation,Sequential,1,97,6593
Style change detection,General,1,3,114234
Automated Feature Engineering,Reinforcement Learning,1,46,6988
Joint NER and Classification,General,1,1,114234
Joint NER and Classification,Natural Language Processing,1,1,40996
Automated Feature Engineering,Natural Language Processing,1,46,40996
Automated Feature Engineering,Sequential,1,46,6593
Single-cell modeling,Computer Vision,1,4,54472
Audio-Visual Active Speaker Detection,Sequential,1,25,6593
Robust Object Detection,Sequential,1,90,6593
Feedback Vertex Set (FVS),Computer Vision,1,4,54472
Epilepsy Prediction,General,1,4,114234
Virtual Staining,Natural Language Processing,1,42,40996
Chord Recognition,Natural Language Processing,1,21,40996
Goal-Oriented Dialog,Sequential,1,54,6593
3D Character Animation From A Single Photo,General,1,4,114234
3D Character Animation From A Single Photo,Sequential,1,4,6593
3D Character Animation From A Single Photo,Computer Vision,1,4,54472
Cross-Modality Person Re-identification,Computer Vision,1,26,54472
Long Form Question Answering,Sequential,1,60,6593
Horizon Line Estimation,General,1,7,114234
Horizon Line Estimation,Sequential,1,7,6593
Game of Football,Reinforcement Learning,1,9,6988
Image Manipulation,Sequential,1,426,6593
Image Manipulation Detection,Sequential,1,73,6593
Joint Entity and Relation Extraction,Graphs,1,85,12318
Veracity Classification,Sequential,1,19,6593
Dependency Grammar Induction,Computer Vision,1,20,54472
Unsupervised Dependency Parsing,Computer Vision,1,23,54472
Lemmatization,Graphs,1,350,12318
Morphological Inflection,Graphs,1,133,12318
Morphological Tagging,Graphs,1,93,12318
Arabic Sentiment Analysis,Computer Vision,1,42,54472
Image Paragraph Captioning,Sequential,1,17,6593
Video Object Tracking,Sequential,1,98,6593
Semantic Image Matting,Computer Vision,1,6,54472
Semantic Image Matting,General,1,6,114234
Non-Intrusive Load Monitoring,Audio,1,99,488
Sentence segmentation,Computer Vision,1,66,54472
Spinal Cord Gray Matter - Segmentation,General,1,2,114234
UNET Quantization,General,1,1,114234
Spinal Cord Gray Matter - Segmentation,Computer Vision,1,2,54472
UNET Quantization,Computer Vision,1,1,54472
Script Generation,Sequential,1,43,6593
Coronary Artery Segmentation,Graphs,1,22,12318
Collaborative Ranking,Natural Language Processing,1,25,40996
Semi-Supervised Person Re-Identification,General,1,5,114234
Medical Named Entity Recognition,Sequential,1,28,6593
Nested Mention Recognition,Natural Language Processing,1,11,40996
Hierarchical Text Classification of Blurbs (GermEval 2019),General,1,2,114234
Cantilever Beam,Sequential,1,25,6593
Poker Hand Classification,General,1,1,114234
Poker Hand Classification,Computer Vision,1,1,54472
Scene-Aware Dialogue,General,1,7,114234
Scene-Aware Dialogue,Sequential,1,7,6593
3D Medical Imaging Segmentation,Graphs,1,41,12318
Sentiment Analysis (Product + User),General,1,1,114234
Sentiment Analysis (Product + User),Sequential,1,1,6593
Answer Selection,Graphs,1,171,12318
Multimodal Deep Learning,Audio,1,211,488
Lung Nodule Segmentation,Sequential,1,30,6593
Skin Lesion Segmentation,Sequential,1,154,6593
Game of Football,Computer Vision,1,9,54472
Game of Football,Sequential,1,9,6593
Radar odometry,Computer Vision,1,9,54472
Lung Nodule Detection,Sequential,1,59,6593
Electron Microscopy Image Segmentation,Natural Language Processing,1,16,40996
class-incremental learning,Sequential,1,616,6593
ALS Detection,Computer Vision,1,2,54472
Mitosis Detection,Sequential,1,47,6593
Retinal Vessel Segmentation,Reinforcement Learning,1,139,6988
Robust Speech Recognition,Audio,1,96,488
RF-based Action Recognition,Computer Vision,1,4,54472
RF-based Pose Estimation,Computer Vision,1,16,54472
Image/Document Clustering,Computer Vision,1,8,54472
Self-Organized Clustering,Computer Vision,1,7,54472
Ensemble Pruning,Sequential,1,27,6593
Predicting Patient Outcomes,Sequential,1,21,6593
C++ code,Sequential,1,91,6593
Transparent Object Depth Estimation,General,1,4,114234
Transparent Object Detection,General,1,6,114234
Two-sample testing,Reinforcement Learning,1,336,6988
Large-Scale Person Re-Identification,General,1,13,114234
Large-Scale Person Re-Identification,Computer Vision,1,13,54472
Sleep Stage Detection,Computer Vision,1,34,54472
Partially Observable Reinforcement Learning,Sequential,1,18,6593
Instrument Playing Technique Detection,General,1,3,114234
Instrument Playing Technique Detection,Computer Vision,1,3,54472
Hyperspectral Unmixing,Graphs,1,113,12318
Single-Image Portrait Relighting,Computer Vision,1,7,54472
Grounded Situation Recognition,Graphs,1,15,12318
Situation Recognition,Graphs,1,12,12318
Generalization Bounds,Sequential,1,685,6593
PAC learning,Sequential,1,288,6593
Time Series Averaging,General,1,8,114234
Logical Fallacies,Sequential,1,34,6593
Hindi Image Captioning,Natural Language Processing,1,3,40996
Chinese Spell Checking,Computer Vision,1,16,54472
Chinese Named Entity Recognition,Graphs,1,73,12318
Literature Mining,Computer Vision,1,24,54472
Document Text Classification,Sequential,1,6,6593
multimodal interaction,Reinforcement Learning,1,106,6988
Dynamic graph embedding,Sequential,1,24,6593
Network Embedding,Sequential,1,402,6593
Unsupervised Opinion Summarization,General,1,9,114234
3D Multi-Person Human Pose Estimation,Computer Vision,1,8,54472
3D Multi-Person Human Pose Estimation,General,1,8,114234
Multimodal Sleep Stage Detection,Sequential,1,6,6593
Medical Relation Extraction,Graphs,1,15,12318
Semantic Role Labeling (predicted predicates),General,1,4,114234
Vietnamese Social Media Text Processing,General,1,9,114234
Transition-Based Dependency Parsing,Natural Language Processing,1,66,40996
Object Counting,Reinforcement Learning,1,157,6988
Word Sense Disambiguation,Reinforcement Learning,1,1032,6988
Chinese Semantic Role Labeling,General,1,10,114234
Chinese Semantic Role Labeling,Natural Language Processing,1,10,40996
Reflection Removal,Sequential,1,81,6593
Causal Language Modeling,Audio,1,51,488
Music Modeling,Audio,1,34,488
Game of Shogi,Computer Vision,1,2,54472
Natural Language Visual Grounding,Graphs,1,31,12318
Chemical-Protein Interaction Extraction,General,1,3,114234
Chemical-Protein Interaction Extraction,Natural Language Processing,1,3,40996
Driver Authentication,Computer Vision,1,2,54472
Short-Text Conversation,Computer Vision,1,22,54472
Single-View 3D Reconstruction,Sequential,1,96,6593
outlier ensembles,General,1,7,114234
Clinical Knowledge,Sequential,1,133,6593
Classify 3D Point Clouds,General,1,5,114234
Classify 3D Point Clouds,Graphs,1,5,12318
Biologically-plausible Training,Natural Language Processing,1,10,40996
Biologically-plausible Training,Sequential,1,10,6593
Pneumonia Detection,Sequential,1,63,6593
Survey,Audio,1,4076,488
Point Cloud Super Resolution,Graphs,1,16,12318
point cloud upsampling,Graphs,1,62,12318
Video Games,Computer Vision,1,1,54472
Point Cloud Registration,Sequential,1,444,6593
Ticket Search,General,1,1,114234
RGB-D Reconstruction,General,1,13,114234
Complimentary Image Retrieval,General,1,1,114234
Monocular 3D Human Pose Estimation,Sequential,1,101,6593
band gap classification,General,1,1,114234
band gap classification,Computer Vision,1,1,54472
band gap regression,Computer Vision,1,2,54472
Video-Adverb Retrieval,General,1,4,114234
Seizure prediction,Sequential,1,57,6593
Sleep apnea detection,Sequential,1,20,6593
Handwritten Chinese Text Recognition,Computer Vision,1,8,54472
DRS Parsing,Natural Language Processing,1,13,40996
Control with Prametrised Actions,Reinforcement Learning,1,2,6988
Control with Prametrised Actions,General,1,2,114234
Sketch Recognition,Graphs,1,39,12318
Audio Signal Recognition,General,1,3,114234
Audio Signal Recognition,Computer Vision,1,3,54472
Traffic Signal Control,Sequential,1,201,6593
Exception type,General,1,2,114234
Function-docstring mismatch,General,1,1,114234
Swapped operands,General,1,1,114234
Wrong binary operator,General,1,1,114234
Exception type,Natural Language Processing,1,2,40996
Function-docstring mismatch,Natural Language Processing,1,1,40996
Swapped operands,Natural Language Processing,1,1,40996
Wrong binary operator,Natural Language Processing,1,1,40996
Contextual Embedding for Source Code,Sequential,1,2,6593
Exception type,Sequential,1,2,6593
Function-docstring mismatch,Sequential,1,1,6593
Swapped operands,Sequential,1,1,6593
Variable misuse,Sequential,1,15,6593
Wrong binary operator,Sequential,1,1,6593
Semantic Contour Prediction,Computer Vision,1,2,54472
Style Generalization,Sequential,1,13,6593
Style Generalization,Natural Language Processing,1,13,40996
Fine-Grained Visual Recognition,Sequential,1,72,6593
Retinal Vessel Segmentation,Sequential,1,139,6593
Direct Transfer Person Re-identification,General,1,1,114234
Abnormal Event Detection In Video,Sequential,1,17,6593
Anomaly Detection In Surveillance Videos,Sequential,1,65,6593
Timbre Interpolation,Computer Vision,1,2,54472
Timbre Interpolation,General,1,2,114234
Passage Ranking,Sequential,1,73,6593
Dialogue Generation,Reinforcement Learning,1,594,6988
Fine-Grained Image Inpainting,General,1,1,114234
Fine-Grained Image Inpainting,Computer Vision,1,1,54472
Real-Time Visual Tracking,Sequential,1,22,6593
Medical question pair similarity computation,General,1,1,114234
Medical question pair similarity computation,Sequential,1,1,6593
Ancient Text Restoration,General,1,6,114234
Ancient Text Restoration,Natural Language Processing,1,6,40996
Automated Feature Engineering,Computer Vision,1,46,54472
Multiobjective Optimization,Sequential,1,155,6593
FQuAD,General,1,5,114234
FQuAD,Natural Language Processing,1,5,40996
Natural Language Transduction,General,1,2,114234
Knowledge Base Population,Graphs,1,138,12318
Provable Adversarial Defense,General,1,3,114234
Face to Face Translation,Computer Vision,1,6,54472
Unconstrained Lip-synchronization,Computer Vision,1,4,54472
Physical Attribute Prediction,Computer Vision,1,3,54472
Low-Dose X-Ray Ct Reconstruction,Computer Vision,1,11,54472
De-aliasing,Natural Language Processing,1,22,40996
Enumerative Search,General,1,7,114234
ALS Detection,General,1,2,114234
Known Unknowns,Computer Vision,1,15,54472
Bilevel Optimization,Sequential,1,422,6593
Second-order methods,Sequential,1,181,6593
Stroke Classification,Computer Vision,1,10,54472
Emotion Classification,Reinforcement Learning,1,453,6988
Breast Mass Segmentation In Whole Mammograms,General,1,2,114234
Breast Mass Segmentation In Whole Mammograms,Computer Vision,1,2,54472
input filtering,Sequential,1,12,6593
Conversation Disentanglement,Sequential,1,12,6593
3D Object Reconstruction From A Single Image,Computer Vision,1,17,54472
LAMBADA,Audio,1,30,488
Music Transcription,Audio,1,96,488
Persian Sentiment Analysis,Natural Language Processing,1,13,40996
Question Similarity,Reinforcement Learning,1,62,6988
dialog state tracking,Reinforcement Learning,1,107,6988
Organ Detection,Graphs,1,9,12318
Document Text Classification,Computer Vision,1,6,54472
Rice Grain Disease Detection,Computer Vision,1,1,54472
Rice Grain Disease Detection,General,1,1,114234
Sub-diagnostic,Computer Vision,1,1,54472
Super-diagnostic,Computer Vision,1,1,54472
Code Search,Sequential,1,124,6593
Morphological Inflection,Computer Vision,1,133,54472
drone-based object tracking,Computer Vision,1,4,54472
Event Segmentation,Sequential,1,23,6593
Asset Management,Sequential,1,87,6593
Muscle Tendon Junction Identification,General,1,1,114234
Muscle Tendon Junction Identification,Computer Vision,1,1,54472
English Conversational Speech Recognition,Natural Language Processing,1,5,40996
Dialogue Understanding,Computer Vision,1,77,54472
Bird View Synthesis,General,1,4,114234
Bird View Synthesis,Computer Vision,1,4,54472
L2 Regularization,Reinforcement Learning,1,127,6988
Manufacturing Quality Control,General,1,7,114234
Model-based Reinforcement Learning,Sequential,1,707,6593
Sequential sentence segmentation,Sequential,1,2,6593
Edge Detection,Reinforcement Learning,1,488,6988
Efficient Neural Network,Sequential,1,223,6593
Partial Domain Adaptation,Graphs,1,56,12318
Weather Forecasting,Reinforcement Learning,1,418,6988
Univariate Time Series Forecasting,Graphs,1,36,12318
Robust Object Detection,Graphs,1,90,12318
Discourse Segmentation,Natural Language Processing,1,37,40996
Dialect Identification,Reinforcement Learning,1,189,6988
Multi-future Trajectory Prediction,Graphs,1,10,12318
Counterfactual Detection,Natural Language Processing,1,8,40996
Multilingual Machine Comprehension in English Hindi,General,1,1,114234
Multilingual Machine Comprehension in English Hindi,Natural Language Processing,1,1,40996
Face Clustering,Sequential,1,62,6593
Multi Future Trajectory Prediction,General,1,8,114234
test driven development,Computer Vision,1,24,54472
EMG Gesture Recognition,General,1,8,114234
EMG Gesture Recognition,Computer Vision,1,8,54472
Speech Dereverberation,Audio,1,49,488
Privacy Preserving Deep Learning,Graphs,1,59,12318
Image-to-Image Regression,Sequential,1,22,6593
Motion Segmentation,Reinforcement Learning,1,212,6988
Video Recognition,Reinforcement Learning,1,306,6988
Video Emotion Recognition,Graphs,1,29,12318
Multi-Modal Document Classification,General,1,4,114234
Multi-Modal Document Classification,Computer Vision,1,4,54472
Multi-Modal Document Classification,Natural Language Processing,1,4,40996
Privacy Preserving,Audio,1,2970,488
Micro Expression Recognition,Sequential,1,72,6593
Micro-Expression Recognition,Sequential,1,74,6593
Noun Phrase Canonicalization,Graphs,1,3,12318
3D Pedestrian Tracking,Computer Vision,1,4,54472
Image Retrieval with Multi-Modal Query,Computer Vision,1,10,54472
Melanoma Diagnosis,Sequential,1,26,6593
Native Language Identification,Sequential,1,83,6593
Chinese Spam Detection,Computer Vision,1,2,54472
Fine-Grained Opinion Analysis,Graphs,1,19,12318
Multi-modal Named Entity Recognition,Sequential,1,9,6593
Hypergraph representations,Computer Vision,1,11,54472
Zero-Shot Audio Retrieval,General,1,3,114234
Zero-Shot Audio Retrieval,Natural Language Processing,1,3,40996
3D Rotation Estimation,General,1,5,114234
Cell Entity Annotation,Natural Language Processing,1,13,40996
Human-Object Interaction Detection,Sequential,1,445,6593
Handwritten Digit Recognition,Reinforcement Learning,1,107,6988
Semantic Part Detection,Computer Vision,1,11,54472
Node Clustering,Sequential,1,130,6593
Single-Image Blind Deblurring,General,1,7,114234
EEG Left/Right hand,Computer Vision,1,4,54472
Sketch,General,1,1,114234
Multi-Oriented Scene Text Detection,Computer Vision,1,6,54472
Bladder Segmentation,Computer Vision,1,4,54472
Demoire,Computer Vision,1,4,54472
Twitter Event Detection,General,1,4,114234
Twitter Event Detection,Natural Language Processing,1,4,40996
Developmental Learning,Reinforcement Learning,1,13,6988
Drone Controller,Reinforcement Learning,1,8,6988
Abstract Argumentation,Graphs,1,131,12318
software testing,Reinforcement Learning,1,134,6988
Speech Dereverberation,Natural Language Processing,1,49,40996
Diabetic Foot Ulcer Detection,Computer Vision,1,3,54472
Diabetic Foot Ulcer Detection,General,1,3,114234
Remaining Length of Stay,General,1,3,114234
Predicting Patient Outcomes,Natural Language Processing,1,21,40996
Remaining Length of Stay,Natural Language Processing,1,3,40996
Remaining Length of Stay,Computer Vision,1,3,54472
Pose Prediction,Sequential,1,163,6593
Point cloud reconstruction,Sequential,1,99,6593
Pupil Dilation,Computer Vision,1,17,54472
Vector Graphics Animation,General,1,1,114234
Vector Graphics Animation,Natural Language Processing,1,1,40996
CBC TEST,Computer Vision,1,4,54472
Single-step retrosynthesis,Computer Vision,1,34,54472
Variable Detection,General,1,10,114234
Face Model,Audio,1,211,488
Self-Supervised Human Action Recognition,Sequential,1,8,6593
Self-supervised Skeleton-based Action Recognition,Sequential,1,29,6593
Image Dehazing,Sequential,1,294,6593
Single Image Dehazing,Sequential,1,130,6593
Temporal Action Proposal Generation,Graphs,1,32,12318
Unsupervised 3D Multi-Person Pose Estimation,Computer Vision,1,1,54472
scoring rule,Audio,1,90,488
Facies Classification,Computer Vision,1,6,54472
Preference Mapping,General,1,11,114234
Immune Repertoire Classification,General,1,3,114234
Immune Repertoire Classification,Computer Vision,1,3,54472
Immune Repertoire Classification,Natural Language Processing,1,3,40996
Explainable Recommendation,Sequential,1,94,6593
NMR J-coupling,General,1,1,114234
NMR J-coupling,Natural Language Processing,1,1,40996
NMR J-coupling,Graphs,1,1,12318
Line Segment Detection,Graphs,1,37,12318
Graph Clustering,Reinforcement Learning,1,389,6988
Human-Object-interaction motion tracking,Computer Vision,1,1,54472
Propaganda technique identification,General,1,1,114234
Propaganda technique identification,Natural Language Processing,1,1,40996
Machine Reading Comprehension,Audio,1,541,488
Reading Comprehension,Audio,1,1732,488
Supervised Defect Detection,General,1,8,114234
Multi-target regression,Computer Vision,1,35,54472
High School Mathematics,Computer Vision,1,4,54472
automatic short answer grading,Sequential,1,27,6593
Video Propagation,General,1,7,114234
Sign Language Recognition,Reinforcement Learning,1,297,6988
Image Comprehension,Graphs,1,49,12318
Structural Node Embedding,Graphs,1,3,12318
Structural Node Embedding,General,1,3,114234
Summarization,Natural Language Processing,1,8,40996
Abstractive Dialogue Summarization,Computer Vision,1,34,54472
dialogue summary,Computer Vision,1,12,54472
Information Plane,Computer Vision,1,30,54472
End-To-End Dialogue Modelling,Sequential,1,10,6593
Dataset Distillation,Sequential,1,216,6593
CAPTCHA Detection,General,1,3,114234
CAPTCHA Detection,Sequential,1,3,6593
Extract Aspect,Computer Vision,1,23,54472
Multi Class Text Classification,Graphs,1,19,12318
Few-Shot Object Detection,Sequential,1,179,6593
Safe Exploration,Sequential,1,135,6593
Twitter Sentiment Analysis,Reinforcement Learning,1,94,6988
Unsupervised Spatial Clustering,Reinforcement Learning,1,10,6988
Unsupervised Spatial Clustering,Natural Language Processing,1,10,40996
Vietnamese Datasets,General,1,16,114234
Extracting COVID-19 Events from Twitter,General,1,4,114234
Extracting COVID-19 Events from Twitter,Natural Language Processing,1,4,40996
Dynamic Time Warping,Reinforcement Learning,1,433,6988
Exponential degradation,General,1,5,114234
Isomorphism Testing,Computer Vision,1,14,54472
Ultrasound,General,1,1,114234
Ultrasound,Computer Vision,1,1,54472
QNLI,Computer Vision,1,19,54472
Smile Recognition,Computer Vision,1,5,54472
Smile Recognition,General,1,5,114234
Smile Recognition,Sequential,1,5,6593
Image Similarity Search,Sequential,1,18,6593
Commonsense Reasoning for RL,General,1,1,114234
Commonsense Reasoning for RL,Sequential,1,1,6593
text-based games,Sequential,1,74,6593
Commonsense Reasoning for RL,Graphs,1,1,12318
text-based games,Graphs,1,74,12318
Aspect-Sentiment-Opinion Triplet Extraction,General,1,3,114234
Aspect-Sentiment-Opinion Triplet Extraction,Sequential,1,3,6593
Aspect-Sentiment-Opinion Triplet Extraction,Natural Language Processing,1,3,40996
Persuasiveness,Sequential,1,96,6593
General Classification Selection,General,1,2,114234
AMR-to-Text Generation,Graphs,1,35,12318
AMR-to-Text Generation,Computer Vision,1,35,54472
Code Comment Generation,Sequential,1,10,6593
Gravitational Wave Detection,Reinforcement Learning,1,20,6988
Aspect Extraction,Reinforcement Learning,1,92,6988
Semantic Dependency Parsing,Reinforcement Learning,1,49,6988
Knowledge Graph Embeddings,Sequential,1,269,6593
Radiologist Binary Classification,General,1,1,114234
Radiologist Binary Classification,Computer Vision,1,1,54472
Text-Independent Speaker Recognition,Sequential,1,21,6593
CCG Supertagging,Graphs,1,24,12318
SSVEP,Graphs,1,51,12318
Matrix Factorization / Decomposition,Natural Language Processing,1,16,40996
Multimodal Abstractive Text Summarization,General,1,2,114234
Multimodal Abstractive Text Summarization,Sequential,1,2,6593
Paraphrase Identification within Bi-Encoder,Natural Language Processing,1,1,40996
Semantic Textual Similarity within Bi-Encoder,Natural Language Processing,1,1,40996
Paraphrase Identification within Bi-Encoder,General,1,1,114234
Semantic Textual Similarity within Bi-Encoder,General,1,1,114234
Face Alignment,Sequential,1,306,6593
Speaker Identification,Graphs,1,247,12318
Spoken Command Recognition,Graphs,1,10,12318
Speaker Identification,Audio,1,247,488
Spoken Command Recognition,Audio,1,10,488
Grapheme-to-Phoneme Conversion,Computer Vision,1,61,54472
Audio Fingerprint,Graphs,1,4,12318
Audio Fingerprint,Computer Vision,1,4,54472
OrangeSum,General,1,1,114234
OrangeSum,Natural Language Processing,1,1,40996
FLUE,Sequential,1,17,6593
OrangeSum,Sequential,1,1,6593
Deep Reinforcement Learning,Audio,1,5808,488
Multi-Hypotheses 3D Human Pose Estimation,Graphs,1,16,12318
Multi-domain Dialogue State Tracking,Reinforcement Learning,1,49,6988
Keyphrase Extraction,Sequential,1,150,6593
Acoustic echo cancellation,Sequential,1,69,6593
Surgical Gesture Recognition,Sequential,1,14,6593
Spectral Reconstruction,Sequential,1,72,6593
Spectral Reconstruction,Audio,1,72,488
Hyperspectral Image Classification,Reinforcement Learning,1,286,6988
MORPH,Reinforcement Learning,1,206,6988
3D Place Recognition,Graphs,1,27,12318
Point Cloud Retrieval,Graphs,1,18,12318
Extractive Tags Summarization,General,1,1,114234
Extractive Tags Summarization,Natural Language Processing,1,1,40996
Extractive Tags Summarization,Computer Vision,1,1,54472
Atrial Fibrillation Detection,Sequential,1,43,6593
Hurricane Forecasting,General,1,3,114234
Tropical Cyclone Track Forecasting,General,1,3,114234
Hurricane Forecasting,Natural Language Processing,1,3,40996
Tropical Cyclone Intensity Forecasting,Natural Language Processing,1,5,40996
Tropical Cyclone Track Forecasting,Natural Language Processing,1,3,40996
Hurricane Forecasting,Sequential,1,3,6593
Tropical Cyclone Intensity Forecasting,Sequential,1,5,6593
Tropical Cyclone Track Forecasting,Sequential,1,3,6593
Variable Detection,Computer Vision,1,10,54472
Protein Folding Quality Prediction,Graphs,1,1,12318
Protein Fold Quality Estimation,Graphs,1,1,12318
Morphology classification,Natural Language Processing,1,30,40996
ICU Admission,Sequential,1,43,6593
outlier ensembles,Sequential,1,7,6593
Spectral Super-Resolution,Computer Vision,1,18,54472
Profile Generation,Reinforcement Learning,1,17,6988
Keyword Extraction,Reinforcement Learning,1,172,6988
Model Compression,Audio,1,1350,488
backdoor defense,Sequential,1,130,6593
3D Shape Representation,Sequential,1,91,6593
Aerial Video Semantic Segmentation,General,1,1,114234
Aerial Video Semantic Segmentation,Computer Vision,1,1,54472
Aerial Video Semantic Segmentation,Sequential,1,1,6593
Trajectory Clustering,Sequential,1,37,6593
Color Image Denoising,Graphs,1,51,12318
Capacity Estimation,Sequential,1,33,6593
Filling Level Estimation,Sequential,1,1,6593
Filling Mass Estimation,Sequential,1,1,6593
Filling Type Estimation,Sequential,1,1,6593
Filling Level Estimation,General,1,1,114234
Filling Mass Estimation,General,1,1,114234
Filling Type Estimation,General,1,1,114234
Injury Prediction,Computer Vision,1,11,54472
Intelligent Communication,Reinforcement Learning,1,29,6988
Capacity Estimation,Computer Vision,1,33,54472
Hint Generation,Computer Vision,1,12,54472
Physiological Computing,Natural Language Processing,1,12,40996
Lip password classification,General,1,1,114234
Lip password classification,Sequential,1,1,6593
Lip password classification,Computer Vision,1,1,54472
Protein Secondary Structure Prediction,Sequential,1,26,6593
Speech Language Identification,Computer Vision,1,6,54472
point cloud upsampling,Audio,1,62,488
Semi-supervised Domain Adaptation,Reinforcement Learning,1,133,6988
Seismic Interpretation,Computer Vision,1,20,54472
Clinical Assertion Status Detection,Natural Language Processing,1,1,40996
Clinical Assertion Status Detection,General,1,1,114234
Clinical Assertion Status Detection,Sequential,1,1,6593
News Annotation,Graphs,1,6,12318
News Annotation,Computer Vision,1,6,54472
One-shot visual object segmentation,Graphs,1,41,12318
Citation Prediction,Computer Vision,1,22,54472
Pose Transfer,Sequential,1,93,6593
Text-Independent Speaker Verification,Graphs,1,70,12318
Temporal View Synthesis,Computer Vision,1,3,54472
Hypernym Discovery,Natural Language Processing,1,33,40996
Probabilistic Programming,Sequential,1,273,6593
Dense contact estimation,Computer Vision,1,4,54472
Handwritten Text Recognition,Graphs,1,139,12318
Skill Mastery,Sequential,1,8,6593
Recognizing Emotion Cause in Conversations,General,1,3,114234
Recognizing Emotion Cause in Conversations,Natural Language Processing,1,3,40996
Causal Emotion Entailment,Computer Vision,1,12,54472
Emotion Cause Extraction,Computer Vision,1,27,54472
3D Absolute Human Pose Estimation,Graphs,1,13,12318
Multimodal Text and Image Classification,Natural Language Processing,1,7,40996
Ad-Hoc Information Retrieval,Sequential,1,41,6593
Open-Domain Dialog,Graphs,1,57,12318
Dialogue Rewriting,General,1,7,114234
Dialogue Rewriting,Natural Language Processing,1,7,40996
Dialogue Rewriting,Reinforcement Learning,1,7,6988
Keyword Spotting CSS,General,1,1,114234
Keyword Spotting CSS,Computer Vision,1,1,54472
Video Forecasting,Natural Language Processing,1,8,40996
Cross-corpus,Reinforcement Learning,1,81,6988
Text Infilling,Sequential,1,42,6593
Cross-Document Language Modeling,General,1,1,114234
Entity Cross-Document Coreference Resolution,General,1,4,114234
Event Cross-Document Coreference Resolution,General,1,9,114234
Cross-Document Language Modeling,Natural Language Processing,1,1,40996
Entity Cross-Document Coreference Resolution,Natural Language Processing,1,4,40996
Event Cross-Document Coreference Resolution,Natural Language Processing,1,9,40996
Popularity Forecasting,Sequential,1,5,6593
Density Ratio Estimation,Graphs,1,92,12318
Cervical cancer biopsy identification,General,1,1,114234
Camera Calibration,Sequential,1,342,6593
Binary Relation Extraction,Graphs,1,9,12318
Homography Estimation,Graphs,1,134,12318
Ordinal Classification,Natural Language Processing,1,72,40996
Quantum Chemistry Regression,Graphs,1,4,12318
Semantic Text Matching,Natural Language Processing,1,11,40996
Class-agnostic Object Detection,Graphs,1,9,12318
Fine-grained Action Recognition,Graphs,1,38,12318
Twitter Event Detection,Graphs,1,4,12318
Group Activity Recognition,Reinforcement Learning,1,65,6988
Multiview Gait Recognition,Graphs,1,13,12318
Medical Codes Prediction,Computer Vision,1,3,54472
Inference Attack,Sequential,1,283,6593
Membership Inference Attack,Sequential,1,186,6593
Seismic source localization,Graphs,1,1,12318
Lung Disease Classification,Sequential,1,24,6593
Lung Sound Classification,Sequential,1,15,6593
blind source separation,Audio,1,211,488
Text Style Transfer,Graphs,1,179,12318
Clickbait Detection,Natural Language Processing,1,31,40996
Video Stabilization,Sequential,1,62,6593
Pupil Detection,Natural Language Processing,1,15,40996
Pupil Detection,General,1,15,114234
Face Age Editing,General,1,8,114234
3D Multi-Object Tracking,Sequential,1,101,6593
EMG Signal Prediction,General,1,2,114234
EMG Signal Prediction,Computer Vision,1,2,54472
EMG Signal Prediction,Sequential,1,2,6593
Image Classification with Human Noise,Reinforcement Learning,1,1,6988
Image Classification with Label Noise,Reinforcement Learning,1,10,6988
Zero-shot Audio Classification,Natural Language Processing,1,17,40996
Object Detection in Artwork,General,1,2,114234
Object Detection in Artwork,Computer Vision,1,2,54472
Log Parsing,Sequential,1,29,6593
Pain Intensity Regression,General,1,5,114234
Pain Intensity Regression,Computer Vision,1,5,54472
Molecular Property Prediction (1-shot)),Graphs,1,1,12318
multidimensional harmonic retrieval,Computer Vision,1,4,54472
Hope Speech Detection,Sequential,1,47,6593
3D Feature Matching,Graphs,1,19,12318
Environment Sound Classification,Graphs,1,5,12318
Compressed Image Super-resolution,Reinforcement Learning,1,8,6988
Sequential Place Learning,General,1,4,114234
Sequential Place Recognition,General,1,6,114234
Sequential Place Learning,Sequential,1,4,6593
Sequential Place Recognition,Sequential,1,6,6593
Visual Localization,Sequential,1,401,6593
Stance Detection,Reinforcement Learning,1,340,6988
Car Pose Estimation,Computer Vision,1,6,54472
STS Benchmark,Sequential,1,16,6593
Interactive Video Object Segmentation,Graphs,1,16,12318
road scene understanding,Graphs,1,20,12318
Weakly-Supervised Object Localization,Sequential,1,140,6593
Multi-Label Classification Of Biomedical Texts,Natural Language Processing,1,6,40996
Task and Motion Planning,Reinforcement Learning,1,86,6988
Cross-Domain Few-Shot Object Detection,Graphs,1,17,12318
Face Quality Assessement,Computer Vision,1,4,54472
3D human pose and shape estimation,Graphs,1,50,12318
Cross-Lingual NER,Sequential,1,41,6593
Disjoint 10-1,Graphs,1,7,12318
Disjoint 15-1,Graphs,1,8,12318
Disjoint 15-5,Graphs,1,8,12318
Overlapped 10-1,Graphs,1,11,12318
Overlapped 15-1,Graphs,1,10,12318
Overlapped 15-5,Graphs,1,10,12318
Math Word Problem SolvingΩ,Sequential,1,1,6593
6D Pose Estimation using RGBD,Graphs,1,30,12318
Semantic Object Interaction Classification,General,1,2,114234
Semantic Object Interaction Classification,Computer Vision,1,2,54472
Sentence segmentation,Graphs,1,66,12318
Optic Cup Detection,Computer Vision,1,1,54472
Optic Cup Detection,General,1,1,114234
Music Compression,General,1,4,114234
Music Compression,Computer Vision,1,4,54472
News Classification,Graphs,1,71,12318
Crop Classification,Graphs,1,48,12318
Generalized Zero-Shot Learning,Reinforcement Learning,1,159,6988
Anchor link prediction,General,1,5,114234
Anchor link prediction,Computer Vision,1,5,54472
Brain Morphometry,Computer Vision,1,9,54472
Layout-to-Image Generation,Graphs,1,41,12318
Multimodal Patch Matching,General,1,2,114234
Multimodal Patch Matching,Natural Language Processing,1,2,40996
Point Tracking,Reinforcement Learning,1,151,6988
Semantic Role Labeling,Reinforcement Learning,1,615,6988
Real-time Instance Segmentation,Graphs,1,29,12318
Transparent Object Detection,Computer Vision,1,6,54472
Gender Prediction,Reinforcement Learning,1,66,6988
Myocardial infarction detection,Computer Vision,1,15,54472
Humanitarian,Reinforcement Learning,1,185,6988
2D Semantic Segmentation task 1 (8 classes),General,1,8,114234
2D Semantic Segmentation task 2 (17 classes),General,1,3,114234
Weakly Supervised Action Localization,Graphs,1,55,12318
Action Localization,Audio,1,368,488
Temporal Action Localization,Audio,1,1473,488
Weakly-supervised Temporal Action Localization,Audio,1,76,488
Adversarial Robustness,Audio,1,1739,488
Room Impulse Response (RIR),Graphs,1,52,12318
Partially View-aligned Multi-view Learning,Graphs,1,1,12318
Unbiased Scene Graph Generation,Graphs,1,30,12318
Image Matching,General,1,18,114234
Image Matching,Natural Language Processing,1,18,40996
Cross-Modality Person Re-identification,Reinforcement Learning,1,26,6988
B-Rep face segmentation,Computer Vision,1,1,54472
Code Documentation Generation,Sequential,1,8,6593
Co-Salient Object Detection,Graphs,1,44,12318
Facial Makeup Transfer,Computer Vision,1,8,54472
EM showers clusterization,Graphs,1,1,12318
Deep Clustering,Sequential,1,307,6593
Entity Disambiguation,Graphs,1,155,12318
API Sequence Recommendation,General,1,1,114234
Git Commit Message Generation,General,1,1,114234
API Sequence Recommendation,Natural Language Processing,1,1,40996
Code Comment Generation,Natural Language Processing,1,10,40996
Git Commit Message Generation,Natural Language Processing,1,1,40996
Target Speaker Extraction,Sequential,1,55,6593
Superpixel Image Classification,General,1,7,114234
Superpixel Image Classification,Natural Language Processing,1,7,40996
VGSI,General,1,1,114234
MedQA,Graphs,1,80,12318
Riddle Sense,Graphs,1,5,12318
Weakly-Supervised Named Entity Recognition,Graphs,1,7,12318
Infinite Image Generation,General,1,2,114234
Zero-Shot Instance Segmentation,Graphs,1,13,12318
Lexical Complexity Prediction,Graphs,1,43,12318
Unsupervised Object Segmentation,Natural Language Processing,1,39,40996
Trademark Retrieval,Computer Vision,1,4,54472
Cross-device ASR,General,1,1,114234
Cross-environment ASR,General,1,2,114234
Cross-device ASR,Natural Language Processing,1,1,40996
Cross-environment ASR,Natural Language Processing,1,2,40996
Cross-Lingual Semantic Textual Similarity,General,1,10,114234
Cross-Lingual Semantic Textual Similarity,Graphs,1,10,12318
Cross-Lingual Semantic Textual Similarity,Natural Language Processing,1,10,40996
Self-Supervised Person Re-Identification,Graphs,1,4,12318
Conversation Summarization,Sequential,1,31,6593
Bridging Anaphora Resolution,General,1,9,114234
Unsupervised Image Segmentation,Natural Language Processing,1,61,40996
Hope Speech Detection for English,General,1,2,114234
Hope Speech Detection for Malayalam,General,1,2,114234
Hope Speech Detection for Tamil,General,1,4,114234
Hope Speech Detection for English,Natural Language Processing,1,2,40996
Hope Speech Detection for Malayalam,Natural Language Processing,1,2,40996
Hope Speech Detection for Tamil,Natural Language Processing,1,4,40996
Image to sketch recognition,Graphs,1,7,12318
Face Clustering,Natural Language Processing,1,62,40996
Generalized Referring Expression Comprehension,Computer Vision,1,7,54472
Referring Image Matting (Expression-based),Computer Vision,1,3,54472
Referring Image Matting (Keyword-based),Computer Vision,1,3,54472
Referring Image Matting (RefMatte-RW100),Computer Vision,1,3,54472
Generalized Referring Expression Comprehension,Natural Language Processing,1,7,40996
Referring Image Matting (Expression-based),Natural Language Processing,1,3,40996
Referring Image Matting (Keyword-based),Natural Language Processing,1,3,40996
Referring Image Matting (RefMatte-RW100),Natural Language Processing,1,3,40996
Cloze (multi-choices) (Few-Shot),General,1,1,114234
Cloze (multi-choices) (One-Shot),General,1,1,114234
Cloze (multi-choices) (Zero-Shot),General,1,1,114234
Common Sense Reasoning (Few-Shot),General,1,1,114234
Common Sense Reasoning (One-Shot),General,1,1,114234
Common Sense Reasoning (Zero-Shot),General,1,2,114234
Natural Language Inference (Few-Shot),General,1,1,114234
Natural Language Inference (One-Shot),General,1,1,114234
Reading Comprehension (Few-Shot),General,1,1,114234
Reading Comprehension (One-Shot),General,1,1,114234
Reading Comprehension (Zero-Shot),General,1,1,114234
Cloze (multi-choices) (Few-Shot),Natural Language Processing,1,1,40996
Cloze (multi-choices) (One-Shot),Natural Language Processing,1,1,40996
Cloze (multi-choices) (Zero-Shot),Natural Language Processing,1,1,40996
Common Sense Reasoning (Few-Shot),Natural Language Processing,1,1,40996
Common Sense Reasoning (One-Shot),Natural Language Processing,1,1,40996
Natural Language Inference (Few-Shot),Natural Language Processing,1,1,40996
Natural Language Inference (One-Shot),Natural Language Processing,1,1,40996
Reading Comprehension (Few-Shot),Natural Language Processing,1,1,40996
Reading Comprehension (One-Shot),Natural Language Processing,1,1,40996
Reading Comprehension (Zero-Shot),Natural Language Processing,1,1,40996
Complaint Comment Classification,Reinforcement Learning,1,1,6988
Constructive Comment Classification,Reinforcement Learning,1,2,6988
Toxic Comment Classification,Reinforcement Learning,1,28,6988
Vietnamese Datasets,Reinforcement Learning,1,16,6988
Analog Video Restoration,General,1,7,114234
3D Human Shape Estimation,Graphs,1,33,12318
Single-object discovery,Natural Language Processing,1,10,40996
Relevance Detection,Computer Vision,1,14,54472
Few-Shot Video Object Detection,General,1,2,114234
Conversational Recommendation,Graphs,1,136,12318
English Conversational Speech Recognition,Sequential,1,5,6593
Model Discovery,Computer Vision,1,87,54472
Table Search,Graphs,1,15,12318
Extractive Summarization,Reinforcement Learning,1,311,6988
Sleep apnea detection,Graphs,1,20,12318
Image Paragraph Captioning,Natural Language Processing,1,17,40996
Conversational Search,Reinforcement Learning,1,154,6988
Drug Design,Sequential,1,440,6593
Protein-Ligand Affinity Prediction,Computer Vision,1,8,54472
Viewpoint Estimation,Graphs,1,41,12318
AudioCaps,Sequential,1,64,6593
Cross-Domain Named Entity Recognition,Graphs,1,18,12318
input filtering,Reinforcement Learning,1,12,6988
Im2Spec,General,1,1,114234
Materials Imaging,General,1,3,114234
Im2Spec,Computer Vision,1,1,54472
Materials Imaging,Computer Vision,1,3,54472
Low Resource NMT,Computer Vision,1,33,54472
Image to 3D,Graphs,1,161,12318
Grammatical Error Detection,Graphs,1,100,12318
Constrained Clustering,Audio,1,72,488
Low-latency processing,Audio,1,21,488
End-to-End RST Parsing,General,1,3,114234
End-to-End RST Parsing,Sequential,1,3,6593
Croatian Text Diacritization,General,1,2,114234
Czech Text Diacritization,General,1,2,114234
French Text Diacritization,General,1,2,114234
Hungarian Text Diacritization,General,1,2,114234
Irish Text Diacritization,General,1,2,114234
Latvian Text Diacritization,General,1,2,114234
Polish Text Diacritization,General,1,2,114234
Romanian Text Diacritization,General,1,2,114234
Slovak Text Diacritization,General,1,2,114234
Spanish Text Diacritization,General,1,2,114234
Turkish Text Diacritization,General,1,2,114234
Vietnamese Text Diacritization,General,1,2,114234
Croatian Text Diacritization,Natural Language Processing,1,2,40996
Czech Text Diacritization,Natural Language Processing,1,2,40996
French Text Diacritization,Natural Language Processing,1,2,40996
Hungarian Text Diacritization,Natural Language Processing,1,2,40996
Irish Text Diacritization,Natural Language Processing,1,2,40996
Latvian Text Diacritization,Natural Language Processing,1,2,40996
Polish Text Diacritization,Natural Language Processing,1,2,40996
Romanian Text Diacritization,Natural Language Processing,1,2,40996
Slovak Text Diacritization,Natural Language Processing,1,2,40996
Spanish Text Diacritization,Natural Language Processing,1,2,40996
Turkish Text Diacritization,Natural Language Processing,1,2,40996
Vietnamese Text Diacritization,Natural Language Processing,1,2,40996
Disparity Estimation,Reinforcement Learning,1,162,6988
Science Question Answering,Computer Vision,1,23,54472
Extreme Summarization,Sequential,1,21,6593
Text-Based Stock Prediction,General,1,4,114234
Text-Based Stock Prediction,Natural Language Processing,1,4,40996
Touch detection,General,1,2,114234
Stance Detection (US Election 2020 - Biden),Natural Language Processing,1,1,40996
Stance Detection (US Election 2020 - Trump),Natural Language Processing,1,1,40996
3D Classification,Sequential,1,79,6593
Alzheimer's Disease Detection,Sequential,1,61,6593
Predicate Detection,Natural Language Processing,1,11,40996
Vietnamese Aspect-Based Sentiment Analysis,Natural Language Processing,1,3,40996
Occupation prediction,Sequential,1,7,6593
Insurance Prediction,Computer Vision,1,1,54472
Insurance Prediction,General,1,1,114234
Materials Screening,General,1,11,114234
Dota 2,Sequential,1,27,6593
One-shot visual object segmentation,Natural Language Processing,1,41,40996
Crime Prediction,Reinforcement Learning,1,47,6988
Unsupervised Instance Segmentation,Natural Language Processing,1,17,40996
Box-supervised Instance Segmentation,Graphs,1,19,12318
Color Constancy,Graphs,1,102,12318
Pseudo Label,Audio,1,953,488
Plan2Scene,Graphs,1,1,12318
Thoracic Disease Classification,Graphs,1,16,12318
Game of Poker,Computer Vision,1,8,54472
Game of Poker,General,1,8,114234
Game of Poker,Reinforcement Learning,1,8,6988
Game of Poker,Sequential,1,8,6593
Unsupervised semantic parsing,Computer Vision,1,4,54472
Few-Shot NLI,Natural Language Processing,1,8,40996
Few-Shot NLI,Reinforcement Learning,1,8,6988
Hurtful Sentence Completion,General,1,1,114234
Hurtful Sentence Completion,Natural Language Processing,1,1,40996
Table annotation,Graphs,1,31,12318
Majority Voting Classifier,Natural Language Processing,1,4,40996
Morphological Disambiguation,General,1,32,114234
Morphological Disambiguation,Sequential,1,32,6593
Reverse Dictionary,Graphs,1,35,12318
Vision-Language Navigation,Reinforcement Learning,1,80,6988
TFLM sequence generation,General,1,1,114234
TFLM sequence generation,Computer Vision,1,1,54472
Underwater Image Restoration,Sequential,1,38,6593
2D Pose Estimation,Audio,1,90,488
Image Restoration,Audio,1,1454,488
Underwater Image Restoration,Audio,1,38,488
Avg,Graphs,1,117,12318
MRI classification,Graphs,1,19,12318
Bidirectional Relationship Classification,Graphs,1,1,12318
Learning Semantic Representations,Sequential,1,38,6593
Initial Structure to Relaxed Energy (IS2RE),Computer Vision,1,4,54472
Demosaicking,Graphs,1,149,12318
Rotated MNIST,Graphs,1,40,12318
Self-supervised Video Retrieval,Computer Vision,1,10,54472
Self-supervised Video Retrieval,General,1,10,114234
Citation Recommendation,Sequential,1,55,6593
TREC 2019 Passage Ranking,General,1,1,114234
TREC 2019 Passage Ranking,Natural Language Processing,1,1,40996
Generic Event Boundary Detection,Graphs,1,20,12318
Moving Object Detection,Natural Language Processing,1,70,40996
de-en,Sequential,1,78,6593
Cloud Removal,Sequential,1,56,6593
Structual Feature Correlation,Graphs,1,1,12318
Zero-Shot Environment Sound Classification,Computer Vision,1,6,54472
document-image-classification,Graphs,1,32,12318
Document Image Classification,Graphs,1,50,12318
Patent classification,Graphs,1,36,12318
Landmark Recognition,Natural Language Processing,1,33,40996
Landmark Recognition,Graphs,1,33,12318
Text-Independent Speaker Verification,Audio,1,70,488
Accented Speech Recognition,Graphs,1,20,12318
3D Volumetric Reconstruction,General,1,10,114234
Human Body Volume Estimation,General,1,2,114234
3D Volumetric Reconstruction,Computer Vision,1,10,54472
Human Body Volume Estimation,Computer Vision,1,2,54472
3D Unsupervised Domain Adaptation,Natural Language Processing,1,4,40996
Melody Extraction,Natural Language Processing,1,16,40996
Key Detection,Audio,1,15,488
Learning Language specific models,General,1,1,114234
White Matter Fiber Tractography,Computer Vision,1,2,54472
Video Retrieval,Reinforcement Learning,1,485,6988
Social Cue Forecasting,General,1,1,114234
Human Behavior Forecasting,Graphs,1,4,12318
Social Cue Forecasting,Graphs,1,1,12318
Defocus Estimation,Computer Vision,1,8,54472
Defocus Estimation,General,1,8,114234
Email Thread Summarization,General,1,2,114234
Email Thread Summarization,Natural Language Processing,1,2,40996
Surface Normal Estimation,Graphs,1,95,12318
Traffic Data Imputation,Sequential,1,23,6593
3D Human Shape Estimation,Natural Language Processing,1,33,40996
Inference Optimization,Sequential,1,56,6593
Pancreas Segmentation,Graphs,1,60,12318
Image Attribution,Graphs,1,26,12318
3D Geometry Perception,Graphs,1,5,12318
Lung Nodule Classification,Graphs,1,35,12318
Video-to-image Affordance Grounding,Sequential,1,4,6593
Aspect Sentiment Triplet Extraction,Reinforcement Learning,1,52,6988
Spatial Interpolation,Reinforcement Learning,1,60,6988
Spatio-Temporal Forecasting,Reinforcement Learning,1,87,6988
Overlapped 19-1,Computer Vision,1,5,54472
3D Face Modelling,Reinforcement Learning,1,31,6988
Overlapped 19-1,Reinforcement Learning,1,5,6988
3D Object Detection From Stereo Images,Graphs,1,14,12318
Multi-label zero-shot learning,Natural Language Processing,1,27,40996
Semantic Text Matching,Graphs,1,11,12318
blind source separation,Reinforcement Learning,1,211,6988
Code Search,Reinforcement Learning,1,124,6988
Traffic Accident Detection,Sequential,1,8,6593
Low-light Pedestrian Detection,Computer Vision,1,2,54472
Thermal Infrared Pedestrian Detection,Computer Vision,1,1,54472
Low-light Pedestrian Detection,General,1,2,114234
Thermal Infrared Pedestrian Detection,General,1,1,114234
Automated Theorem Proving,Sequential,1,287,6593
Logical Sequence,Sequential,1,9,6593
Reading Order Detection,General,1,6,114234
Document Layout Analysis,Sequential,1,98,6593
Reading Order Detection,Sequential,1,6,6593
Image Retargeting,Graphs,1,26,12318
Joint Entity and Relation Extraction,Reinforcement Learning,1,85,6988
Hindi Image Captioning,Sequential,1,3,6593
Cantilever Beam,Graphs,1,25,12318
Emotion Classification,Audio,1,453,488
Sentiment Analysis,Audio,1,5588,488
Few-shot Age Estimation,General,1,2,114234
Authorship Verification,Graphs,1,67,12318
Approximating Betweenness-Centrality ranking,Graphs,1,2,12318
Graphon Estimation,Graphs,1,21,12318
"Classification of toxic, engaging, fact-claiming comments",General,1,1,114234
Engaging Comment Classification,General,1,2,114234
Fact-Claiming Comment Classification,General,1,3,114234
"Classification of toxic, engaging, fact-claiming comments",Natural Language Processing,1,1,40996
Engaging Comment Classification,Natural Language Processing,1,2,40996
Fact-Claiming Comment Classification,Natural Language Processing,1,3,40996
Seeing Beyond the Visible,Computer Vision,1,8,54472
Learning Semantic Representations,Reinforcement Learning,1,38,6988
Dialog Relation Extraction,Graphs,1,14,12318
4-ary Relation Extraction,Natural Language Processing,1,2,40996
Role-filler Entity Extraction,Natural Language Processing,1,2,40996
Relationship Detection,Sequential,1,86,6593
Visual Relationship Detection,Sequential,1,82,6593
Semantic Image Similarity,Computer Vision,1,2,54472
Novel Object Detection,Reinforcement Learning,1,53,6988
TriviaQA,Reinforcement Learning,1,121,6988
relation explanation,General,1,1,114234
relation explanation,Natural Language Processing,1,1,40996
Generalized Zero-Shot Object Detection,Graphs,1,10,12318
AMR Parsing,Graphs,1,113,12318
Toxic Spans Detection,Computer Vision,1,37,54472
Claim Verification,Reinforcement Learning,1,132,6988
Dynamic Reconstruction,Graphs,1,64,12318
Emotion-Cause Pair Extraction,Computer Vision,1,46,54472
Aspect Extraction,Graphs,1,92,12318
Toponym Recognition,General,1,11,114234
Toponym Recognition,Natural Language Processing,1,11,40996
AMR-to-Text Generation,Reinforcement Learning,1,35,6988
Aspect Category Detection,Sequential,1,31,6593
Aspect Category Polarity,Sequential,1,6,6593
Aspect Category Polarity,Computer Vision,1,6,54472
ContextNER,General,1,1,114234
Semi-Supervised Fashion Compatibility,General,1,2,114234
EEG based sleep staging,Graphs,1,10,12318
Context Aware Product Recommendation,General,1,2,114234
Unsupervised 3D Human Pose Estimation,Sequential,1,15,6593
Weakly-supervised 3D Human Pose Estimation,Sequential,1,29,6593
Contextualised Word Representations,Graphs,1,7,12318
Intent Classification and Slot Filling,Graphs,1,33,12318
New Product Sales Forecasting,Natural Language Processing,1,5,40996
Role Embedding,Natural Language Processing,1,6,40996
Next-basket recommendation,Graphs,1,18,12318
domain classification,Audio,1,159,488
Multimodal Activity Recognition,Graphs,1,30,12318
CW Attack Detection,Computer Vision,1,2,54472
Reliable Intelligence Identification,General,1,4,114234
Online Action Detection,Sequential,1,39,6593
Radar odometry,General,1,9,114234
Right Ventricle Segmentation,Graphs,1,5,12318
Dielectric Constant,General,1,17,114234
Temporal Tagging,General,1,14,114234
Word Alignment,Audio,1,545,488
Vietnamese Word Segmentation,General,1,11,114234
Table Functional Analysis,General,1,1,114234
Table Functional Analysis,Computer Vision,1,1,54472
Table Functional Analysis,Natural Language Processing,1,1,40996
Adroid door-cloned,Reinforcement Learning,1,1,6988
Adroid door-human,Reinforcement Learning,1,1,6988
Adroid hammer-cloned,Reinforcement Learning,1,1,6988
Adroid hammer-human,Reinforcement Learning,1,1,6988
Adroid pen-cloned,Reinforcement Learning,1,1,6988
Adroid pen-human,Reinforcement Learning,1,1,6988
Adroid relocate-cloned,Reinforcement Learning,1,1,6988
Adroid relocate-human,Reinforcement Learning,1,1,6988
Gym halfcheetah-expert,Reinforcement Learning,1,1,6988
Gym halfcheetah-full-replay,Reinforcement Learning,1,1,6988
Gym halfcheetah-medium,Reinforcement Learning,1,2,6988
Gym halfcheetah-medium-expert,Reinforcement Learning,1,2,6988
Gym halfcheetah-medium-replay,Reinforcement Learning,1,2,6988
Gym halfcheetah-random,Reinforcement Learning,1,2,6988
Face Transfer,Graphs,1,8,12318
Online unsupervised domain adaptation,Computer Vision,1,8,54472
Spelling Correction,Reinforcement Learning,1,192,6988
Flare Removal,Graphs,1,24,12318
Event-based Object Segmentation,Natural Language Processing,1,8,40996
Event-Based Video Reconstruction,Natural Language Processing,1,12,40996
Face Image Retrieval,Computer Vision,1,15,54472
Video Deblurring,Sequential,1,84,6593
Fine-Grained Opinion Analysis,Sequential,1,19,6593
Cancer-no cancer per breast classification,General,1,2,114234
Cancer-no cancer per breast classification,Computer Vision,1,2,54472
Video-to-Shop,General,1,3,114234
3D geometry,Sequential,1,682,6593
Action Parsing,General,1,14,114234
Action Parsing,Computer Vision,1,14,54472
Semi-Supervised Image Classification (Cold Start),General,1,1,114234
Spoken Command Recognition,Reinforcement Learning,1,10,6988
Lexical Normalization,Graphs,1,47,12318
Handwriting Recognition,Reinforcement Learning,1,171,6988
Handwritten Text Recognition,Reinforcement Learning,1,139,6988
HTR,Reinforcement Learning,1,84,6988
Linear evaluation,Reinforcement Learning,1,128,6988
Direction of Arrival Estimation,Computer Vision,1,94,54472
Constrained Clustering,Sequential,1,72,6593
COVID-19 Modelling,Computer Vision,1,3,54472
3D Building Mesh Labeling,Graphs,1,1,12318
Cross-lingual zero-shot dependency parsing,General,1,4,114234
Cloud Removal,Graphs,1,56,12318
Audio-Visual Active Speaker Detection,Natural Language Processing,1,25,40996
Behavioural cloning,Graphs,1,45,12318
Cross-Lingual Entity Linking,Natural Language Processing,1,21,40996
Cross-Lingual Entity Linking,General,1,21,114234
Lossy-Compression Artifact Reduction,General,1,3,114234
Time Series Streams,General,1,4,114234
Iris Segmentation,Natural Language Processing,1,37,40996
Video-Guided Machine Translation,General,1,7,114234
Text based Person Retrieval,Graphs,1,49,12318
Parameter Prediction,Graphs,1,51,12318
Webpage Object Detection,General,1,3,114234
Webpage Object Detection,Computer Vision,1,3,54472
Domain-IL Continual Learning,Computer Vision,1,1,54472
Domain-IL Continual Learning,General,1,1,114234
Domain-IL Continual Learning,Sequential,1,1,6593
Split-CIFAR-10,Sequential,1,10,6593
Split-MNIST,Sequential,1,28,6593
Domain-IL Continual Learning,Natural Language Processing,1,1,40996
Domain-IL Continual Learning,Reinforcement Learning,1,1,6988
Permuted-MNIST,Reinforcement Learning,1,37,6988
Split-CIFAR-10,Reinforcement Learning,1,10,6988
Split-MNIST,Reinforcement Learning,1,28,6988
Out of Distribution (OOD) Detection,Sequential,1,627,6593
tensor algebra,Graphs,1,41,12318
Set-to-Graph Prediction,General,1,1,114234
Hyperedge Prediction,Natural Language Processing,1,20,40996
Set-to-Graph Prediction,Natural Language Processing,1,1,40996
Humanitarian,Graphs,1,185,12318
Review Generation,Graphs,1,51,12318
Scene Labeling,Graphs,1,45,12318
Noisy Speech Recognition,Graphs,1,13,12318
Gender Bias Detection,Natural Language Processing,1,17,40996
Cross-Domain Iris Presentation Attack Detection,Computer Vision,1,4,54472
Galaxy emergent property recreation,Computer Vision,1,1,54472
Video Salient Object Detection,Graphs,1,48,12318
Sensitivity Classification,Graphs,1,2,12318
coreference-resolution,Reinforcement Learning,1,584,6988
Coreference Resolution,Reinforcement Learning,1,869,6988
Intent Discovery,Reinforcement Learning,1,42,6988
Facial Emotion Recognition,Sequential,1,81,6593
Face Presentation Attack Detection,Sequential,1,70,6593
JPEG Decompression,Computer Vision,1,1,54472
Uncropping,Computer Vision,1,2,54472
Video Polyp Segmentation,Graphs,1,25,12318
Hand Detection,Sequential,1,62,6593
Meter Reading,Reinforcement Learning,1,9,6988
Abnormal Event Detection In Video,Graphs,1,17,12318
Weakly Supervised Defect Detection,Computer Vision,1,5,54472
Chinese Word Segmentation,Audio,1,241,488
Part-Of-Speech Tagging,Audio,1,985,488
POS Tagging,Audio,1,516,488
MHC presentation prediction,General,1,4,114234
Rotated MNIST,Sequential,1,40,6593
Image-Variation,Graphs,1,24,12318
Image-text Retrieval,Sequential,1,246,6593
EEG Artifact Removal,Computer Vision,1,8,54472
Seismic Inversion,Natural Language Processing,1,25,40996
Point Set Upsampling,General,1,5,114234
Point Set Upsampling,Computer Vision,1,5,54472
Point Set Upsampling,Natural Language Processing,1,5,40996
Toxic Comment Classification,Graphs,1,28,12318
Open Set Video Captioning,General,1,1,114234
3D Point Cloud Reinforcement Learning,General,1,3,114234
Single-step retrosynthesis,Graphs,1,34,12318
Relation Linking,Sequential,1,17,6593
Unsupervised Sentence Summarization,General,1,7,114234
Unsupervised Sentence Summarization,Natural Language Processing,1,7,40996
Cross-Lingual Word Embeddings,Graphs,1,103,12318
Multilingual Word Embeddings,Graphs,1,56,12318
Speaker Profiling,Natural Language Processing,1,8,40996
SSTOD,Computer Vision,1,1,54472
Semantic Text Matching,Sequential,1,11,6593
3D Point Cloud Linear Classification,Natural Language Processing,1,21,40996
Few-Shot Point Cloud Classification,Natural Language Processing,1,4,40996
Generalized Referring Expression Segmentation,Graphs,1,15,12318
Object Hallucination,Graphs,1,71,12318
Self-Supervised Action Recognition Linear,Natural Language Processing,1,11,40996
Face Sketch Synthesis,Graphs,1,18,12318
Irregular Text Recognition,Natural Language Processing,1,7,40996
Multiview Clustering,Computer Vision,1,13,54472
Personalized Federated Learning,Reinforcement Learning,1,311,6988
Voice Query Recognition,Sequential,1,3,6593
Voice Query Recognition,Computer Vision,1,3,54472
3D Shape Reconstruction From A Single 2D Image,General,1,10,114234
3D Object Detection From Monocular Images,Computer Vision,1,17,54472
Reflection Removal,Graphs,1,81,12318
Probabilistic Time Series Forecasting,Audio,1,63,488
Zero-Shot Multi-Speaker TTS,Natural Language Processing,1,8,40996
DrugProt,Natural Language Processing,1,5,40996
Eikonal Tomography,General,1,1,114234
Eikonal Tomography,Computer Vision,1,1,54472
Vision-Language Navigation,Graphs,1,80,12318
CT Reconstruction,Sequential,1,235,6593
Image to text,Sequential,1,245,6593
Panoptic Tracking,Computer Vision,1,6,54472
Face Quality Assessement,General,1,4,114234
Cross-Modality Person Re-identification,Graphs,1,26,12318
W-R-L-D Sleep Staging,General,1,1,114234
W-R-N Sleep Staging,General,1,1,114234
Visual Commonsense Reasoning,Graphs,1,65,12318
EEG Emotion Recognition,Computer Vision,1,35,54472
Geometric Matching,Natural Language Processing,1,45,40996
License Plate Detection,Sequential,1,39,6593
Generalized Few-Shot Classification,General,1,2,114234
Blackout Poetry Generation,General,1,1,114234
Blackout Poetry Generation,Natural Language Processing,1,1,40996
Birds Eye View Object Detection,Graphs,1,8,12318
GPR,Audio,1,269,488
Cause-Effect Relation Classification,General,1,1,114234
Cause-Effect Relation Classification,Natural Language Processing,1,1,40996
Geophysics,Graphs,1,76,12318
Earthquake prediction,Reinforcement Learning,1,18,6988
Earthquake prediction,Graphs,1,18,12318
Relation Linking,Natural Language Processing,1,17,40996
Medical Object Detection,Graphs,1,41,12318
Audio Source Separation,Graphs,1,111,12318
SENTER,Natural Language Processing,1,25,40996
SENTER,Computer Vision,1,25,54472
Neural Network simulation,Natural Language Processing,1,21,40996
Physical Intuition,Graphs,1,35,12318
Physical Intuition,Sequential,1,35,6593
Raspberry Pi 4,Graphs,1,48,12318
Dial Meter Reading,General,1,2,114234
Image-based Automatic Meter Reading,General,1,4,114234
Audio Source Separation,Reinforcement Learning,1,111,6988
Sequence-to-sequence Language Modeling,General,1,5,114234
Majority Voting Classifier,Computer Vision,1,4,54472
Neural Radiance Caching,General,1,3,114234
Neural Radiance Caching,Computer Vision,1,3,54472
Chord Recognition,Sequential,1,21,6593
Subjectivity Analysis,Graphs,1,63,12318
Face Generation,Reinforcement Learning,1,380,6988
Medical Image Denoising,Natural Language Processing,1,21,40996
Aspect Category Polarity,Graphs,1,6,12318
Test unseen,Natural Language Processing,1,8,40996
Ontology Embedding,Graphs,1,18,12318
3D Point Cloud Data Augmentation,Natural Language Processing,1,5,40996
3D Point Cloud Data Augmentation,Graphs,1,5,12318
Space-time Video Super-resolution,Natural Language Processing,1,24,40996
Clustering Ensemble,Graphs,1,25,12318
3D Shape Recognition,Sequential,1,35,6593
Virtual Try-on,Sequential,1,275,6593
Knowledge Graph Embedding,Reinforcement Learning,1,461,6988
3D Facial Expression Recognition,Graphs,1,13,12318
Image Matching,Computer Vision,1,18,54472
Manufacturing simulation,General,1,2,114234
Document Text Classification,Natural Language Processing,1,6,40996
Position,Audio,1,3658,488
Unsupervised Skeleton Based Action Recognition,General,1,11,114234
Problem Decomposition,Graphs,1,54,12318
Isaac Gym Preview,Computer Vision,1,2,54472
Omniverse Isaac Gym,Computer Vision,1,4,54472
Isaac Gym Preview,General,1,2,114234
Isaac Gym Preview,Reinforcement Learning,1,2,6988
Graph Mining,Sequential,1,174,6593
No vs SIMKAP,General,1,1,114234
SIMKAP multitask,General,1,1,114234
Mental Workload Estimation,Natural Language Processing,1,4,40996
No vs SIMKAP,Natural Language Processing,1,1,40996
SIMKAP multitask,Natural Language Processing,1,1,40996
de-en,Graphs,1,78,12318
Traffic Classification,Reinforcement Learning,1,110,6988
3D Semantic Segmentation,Audio,1,346,488
Real-Time 3D Semantic Segmentation,Audio,1,3,488
Unsupervised Pre-training,Audio,1,263,488
Lighting Estimation,Graphs,1,51,12318
Bird Audio Detection,Computer Vision,1,6,54472
Duplicate-Question Retrieval,General,1,4,114234
News Retrieval,General,1,11,114234
Tweet Retrieval,General,1,4,114234
News Retrieval,Natural Language Processing,1,11,40996
Tweet Retrieval,Natural Language Processing,1,4,40996
ST-MoE-L 4.1B (fine-tuned),General,1,1,114234
ST-MoE-L 4.1B (fine-tuned),Natural Language Processing,1,1,40996
State Space Models,Audio,1,923,488
Open Knowledge Graph Canonicalization,Reinforcement Learning,1,3,6988
Real-Time Semantic Segmentation,Reinforcement Learning,1,144,6988
Pose Contrastive Learning,Computer Vision,1,1,54472
Action Analysis,Graphs,1,40,12318
Action Assessment,Graphs,1,15,12318
Motion Disentanglement,Graphs,1,12,12318
Pose Contrastive Learning,Graphs,1,1,12318
Compressive Sensing,Graphs,1,594,12318
Video Compressive Sensing,Graphs,1,20,12318
Spoken language identification,Sequential,1,50,6593
Constituency Grammar Induction,Reinforcement Learning,1,21,6988
Room Layout Estimation,Natural Language Processing,1,44,40996
Zero-Shot Learning + Domain Generalization,Computer Vision,1,4,54472
Tensor Networks,Reinforcement Learning,1,226,6988
Object Reconstruction,Sequential,1,290,6593
Wikipedia Summarization,General,1,3,114234
Wikipedia Summarization,Natural Language Processing,1,3,40996
Clustering Ensemble,Computer Vision,1,25,54472
COVID-19 Tracking,General,1,2,114234
Correlated Time Series Forecasting,Reinforcement Learning,1,10,6988
COVID-19 Modelling,Reinforcement Learning,1,3,6988
COVID-19 Tracking,Reinforcement Learning,1,2,6988
Interpretability Techniques for Deep Learning,Reinforcement Learning,1,25,6988
Multivariate Time Series Forecasting,Reinforcement Learning,1,245,6988
New Product Sales Forecasting,Reinforcement Learning,1,5,6988
Univariate Time Series Forecasting,Reinforcement Learning,1,36,6988
RGB+Depth Anomaly Detection and Segmentation,Computer Vision,1,2,54472
Domain 1-1,General,1,5,114234
Domain 11-1,General,1,5,114234
Domain 11-5,General,1,5,114234
Video Action Detection,Sequential,1,32,6593
4D Panoptic Segmentation,Computer Vision,1,9,54472
Face Model,Graphs,1,211,12318
Breast Cancer Histology Image Classification (20% labels),General,1,1,114234
Overlapped 25-25,General,1,1,114234
Parallel Corpus Mining,Graphs,1,13,12318
3D Shape Reconstruction from Videos,General,1,5,114234
3D Shape Reconstruction from Videos,Natural Language Processing,1,5,40996
Drivable Area Detection,General,1,12,114234
Cover song identification,Graphs,1,18,12318
8k,Audio,1,200,488
COVID-19 Diagnosis,Audio,1,210,488
Environmental Sound Classification,Audio,1,45,488
feature selection,Audio,1,2968,488
Sound Classification,Audio,1,146,488
Real-World Adversarial Attack,Reinforcement Learning,1,15,6988
Initial Structure to Relaxed Energy (IS2RE),General,1,4,114234
Aesthetics Quality Assessment,Graphs,1,20,12318
Hierarchical Multi-label Classification,Sequential,1,47,6593
3D Object Detection From Monocular Images,Natural Language Processing,1,17,40996
Neural Network Security,Computer Vision,1,8,54472
Handwritten Document Recognition,Computer Vision,1,6,54472
Length-of-Stay prediction,Graphs,1,28,12318
Fine-Grained Image Recognition,Reinforcement Learning,1,72,6988
Arousal Estimation,Sequential,1,41,6593
Steganalysis,Graphs,1,96,12318
Fire Detection,Sequential,1,61,6593
Seismic Imaging,Graphs,1,44,12318
Music Classification,Sequential,1,52,6593
TAR,Sequential,1,111,6593
Learning to Execute,Computer Vision,1,25,54472
Few-Shot Classification and Segmentation,Natural Language Processing,1,4,40996
Semi-Supervised Object Detection,Graphs,1,114,12318
Analytic Entailment,General,1,2,114234
Crash Blossom,General,1,2,114234
Disambiguation QA,General,1,3,114234
Discourse Marker Prediction,General,1,3,114234
Empirical Judgments,General,1,4,114234
English Proverbs,General,1,3,114234
Entailed Polarity,General,1,2,114234
Evaluating Information Essentiality,General,1,2,114234
Fantasy Reasoning,General,1,2,114234
Figure Of Speech Detection,General,1,2,114234
Formal Fallacies Syllogisms Negation,General,1,3,114234
GRE Reading Comprehension,General,1,2,114234
Human Organs Senses Multiple Choice,General,1,2,114234
Hyperbaton,General,1,3,114234
Identify Odd Metapor,General,1,2,114234
Irony Identification,General,1,2,114234
Logical Args,General,1,2,114234
Metaphor Boolean,General,1,3,114234
Movie Dialog Same Or Different,General,1,2,114234
Nonsense Words Grammar,General,1,2,114234
Penguins In A Table,General,1,4,114234
Phrase Relatedness,General,1,3,114234
Physics MC,General,1,2,114234
Presuppositions As NLI,General,1,2,114234
Reasoning About Colored Objects,General,1,3,114234
Ruin Names,General,1,3,114234
Sentence Ambiguity,General,1,3,114234
Similarities Abstraction,General,1,2,114234
Sports Understanding,General,1,11,114234
Understanding Fables,General,1,2,114234
Analogical Similarity,Natural Language Processing,1,7,40996
Analytic Entailment,Natural Language Processing,1,2,40996
Crash Blossom,Natural Language Processing,1,2,40996
Crass AI,Natural Language Processing,1,3,40996
Disambiguation QA,Natural Language Processing,1,3,40996
Discourse Marker Prediction,Natural Language Processing,1,3,40996
Empirical Judgments,Natural Language Processing,1,4,40996
English Proverbs,Natural Language Processing,1,3,40996
Entailed Polarity,Natural Language Processing,1,2,40996
Evaluating Information Essentiality,Natural Language Processing,1,2,40996
Fantasy Reasoning,Natural Language Processing,1,2,40996
Figure Of Speech Detection,Natural Language Processing,1,2,40996
Formal Fallacies Syllogisms Negation,Natural Language Processing,1,3,40996
GRE Reading Comprehension,Natural Language Processing,1,2,40996
Human Organs Senses Multiple Choice,Natural Language Processing,1,2,40996
Hyperbaton,Natural Language Processing,1,3,40996
Identify Odd Metapor,Natural Language Processing,1,2,40996
Irony Identification,Natural Language Processing,1,2,40996
Logical Args,Natural Language Processing,1,2,40996
Mathematical Induction,Natural Language Processing,1,10,40996
Metaphor Boolean,Natural Language Processing,1,3,40996
Moral Permissibility,Natural Language Processing,1,3,40996
Movie Dialog Same Or Different,Natural Language Processing,1,2,40996
Nonsense Words Grammar,Natural Language Processing,1,2,40996
Odd One Out,Natural Language Processing,1,21,40996
Penguins In A Table,Natural Language Processing,1,4,40996
Phrase Relatedness,Natural Language Processing,1,3,40996
Physics MC,Natural Language Processing,1,2,40996
Presuppositions As NLI,Natural Language Processing,1,2,40996
Reasoning About Colored Objects,Natural Language Processing,1,3,40996
Ruin Names,Natural Language Processing,1,3,40996
Sentence Ambiguity,Natural Language Processing,1,3,40996
Similarities Abstraction,Natural Language Processing,1,2,40996
SNARKS,Natural Language Processing,1,9,40996
Understanding Fables,Natural Language Processing,1,2,40996
Language-Based Temporal Localization,General,1,6,114234
Person-centric Visual Grounding,General,1,3,114234
Natural Language Visual Grounding,Natural Language Processing,1,31,40996
Person-centric Visual Grounding,Natural Language Processing,1,3,40996
Facial Attribute Classification,Graphs,1,37,12318
Audio Multiple Target Classification,General,1,1,114234
Audio Multiple Target Classification,Computer Vision,1,1,54472
Unsupervised Domain Expansion,Computer Vision,1,3,54472
Conversational Recommendation,Sequential,1,136,6593
Cross-Lingual NER,Graphs,1,41,12318
Weakly-supervised 3D Human Pose Estimation,Computer Vision,1,29,54472
Unfairness Detection,Computer Vision,1,7,54472
Unfairness Detection,General,1,7,114234
Hindu Knowledge,General,1,2,114234
Auto Debugging,Natural Language Processing,1,3,40996
Hindu Knowledge,Natural Language Processing,1,2,40996
Action Detection,Audio,1,813,488
Activity Detection,Audio,1,378,488
No real Data Binarization,Computer Vision,1,1,54472
Synthetic Data Binarization,Computer Vision,1,1,54472
Multi-Goal Reinforcement Learning,Sequential,1,34,6593
3D Multi-Person Pose Estimation (root-relative),General,1,18,114234
3D Multi-Person Pose Estimation (absolute),Natural Language Processing,1,20,40996
3D Multi-Person Pose Estimation (root-relative),Natural Language Processing,1,18,40996
Part-aware Panoptic Segmentation,Natural Language Processing,1,8,40996
Part-aware Panoptic Segmentation,Computer Vision,1,8,54472
Fashion Understanding,Computer Vision,1,4,54472
Survival Analysis,Sequential,1,472,6593
RGB-T Salient Object Detection,Natural Language Processing,1,10,40996
Mobile Security,Graphs,1,11,12318
Mobile Security,Natural Language Processing,1,11,40996
Hidden Aspect Detection,General,1,2,114234
Latent Aspect Detection,General,1,1,114234
Hidden Aspect Detection,Natural Language Processing,1,2,40996
Latent Aspect Detection,Natural Language Processing,1,1,40996
Readmission Prediction,Graphs,1,38,12318
Short-observation new product sales forecasting,General,1,2,114234
Burst Image Reconstruction,General,1,3,114234
Burst Image Reconstruction,Natural Language Processing,1,3,40996
Multi-Frame Super-Resolution,Natural Language Processing,1,34,40996
Retinal OCT Layer Segmentation,General,1,3,114234
Retinal OCT Layer Segmentation,Computer Vision,1,3,54472
nlg evaluation,Sequential,1,68,6593
Zero-Shot Intent Classification,General,1,7,114234
Anomaly Classification,Graphs,1,72,12318
Temporal Tagging,Computer Vision,1,14,54472
Seismic Detection,General,1,3,114234
Seismic Detection,Natural Language Processing,1,3,40996
Seismic Detection,Computer Vision,1,3,54472
Passage Re-Ranking,Computer Vision,1,32,54472
Zero-Shot Human-Object Interaction Detection,General,1,9,114234
One-class classifier,Natural Language Processing,1,82,40996
Information Retrieva,Reinforcement Learning,1,1,6988
Movie Recommendation,Reinforcement Learning,1,111,6988
Music Recommendation,Reinforcement Learning,1,118,6988
Reasoning Chain Explanations,Reinforcement Learning,1,3,6988
Video to Text Retrieval,Natural Language Processing,1,13,40996
Few Shot Temporal Action Localization,Graphs,1,5,12318
SQL Parsing,Computer Vision,1,49,54472
AbbreviationDetection,General,1,1,114234
AbbreviationDetection,Natural Language Processing,1,1,40996
Spam detection,Graphs,1,117,12318
Image Classification with Differential Privacy,General,1,8,114234
Exposure Fairness,Computer Vision,1,15,54472
Molecular Graph Generation,Reinforcement Learning,1,54,6988
Face Model,Sequential,1,211,6593
Cross-Lingual Entity Linking,Graphs,1,21,12318
Emotion-Cause Pair Extraction,Graphs,1,46,12318
abstractive question answering,Sequential,1,13,6593
Reading Order Detection,Graphs,1,6,12318
Weakly Supervised 3D Point Cloud Segmentation,Natural Language Processing,1,4,40996
Image Outpainting,Graphs,1,47,12318
Vocal technique classification,Graphs,1,4,12318
Utterance-level pronounciation scoring,General,1,4,114234
Word-level pronunciation scoring,General,1,5,114234
Utterance-level pronounciation scoring,Natural Language Processing,1,4,40996
Word-level pronunciation scoring,Natural Language Processing,1,5,40996
Image-text matching,Reinforcement Learning,1,186,6988
Text Matching,Reinforcement Learning,1,361,6988
Zero-shot Image Retrieval,Reinforcement Learning,1,29,6988
Compressed Image Quality Assessment,General,1,2,114234
Compressed Image Quality Assessment,Natural Language Processing,1,2,40996
Compressed Image Quality Assessment,Computer Vision,1,2,54472
Automated Writing Evaluation,General,1,13,114234
Automated Writing Evaluation,Natural Language Processing,1,13,40996
PII Masking,General,1,3,114234
Lung Nodule Classification,Sequential,1,35,6593
Cough Classification,Computer Vision,1,8,54472
Skill Generalization,General,1,6,114234
Skill Generalization,Natural Language Processing,1,6,40996
Described Object Detection,Natural Language Processing,1,8,40996
Extreme Multi-Label Classification,Sequential,1,75,6593
TAR,Reinforcement Learning,1,111,6988
Named Entity Recognition In Vietnamese,General,1,5,114234
Symmetry Detection,General,1,49,114234
3D Holography,General,1,4,114234
Face Identification,Sequential,1,142,6593
BIG-bench Machine Learning,Audio,1,10008,488
Geometry-aware processing,Graphs,1,1,12318
Second-order methods,Graphs,1,181,12318
Geometry Problem Solving,Graphs,1,27,12318
Mathematical Question Answering,Graphs,1,11,12318
Exemplar-Free Counting,Computer Vision,1,9,54472
Rain Removal,Reinforcement Learning,1,315,6988
Liver Segmentation,Natural Language Processing,1,86,40996
Unsupervised Facial Landmark Detection on MAFL,Computer Vision,1,1,54472
Unsupervised Facial Landmark Detection,General,1,15,114234
Unsupervised Facial Landmark Detection on MAFL,General,1,1,114234
Unsupervised Keypoint Estimation,General,1,6,114234
Second-order methods,Reinforcement Learning,1,181,6988
Cross Document Coreference Resolution,Graphs,1,21,12318
Workflow Discovery,Sequential,1,2,6593
Workflow Discovery,Natural Language Processing,1,2,40996
3D Multi-Person Human Pose Estimation,Graphs,1,8,12318
Event Relation Extraction,Reinforcement Learning,1,17,6988
Temporal Relation Classification,Reinforcement Learning,1,27,6988
Hallucination Pair-wise Detection (1-ref),Computer Vision,1,3,54472
Hallucination Pair-wise Detection (4-ref),Computer Vision,1,2,54472
Human Judgment Classification,Computer Vision,1,2,54472
Human Judgment Correlation,Computer Vision,1,5,54472
Long Term Anticipation,Natural Language Processing,1,7,40996
Brain Decoding,Audio,1,118,488
Feature Importance,Audio,1,889,488
Conversational Response Selection,Graphs,1,44,12318
Pedestrian Attribute Recognition,Reinforcement Learning,1,56,6988
Personality Recognition in Conversation,General,1,3,114234
Personalized and Emotional Conversation,General,1,2,114234
Emotional Dialogue Acts,Natural Language Processing,1,4,40996
Personality Recognition in Conversation,Natural Language Processing,1,3,40996
Personalized and Emotional Conversation,Natural Language Processing,1,2,40996
Generalization Bounds,Reinforcement Learning,1,685,6988
Code Comment Generation,Graphs,1,10,12318
Comment Generation,Graphs,1,65,12318
6D Pose Estimation,Sequential,1,255,6593
Face Image Retrieval,Graphs,1,15,12318
Zero-Shot Cross-Lingual Image-to-Text Retrieval,Computer Vision,1,3,54472
Zero-Shot Cross-Lingual Text-to-Image Retrieval,Computer Vision,1,3,54472
Zero-Shot Cross-Lingual Visual Natural Language Inference,Computer Vision,1,3,54472
Zero-Shot Cross-Lingual Visual Question Answering,Computer Vision,1,2,54472
Zero-Shot Cross-Lingual Visual Reasoning,Computer Vision,1,2,54472
Multi-Instance Retrieval,Graphs,1,19,12318
Object State Change Classification,Graphs,1,9,12318
Object State Change Classification on Ego4D,Graphs,1,2,12318
Mathematical Reasoning,Sequential,1,805,6593
Action Assessment,Natural Language Processing,1,15,40996
Video Similarity,Natural Language Processing,1,24,40996
Speech Representation Learning,Reinforcement Learning,1,131,6988
Voice Cloning,Reinforcement Learning,1,112,6988
Historical Color Image Dating,Computer Vision,1,6,54472
Unsupervised face recognition,Graphs,1,5,12318
Document-level Event Extraction,Natural Language Processing,1,30,40996
Blind Face Restoration,Natural Language Processing,1,55,40996
Playing the Game of 2048,Graphs,1,57,12318
Referring Image Matting,General,1,3,114234
Long-tail Learning on CIFAR-10-LT (ρ=100),General,1,2,114234
Long-tail Learning on CIFAR-10-LT (ρ=100),Computer Vision,1,2,54472
Error Understanding,Computer Vision,1,9,54472
Time Series Denoising,General,1,4,114234
Time Series Denoising,Computer Vision,1,4,54472
Cross-Domain Activity Recognition,General,1,6,114234
Cross-Domain Activity Recognition,Computer Vision,1,6,54472
Phoneme Recognition,Graphs,1,103,12318
Point- of-no-return (PNR) temporal localization,General,1,2,114234
Seismic Interpretation,Graphs,1,20,12318
Zeroshot Video Question Answer,General,1,2,114234
Zeroshot Video Question Answer,Natural Language Processing,1,2,40996
Speech Extraction,Graphs,1,48,12318
Context-specific Spam Detection,General,1,1,114234
Context-specific Spam Detection,Natural Language Processing,1,1,40996
Seizure prediction,Graphs,1,57,12318
Quantum Chemistry Regression,Computer Vision,1,4,54472
Image Paragraph Captioning,Reinforcement Learning,1,17,6988
Asthmatic Lung Sound Classification,General,1,3,114234
Railway Track Image Classification,General,1,2,114234
Asthmatic Lung Sound Classification,Computer Vision,1,3,54472
Handwritten Mathmatical Expression Recognition,Computer Vision,1,16,54472
Railway Track Image Classification,Computer Vision,1,2,54472
Robot Task Planning,Computer Vision,1,48,54472
10-shot image generation,Audio,1,29,488
16k,Audio,1,145,488
2D Object Detection,Audio,1,210,488
3D dense captioning,Audio,1,25,488
3D Face Alignment,Audio,1,26,488
3D Facial Expression Recognition,Audio,1,13,488
3D Facial Landmark Localization,Audio,1,8,488
3D Hand Pose Estimation,Audio,1,178,488
3D Instance Segmentation,Audio,1,153,488
3D Lane Detection,Audio,1,54,488
3D Multi-Object Tracking,Audio,1,101,488
3D Place Recognition,Audio,1,27,488
Abstractive Text Summarization,Audio,1,823,488
Arithmetic Reasoning,Audio,1,175,488
Articles,Audio,1,3983,488
Asthmatic Lung Sound Classification,Audio,1,3,488
Click-Through Rate Prediction,Audio,1,390,488
Color Image Denoising,Audio,1,51,488
Common Sense Reasoning,Audio,1,929,488
Cross-Domain Few-Shot Object Detection,Audio,1,17,488
Deblurring,Audio,1,998,488
DeepFake Detection,Audio,1,579,488
Depth Estimation,Audio,1,2446,488
Drug Discovery,Audio,1,1336,488
EEG 4 classes,Audio,1,5,488
Face Detection,Audio,1,532,488
Face Recognition,Audio,1,2326,488
Fake Image Detection,Audio,1,37,488
Fine-Grained Image Classification,Audio,1,352,488
Fracture detection,Audio,1,40,488
Fraud Detection,Audio,1,545,488
Gloss-free Sign Language Translation,Audio,1,20,488
Graph Classification,Audio,1,924,488
Handwritten Mathmatical Expression Recognition,Audio,1,16,488
Hateful Meme Classification,Audio,1,17,488
Highlight Detection,Audio,1,77,488
Image Captioning,Audio,1,1858,488
Image Dehazing,Audio,1,294,488
License Plate Detection,Audio,1,39,488
Long-range modeling,Audio,1,95,488
Medical Image Segmentation,Audio,1,2087,488
Meme Classification,Audio,1,59,488
Monocular Depth Estimation,Audio,1,875,488
Multimodal Emotion Recognition,Audio,1,179,488
Multimodal Intent Recognition,Audio,1,16,488
Multi-Object Tracking,Audio,1,670,488
NavSim,Audio,1,26,488
Novel View Synthesis,Audio,1,1437,488
Object Detection,Audio,1,10925,488
Object Detection In Aerial Images,Audio,1,107,488
Object Rearrangement,Audio,1,63,488
Object Tracking,Audio,1,1960,488
Person Re-Identification,Audio,1,1486,488
Phone-level pronunciation scoring,Audio,1,10,488
Railway Track Image Classification,Audio,1,2,488
Real-Time Object Detection,Audio,1,258,488
Rgb-T Tracking,Audio,1,55,488
Robot Manipulation,Audio,1,428,488
Robot Manipulation Generalization,Audio,1,19,488
Robot Task Planning,Audio,1,48,488
Table-to-Text Generation,Audio,1,66,488
Temporal Relation Extraction,Audio,1,88,488
Text to 3D,Audio,1,314,488
Text-to-Image Generation,Audio,1,1081,488
Universal Domain Adaptation,Audio,1,55,488
Video deraining,Audio,1,30,488
Video Question Answering,Audio,1,458,488
Virtual Try-on,Audio,1,275,488
Visual Object Tracking,Audio,1,338,488
Zero-Shot Video Question Answer,Audio,1,85,488
3D Face Alignment,Natural Language Processing,1,26,40996
3D Facial Expression Recognition,Natural Language Processing,1,13,40996
3D Facial Landmark Localization,Natural Language Processing,1,8,40996
Asthmatic Lung Sound Classification,Natural Language Processing,1,3,40996
EEG 4 classes,Natural Language Processing,1,5,40996
License Plate Detection,Natural Language Processing,1,39,40996
Railway Track Image Classification,Natural Language Processing,1,2,40996
Universal Domain Adaptation,Natural Language Processing,1,55,40996
3D dense captioning,Reinforcement Learning,1,25,6988
3D Face Alignment,Reinforcement Learning,1,26,6988
3D Facial Expression Recognition,Reinforcement Learning,1,13,6988
3D Facial Landmark Localization,Reinforcement Learning,1,8,6988
3D Hand Pose Estimation,Reinforcement Learning,1,178,6988
3D Lane Detection,Reinforcement Learning,1,54,6988
3D Multi-Object Tracking,Reinforcement Learning,1,101,6988
3D Place Recognition,Reinforcement Learning,1,27,6988
Asthmatic Lung Sound Classification,Reinforcement Learning,1,3,6988
Color Image Denoising,Reinforcement Learning,1,51,6988
Cross-Domain Few-Shot Object Detection,Reinforcement Learning,1,17,6988
Deblurring,Reinforcement Learning,1,998,6988
EEG 4 classes,Reinforcement Learning,1,5,6988
Fake Image Detection,Reinforcement Learning,1,37,6988
Gloss-free Sign Language Translation,Reinforcement Learning,1,20,6988
Handwritten Mathmatical Expression Recognition,Reinforcement Learning,1,16,6988
Hateful Meme Classification,Reinforcement Learning,1,17,6988
Image Dehazing,Reinforcement Learning,1,294,6988
License Plate Detection,Reinforcement Learning,1,39,6988
Long-range modeling,Reinforcement Learning,1,95,6988
Meme Classification,Reinforcement Learning,1,59,6988
Multimodal Emotion Recognition,Reinforcement Learning,1,179,6988
Multimodal Intent Recognition,Reinforcement Learning,1,16,6988
Object Rearrangement,Reinforcement Learning,1,63,6988
Phone-level pronunciation scoring,Reinforcement Learning,1,10,6988
Railway Track Image Classification,Reinforcement Learning,1,2,6988
Rgb-T Tracking,Reinforcement Learning,1,55,6988
Robot Manipulation Generalization,Reinforcement Learning,1,19,6988
Robot Task Planning,Reinforcement Learning,1,48,6988
Table-to-Text Generation,Reinforcement Learning,1,66,6988
Text to 3D,Reinforcement Learning,1,314,6988
Universal Domain Adaptation,Reinforcement Learning,1,55,6988
Video deraining,Reinforcement Learning,1,30,6988
Virtual Try-on,Reinforcement Learning,1,275,6988
Weakly Supervised Action Localization,Reinforcement Learning,1,55,6988
Zero-Shot Video Question Answer,Reinforcement Learning,1,85,6988
陕西、四川、重庆地区2017-2022年末人口数（如图1-7所示）中，陕西省人口数较稳 定，维持在3940万人，四川和重庆均呈上升趋势。,General,1,1,114234
陕西、四川、重庆地区2017-2022年末人口数（如图1-7所示）中，陕西省人口数较稳 定，维持在3940万人，四川和重庆均呈上升趋势。,Natural Language Processing,1,1,40996
Occlusion Handling,Sequential,1,93,6593
Aspect Category Sentiment Analysis,Computer Vision,1,18,54472
Robust Camera Only 3D Object Detection,Computer Vision,1,12,54472
Medical waveform analysis,General,1,2,114234
Robust Camera Only 3D Object Detection,Natural Language Processing,1,12,40996
Retinal OCT Disease Classification,Graphs,1,12,12318
Oriented Object Detection,Reinforcement Learning,1,123,6988
Semantic Dependency Parsing,Graphs,1,49,12318
Attribute Extraction,Graphs,1,59,12318
Virology,General,1,29,114234
Supervised Defect Detection,Graphs,1,8,12318
Object Detection In Indoor Scenes,General,1,9,114234
Object Detection In Indoor Scenes,Computer Vision,1,9,54472
Safe Exploration,Graphs,1,135,12318
Story Completion,Computer Vision,1,17,54472
Boundary Captioning,Natural Language Processing,1,4,40996
Noise Estimation,Reinforcement Learning,1,114,6988
Speech Extraction,Sequential,1,48,6593
Contour Detection,Graphs,1,69,12318
Diabetic Retinopathy Detection,Graphs,1,53,12318
Pitch Classification,General,1,3,114234
Pitch Classification,Computer Vision,1,3,54472
Multibehavior Recommendation,General,1,4,114234
Noisy Speech Recognition,Natural Language Processing,1,13,40996
Earth Surface Forecasting,Natural Language Processing,1,7,40996
Label Error Detection,Reinforcement Learning,1,12,6988
Respiratory motion forecasting,General,1,3,114234
Composed Image Retrieval (CoIR),Graphs,1,14,12318
Point-interactive Image Colorization,Natural Language Processing,1,4,40996
Point-interactive Image Colorization,Computer Vision,1,4,54472
Mortality Prediction,Reinforcement Learning,1,188,6988
Entity Typing on DH-KGs,General,1,1,114234
Link prediction on DH-KGs,General,1,1,114234
Systematic Generalization,Reinforcement Learning,1,124,6988
Pansharpening,Graphs,1,78,12318
Long-tail Learning on CIFAR-10-LT (ρ=100),Graphs,1,2,12318
Small Language Model,Sequential,1,109,6593
Weight Space Learning,Natural Language Processing,1,6,40996
Gender Bias Detection,Reinforcement Learning,1,17,6988
Stereotypical Bias Analysis,Reinforcement Learning,1,5,6988
Stereotypical Bias Analysis,Computer Vision,1,5,54472
Reference-based Super-Resolution,Natural Language Processing,1,26,40996
Interactive Recommendation,Computer Vision,1,40,54472
Single Image Haze Removal,Graphs,1,18,12318
Violence and Weaponized Violence Detection,Graphs,1,5,12318
Key-Frame-based Video Super-Resolution (K = 15),General,1,1,114234
Key-Frame-based Video Super-Resolution (K = 15),Computer Vision,1,1,54472
NeRF,Sequential,1,1710,6593
Novel View Synthesis,Sequential,1,1437,6593
Vertical Federated Learning,Reinforcement Learning,1,194,6988
Single-View 3D Reconstruction,Graphs,1,96,12318
Binary Condescension Detection,General,1,5,114234
Multi-label Condescension Detection,General,1,5,114234
Binary Condescension Detection,Natural Language Processing,1,5,40996
Multi-label Condescension Detection,Natural Language Processing,1,5,40996
EEG 4 classes,Graphs,1,5,12318
Text-Independent Speaker Recognition,Computer Vision,1,21,54472
Steiner Tree Problem,General,1,17,114234
Episode Classification,General,1,1,114234
Ad-Hoc Information Retrieval,Computer Vision,1,41,54472
Weakly-supervised Anomaly Detection,Sequential,1,32,6593
Explainable Models,Sequential,1,128,6593
Human-Human Interaction Recognition,Graphs,1,3,12318
Human-Human Interaction Recognition,Computer Vision,1,3,54472
Malware Family Detection,General,1,4,114234
Malware Type Detection,General,1,1,114234
Malware Family Detection,Natural Language Processing,1,4,40996
Malware Type Detection,Natural Language Processing,1,1,40996
Malware Type Detection,Computer Vision,1,1,54472
Humanoid Control,Natural Language Processing,1,37,40996
MME,Graphs,1,95,12318
Lexical Analysis,Computer Vision,1,56,54472
drone-based object tracking,General,1,4,114234
Object Detection In Aerial Images,Graphs,1,107,12318
Music Genre Classification,Sequential,1,56,6593
Multimedia Generative Script Learning,Graphs,1,1,12318
Exemplar-Free Counting,Natural Language Processing,1,9,40996
Circulatory Failure,General,1,5,114234
Sparse Learning,Graphs,1,183,12318
Online Vectorized HD Map Construction,Natural Language Processing,1,10,40996
Template Matching,Audio,1,219,488
Temporal Action Segmentation,Sequential,1,61,6593
Vietnamese Image Captioning,Computer Vision,1,5,54472
Vietnamese Image Captioning,Sequential,1,5,6593
Hyperspectral Image-Based Fruit Ripeness Prediction,Computer Vision,1,3,54472
Student dropout,Computer Vision,1,14,54472
COVID-19 Diagnosis,Sequential,1,210,6593
Multimodal Association,Sequential,1,7,6593
Re-basin,Computer Vision,1,7,54472
Small Object Detection,Sequential,1,151,6593
dialog state tracking,Graphs,1,107,12318
One-Shot Part Segmentation of Contain Affordance - Inter Class,Computer Vision,1,1,54472
One-Shot Part Segmentation of Contain Affordance - Intra Class,Computer Vision,1,1,54472
One-Shot Part Segmentation of Cut Affordance - Inter Class,Computer Vision,1,1,54472
One-Shot Part Segmentation of Cut Affordance - Intra Class,Computer Vision,1,1,54472
One-Shot Part Segmentation of Grasp Affordance - Inter Class,Computer Vision,1,1,54472
One-Shot Part Segmentation of Grasp Affordance - Intra Class,Computer Vision,1,1,54472
One-Shot Part Segmentation of Pound Affordance - Inter Class,Computer Vision,1,1,54472
One-Shot Part Segmentation of Pound Affordance - Intra Class,Computer Vision,1,1,54472
One-Shot Part Segmentation of Scoop Affordance - Inter Class,Computer Vision,1,1,54472
One-Shot Part Segmentation of Scoop Affordance - Intra Class,Computer Vision,1,1,54472
One-Shot Part Segmentation of Support Affordance - Inter Class,Computer Vision,1,1,54472
One-Shot Part Segmentation of Support Affordance - Intra Class,Computer Vision,1,1,54472
One-Shot Part Segmentation of Wrap-Grasp Affordance - Inter Class,Computer Vision,1,1,54472
One-Shot Part Segmentation of Wrap-Grasp Affordance - Intra Class,Computer Vision,1,1,54472
Knowledge Graph Completion,Sequential,1,477,6593
A-VB High,General,1,3,114234
Monocular Cross-View Road Scene Parsing(Road),General,1,2,114234
Monocular Cross-View Road Scene Parsing(Vehicle),General,1,2,114234
Monocular Cross-View Road Scene Parsing(Road),Computer Vision,1,2,54472
Monocular Cross-View Road Scene Parsing(Vehicle),Computer Vision,1,2,54472
Thermal Image Denoising,Computer Vision,1,3,54472
Age-Invariant Face Recognition,Computer Vision,1,19,54472
Prompt Learning,Sequential,1,675,6593
Local Color Enhancement,General,1,5,114234
SAR Ship Detection,Natural Language Processing,1,15,40996
rllib,Computer Vision,1,23,54472
rllib,Reinforcement Learning,1,23,6988
Thermal Image Segmentation,Graphs,1,83,12318
JPEG Artifact Correction,Natural Language Processing,1,18,40996
Physical Commonsense Reasoning,Natural Language Processing,1,10,40996
Detect Ground Reflections,General,1,1,114234
Extreme Summarization,Graphs,1,21,12318
Type prediction,Reinforcement Learning,1,96,6988
Image Quality Estimation,General,1,9,114234
Image Quality Estimation,Natural Language Processing,1,9,40996
Image Quality Estimation,Computer Vision,1,9,54472
Traffic Sign Recognition,Graphs,1,127,12318
Training-free 3D Point Cloud Classification,Graphs,1,8,12318
Spatial Interpolation,Graphs,1,60,12318
Phoneme Recognition,Natural Language Processing,1,103,40996
Photoplethysmography (PPG) beat detection,Computer Vision,1,2,54472
Photoplethysmography (PPG) heart rate estimation,Computer Vision,1,12,54472
Weakly Supervised 3D Point Cloud Segmentation,Graphs,1,4,12318
Event-based Optical Flow,Sequential,1,36,6593
Long-Context Understanding,Graphs,1,81,12318
Multi-task Language Understanding,Graphs,1,57,12318
3D Semantic Instance Segmentation,Natural Language Processing,1,13,40996
Nonhomogeneous Image Dehazing,Natural Language Processing,1,11,40996
Zero-Shot Stance Detection,Graphs,1,18,12318
Facies Classification,General,1,6,114234
Reconstruction,General,1,2,114234
Reconstruction,Natural Language Processing,1,2,40996
Subject Transfer,Natural Language Processing,1,21,40996
Flooded Building Segmentation,General,1,3,114234
Flooded Building Segmentation,Natural Language Processing,1,3,40996
Flooded Building Segmentation,Computer Vision,1,3,54472
token-classification,Computer Vision,1,98,54472
Token Classification,Computer Vision,1,98,54472
ObjectGoal Navigation,General,1,11,114234
ObjectGoal Navigation,Reinforcement Learning,1,11,6988
Semantic Segmentation on ScanNet,General,1,5,114234
Semantic Segmentation on ScanNet,Natural Language Processing,1,5,40996
Cross-Lingual Information Retrieval,Graphs,1,67,12318
Zero-Shot Machine Translation,General,1,8,114234
Image Inpainting,Reinforcement Learning,1,706,6988
Brain Decoding,Reinforcement Learning,1,118,6988
Weakly-supervised Video Anomaly Detection,Sequential,1,36,6593
One-Shot 3D Action Recognition,Natural Language Processing,1,9,40996
Heterogeneous Face Recognition,Natural Language Processing,1,36,40996
Linear Mode Connectivity,Sequential,1,35,6593
Low Resource Neural Machine Translation,Graphs,1,67,12318
Low-Resource Neural Machine Translation,Graphs,1,73,12318
Sound Prompted Semantic Segmentation,General,1,4,114234
Speech Prompted Semantic Segmentation,General,1,4,114234
Sound Prompted Semantic Segmentation,Natural Language Processing,1,4,40996
Speech Prompted Semantic Segmentation,Natural Language Processing,1,4,40996
Sound Prompted Semantic Segmentation,Computer Vision,1,4,54472
Speech Prompted Semantic Segmentation,Computer Vision,1,4,54472
Audio Tagging,Graphs,1,80,12318
Sound Prompted Semantic Segmentation,Graphs,1,4,12318
Speech Prompted Semantic Segmentation,Graphs,1,4,12318
Contact mechanics,Computer Vision,1,14,54472
POS Tagging,Graphs,1,516,12318
Laminar-Turbulent Flow Localisation,General,1,1,114234
Laminar-Turbulent Flow Localisation,Computer Vision,1,1,54472
Raw reconstruction,Graphs,1,9,12318
Synthetic Speech Detection,Sequential,1,29,6593
Math Word Problem Solving,Graphs,1,106,12318
General Reinforcement Learning,Graphs,1,84,12318
Joint Radar-Communication,Graphs,1,25,12318
Joint Radar-Communication,Sequential,1,25,6593
Joint Radar-Communication,Natural Language Processing,1,25,40996
Sports Understanding,Reinforcement Learning,1,11,6988
FetchPush-v1,General,1,5,114234
FetchPush-v1,Computer Vision,1,5,54472
Steiner Tree Problem,Reinforcement Learning,1,17,6988
Syntax Representation,Computer Vision,1,6,54472
Melody Extraction,Sequential,1,16,6593
Melody Extraction,Audio,1,16,488
Miscellaneous,Graphs,1,93,12318
Keyword Spotting on Google Speech Commands,General,1,3,114234
Causal Emotion Entailment,Graphs,1,12,12318
Emotion Cause Extraction,Graphs,1,27,12318
Sequential Pattern Mining,Graphs,1,39,12318
Multiview Gait Recognition,General,1,13,114234
Multiple People Tracking,Computer Vision,1,23,54472
Multiple People Tracking,General,1,23,114234
Multiple People Tracking,Natural Language Processing,1,23,40996
Indoor Localization,Reinforcement Learning,1,250,6988
Interspecies Facial Keypoint Transfer,General,1,1,114234
Interspecies Facial Keypoint Transfer,Computer Vision,1,1,54472
Chinese Spell Checking,Graphs,1,16,12318
Acoustic echo cancellation,Graphs,1,69,12318
CARLA MAP Leaderboard,Computer Vision,1,8,54472
Weakly-Supervised Object Segmentation,Computer Vision,1,5,54472
Weakly-Supervised Object Segmentation,General,1,5,114234
RNA 3D STRUCTURE PREDICTION,Graphs,1,5,12318
Semi Supervised Learning for Image Captioning,Natural Language Processing,1,2,40996
Phonocardiogram Classification,General,1,2,114234
Predict clinical outcome,General,1,4,114234
Classify murmurs,Computer Vision,1,4,54472
Phonocardiogram Classification,Computer Vision,1,2,54472
Predict clinical outcome,Computer Vision,1,4,54472
Analogical Similarity,Computer Vision,1,7,54472
Algorithmic Trading,Graphs,1,95,12318
Streaming Target Sound Extraction,General,1,1,114234
Streaming Target Sound Extraction,Natural Language Processing,1,1,40996
Streaming Target Sound Extraction,Computer Vision,1,1,54472
Streaming Target Sound Extraction,Sequential,1,1,6593
Target Sound Extraction,Sequential,1,16,6593
Texture Classification,Reinforcement Learning,1,206,6988
medical image detection,Graphs,1,20,12318
Add - PO,General,1,1,114234
Add - PQ,General,1,1,114234
Remove - PO,General,1,1,114234
Remove - PQ,General,1,1,114234
Replace - PO,General,1,1,114234
Replace - PQ,General,1,1,114234
Multi-Person Pose Estimation and Tracking,Graphs,1,11,12318
Model Poisoning,Reinforcement Learning,1,108,6988
Categorical data clustering,General,1,4,114234
Earth Surface Forecasting,Computer Vision,1,7,54472
Earth Surface Forecasting,Sequential,1,7,6593
Audio to Text Retrieval,Graphs,1,10,12318
Zero-Shot Cross-Lingual Visual Natural Language Inference,Graphs,1,3,12318
Image Deep Networks,Natural Language Processing,1,3,40996
Spatial Token Mixer,Natural Language Processing,1,4,40996
Image Deep Networks,Computer Vision,1,3,54472
Persuasive Writing Strategy Detection,General,1,1,114234
Persuasive Writing Strategy Detection Level-1,General,1,1,114234
Persuasive Writing Strategy Detection Level-2,General,1,1,114234
Persuasive Writing Strategy Detection Level-3,General,1,1,114234
Persuasive Writing Strategy Detection Level-4,General,1,1,114234
Persuasive Writing Strategy Detection,Natural Language Processing,1,1,40996
Persuasive Writing Strategy Detection Level-1,Natural Language Processing,1,1,40996
Persuasive Writing Strategy Detection Level-2,Natural Language Processing,1,1,40996
Persuasive Writing Strategy Detection Level-3,Natural Language Processing,1,1,40996
Persuasive Writing Strategy Detection Level-4,Natural Language Processing,1,1,40996
Unsupervised face recognition,General,1,5,114234
Persona Dialogue in Story,General,1,1,114234
Persona Dialogue in Story,Computer Vision,1,1,54472
Persona Dialogue in Story,Natural Language Processing,1,1,40996
Point Cloud Segmentation,Reinforcement Learning,1,271,6988
Unconstrained Lip-synchronization,General,1,4,114234
Movie Recommendation,Graphs,1,111,12318
Zero-Shot Transfer Image Classification (CN),Natural Language Processing,1,2,40996
Text-Variation,Computer Vision,1,4,54472
Automatic Liver And Tumor Segmentation,General,1,7,114234
TDC ADMET Benchmarking Group,General,1,5,114234
IUPAC Name Prediction,Natural Language Processing,1,3,40996
Protein Annotation,Natural Language Processing,1,4,40996
TDC ADMET Benchmarking Group,Natural Language Processing,1,5,40996
Real-World Adversarial Attack,Natural Language Processing,1,15,40996
Future Hand Prediction,Computer Vision,1,1,54472
State Change Object Detection,Computer Vision,1,1,54472
Speech Synthesis - Assamese,General,1,1,114234
Speech Synthesis - Bengali,General,1,1,114234
Speech Synthesis - Bodo,General,1,1,114234
Speech Synthesis - Gujarati,General,1,2,114234
Speech Synthesis - Hindi,General,1,1,114234
Speech Synthesis - Kannada,General,1,1,114234
Speech Synthesis - Malayalam,General,1,1,114234
Speech Synthesis - Manipuri,General,1,1,114234
Speech Synthesis - Marathi,General,1,1,114234
Speech Synthesis - Rajasthani,General,1,1,114234
Speech Synthesis - Tamil,General,1,1,114234
Speech Synthesis - Telugu,General,1,1,114234
Speech Synthesis - Assamese,Audio,1,1,488
Speech Synthesis - Bengali,Audio,1,1,488
Speech Synthesis - Bodo,Audio,1,1,488
Speech Synthesis - Gujarati,Audio,1,2,488
Speech Synthesis - Hindi,Audio,1,1,488
Speech Synthesis - Kannada,Audio,1,1,488
Speech Synthesis - Malayalam,Audio,1,1,488
Speech Synthesis - Manipuri,Audio,1,1,488
Speech Synthesis - Marathi,Audio,1,1,488
Speech Synthesis - Rajasthani,Audio,1,1,488
Speech Synthesis - Tamil,Audio,1,1,488
Speech Synthesis - Telugu,Audio,1,1,488
Speech Synthesis - Assamese,Computer Vision,1,1,54472
Speech Synthesis - Bengali,Computer Vision,1,1,54472
Speech Synthesis - Bodo,Computer Vision,1,1,54472
Speech Synthesis - Hindi,Computer Vision,1,1,54472
Speech Synthesis - Kannada,Computer Vision,1,1,54472
Speech Synthesis - Malayalam,Computer Vision,1,1,54472
Speech Synthesis - Manipuri,Computer Vision,1,1,54472
Speech Synthesis - Marathi,Computer Vision,1,1,54472
Speech Synthesis - Rajasthani,Computer Vision,1,1,54472
Speech Synthesis - Tamil,Computer Vision,1,1,54472
Speech Synthesis - Telugu,Computer Vision,1,1,54472
Hyper-Relational Extraction,Natural Language Processing,1,2,40996
Unseen Object Instance Segmentation,Natural Language Processing,1,13,40996
Inductive Link Prediction,Computer Vision,1,32,54472
Vocal Bursts Type Prediction,Reinforcement Learning,1,670,6988
3D Open-Vocabulary Instance Segmentation,Natural Language Processing,1,14,40996
Training-free 3D Part Segmentation,Natural Language Processing,1,3,40996
Training-free 3D Point Cloud Classification,Natural Language Processing,1,8,40996
Zero-Shot Transfer 3D Point Cloud Classification,Natural Language Processing,1,11,40996
camera absolute pose regression,Computer Vision,1,1,54472
Story Continuation,Computer Vision,1,10,54472
Motion Synthesis,Audio,1,279,488
Entity Retrieval,Computer Vision,1,56,54472
Aspect-Category-Opinion-Sentiment Quadruple Extraction,Natural Language Processing,1,6,40996
Aspect-Category-Opinion-Sentiment Quadruple Extraction,General,1,6,114234
Graph Anomaly Detection,Sequential,1,86,6593
Factual Visual Question Answering,Natural Language Processing,1,5,40996
Factual Visual Question Answering,Computer Vision,1,5,54472
Instance Shadow Detection,General,1,5,114234
Multi-label Image Recognition with Partial Labels,Graphs,1,11,12318
Multi-label Image Recognition with Partial Labels,Computer Vision,1,11,54472
Classification with Costly Features,General,1,4,114234
Object Discovery In Videos,General,1,6,114234
Label Error Detection,Computer Vision,1,12,54472
Neural Network Compression,Reinforcement Learning,1,193,6988
intent-classification,Reinforcement Learning,1,332,6988
Intent Classification,Reinforcement Learning,1,342,6988
Intent Classification and Slot Filling,Reinforcement Learning,1,33,6988
Phrase Extraction and Grounding (PEG),General,1,1,114234
Phrase Extraction and Grounding (PEG),Natural Language Processing,1,1,40996
Cancer type classification,General,1,8,114234
Image-text Classification,General,1,13,114234
Multilingual Image-Text Classification,General,1,1,114234
Image-text Classification,Natural Language Processing,1,13,40996
Multilingual Image-Text Classification,Natural Language Processing,1,1,40996
Multilingual Image-Text Classification,Computer Vision,1,1,54472
Model Discovery,Reinforcement Learning,1,87,6988
Molecular System Prediction,General,1,1,114234
Molecular System Prediction,Natural Language Processing,1,1,40996
Unsupervised Semantic Segmentation with Language-image Pre-training,Graphs,1,14,12318
Material Recognition,Graphs,1,65,12318
FocusNews (test),General,1,1,114234
SRF (test),General,1,1,114234
FocusNews (test),Natural Language Processing,1,1,40996
SRF (test),Natural Language Processing,1,1,40996
Image Imputation,Natural Language Processing,1,8,40996
Spectral Efficiency Analysis of Uplink-Downlink Decoupled Access in C-V2X Networks,General,1,1,114234
RoomEnv-v1,Reinforcement Learning,1,1,6988
Chord Recognition,Computer Vision,1,21,54472
Chord Recognition,Audio,1,21,488
Driver Attention Monitoring,Natural Language Processing,1,14,40996
Few-Shot Skeleton-Based Action Recognition,Computer Vision,1,8,54472
Edge Classification,Audio,1,56,488
Econometrics,Sequential,1,232,6593
Open Set Action Recognition,Graphs,1,8,12318
Zero-Shot Video Question Answer,Graphs,1,85,12318
Pneumothorax Detection,Computer Vision,1,6,54472
Pneumothorax Detection,General,1,6,114234
Smart Grid Prediction,Graphs,1,3,12318
Smart Grid Prediction,Computer Vision,1,3,54472
Smart Grid Prediction,General,1,3,114234
Smart Grid Prediction,Sequential,1,3,6593
Privacy Preserving Deep Learning,Natural Language Processing,1,59,40996
Text-to-Shape Generation,General,1,8,114234
Visual Entailment,Reinforcement Learning,1,55,6988
hypergraph partitioning,Computer Vision,1,26,54472
hypergraph partitioning,Graphs,1,26,12318
Visual Analogies,Computer Vision,1,10,54472
Object Segmentation,Graphs,1,4,12318
Unsupervised Object Localization,Graphs,1,11,12318
Open Set Action Recognition,General,1,8,114234
Open Set Action Recognition,Reinforcement Learning,1,8,6988
Human Detection of Deepfakes,Computer Vision,1,2,54472
Video Style Transfer,Sequential,1,35,6593
Protein Folding,Sequential,1,185,6593
Selection bias,Sequential,1,365,6593
Sentence Classification,Reinforcement Learning,1,300,6988
Knowledge Base Construction,Sequential,1,93,6593
Document Image Skew Estimation,Computer Vision,1,1,54472
Loop Closure Detection,Reinforcement Learning,1,89,6988
Topic coverage,Natural Language Processing,1,18,40996
Incremental Learning on CIFAR100-B0(5steps of 20 classes),General,1,2,114234
Incremental Learning on CIFAR100-B0(5steps of 20 classes),Graphs,1,2,12318
Time Series Clustering,Graphs,1,113,12318
Twitter Bot Detection,Graphs,1,16,12318
Video Emotion Detection,General,1,2,114234
Video Emotion Detection,Reinforcement Learning,1,2,6988
Video Super-Resolution,Reinforcement Learning,1,281,6988
Sound Event Detection,Sequential,1,194,6593
Emotional Intelligence,Sequential,1,77,6593
Symmetric face inpainting,Computer Vision,1,1,54472
Symmetric face inpainting,General,1,1,114234
Generic Event Boundary Detection,Computer Vision,1,20,54472
Semi-supervised time series classification,Graphs,1,6,12318
mage-to-Text Retrieval,Graphs,1,1,12318
STS Benchmark,Graphs,1,16,12318
Stance Classification,Graphs,1,101,12318
Active Object Detection,Natural Language Processing,1,14,40996
Font Generation,Graphs,1,52,12318
Text2text Generation,Computer Vision,1,5,54472
Generalization Bounds,Audio,1,685,488
Multi-Speaker Source Separation,Computer Vision,1,8,54472
Feature Compression,Graphs,1,96,12318
Affine Image Registration,General,1,9,114234
Traffic Data Imputation,Natural Language Processing,1,23,40996
Open Vocabulary Attribute Detection,Natural Language Processing,1,14,40996
Rolling Shutter Correction,Natural Language Processing,1,216,40996
Ad-Hoc Information Retrieval,Graphs,1,41,12318
PAC learning,Reinforcement Learning,1,288,6988
Dynamic Topic Modeling,Computer Vision,1,20,54472
Blended-target Domain Adaptation,Computer Vision,1,2,54472
Label shift of blended-target domain adaptation,Computer Vision,1,1,54472
Language Model Evaluation,Computer Vision,1,69,54472
Crowd Counting,Reinforcement Learning,1,369,6988
Cross-Domain Text Classification,Natural Language Processing,1,14,40996
Dynamic neural networks,Graphs,1,37,12318
Visual Keyword Spotting,Graphs,1,5,12318
Face Image Retrieval,Sequential,1,15,6593
Action Triplet Detection,Sequential,1,3,6593
Action Triplet Recognition,Sequential,1,12,6593
Surgical tool detection,Sequential,1,14,6593
Pitch control,General,1,23,114234
Pitch control,Graphs,1,23,12318
SQL Parsing,Sequential,1,49,6593
Ontology Subsumption Inferece,General,1,1,114234
Music Auto-Tagging,Audio,1,22,488
Music Genre Classification,Graphs,1,56,12318
Arithmetic Reasoning,Sequential,1,175,6593
Fault Detection,Reinforcement Learning,1,510,6988
Artificial Life,Computer Vision,1,110,54472
Story Continuation,Natural Language Processing,1,10,40996
Online Video Anomaly Detection,General,1,3,114234
Online Video Anomaly Detection,Computer Vision,1,3,54472
Online Video Anomaly Detection,Natural Language Processing,1,3,40996
Spacecraft Pose Estimation,Computer Vision,1,25,54472
Multi-view 3D Human Pose Estimation,General,1,18,114234
Spelling Correction,Graphs,1,192,12318
Image Classification with Label Noise,Computer Vision,1,10,54472
Econometrics,Graphs,1,232,12318
Continual Named Entity Recognition,General,1,5,114234
Correlated Time Series Forecasting,Natural Language Processing,1,10,40996
Unsupervised Domain Adaptationn,Computer Vision,1,2,54472
Vietnamese Multimodal Learning,General,1,5,114234
Unsupervised Extractive Summarization,Graphs,1,30,12318
Myocardial infarction detection,General,1,15,114234
Complex Query Answering,Sequential,1,33,6593
3D Semantic Scene Completion,Graphs,1,65,12318
Multi class one-shot image synthesis,General,1,1,114234
Single class few-shot image synthesis,General,1,1,114234
MuJoCo Games,Computer Vision,1,8,54472
RGB+3D Anomaly Detection and Segmentation,Graphs,1,8,12318
MUlTI-LABEL-ClASSIFICATION,Reinforcement Learning,1,1101,6988
Indoor Scene Reconstruction,Graphs,1,32,12318
College Physics,Graphs,1,3,12318
Conceptual Physics,Graphs,1,4,12318
Sleep Quality Prediction,General,1,4,114234
Valence Estimation,Natural Language Processing,1,10,40996
Triple Classification,Reinforcement Learning,1,45,6988
OpenAI Gym,Graphs,1,382,12318
Face Dubbing,Computer Vision,1,2,54472
Image Generation from Scene Graphs,General,1,8,114234
Human Pose Forecasting,Sequential,1,58,6593
Reference-based Super-Resolution,Graphs,1,26,12318
3D Face Animation,Sequential,1,34,6593
Vocal Bursts Valence Prediction,Audio,1,1154,488
Arithmetic Reasoning,Graphs,1,175,12318
Drug Response Prediction,Sequential,1,46,6593
Extractive Text Summarization,Computer Vision,1,93,54472
Human Instance Segmentation,Natural Language Processing,1,16,40996
Job classification,General,1,5,114234
Job classification,Natural Language Processing,1,5,40996
3D Geometry Prediction,Computer Vision,1,6,54472
Factual Inconsistency Detection in Chart Captioning,General,1,4,114234
Factual Inconsistency Detection in Chart Captioning,Natural Language Processing,1,4,40996
House Generation,General,1,2,114234
House Generation,Graphs,1,2,12318
House Generation,Natural Language Processing,1,2,40996
Population Mapping,Computer Vision,1,6,54472
Population Mapping,General,1,6,114234
WNLI,Graphs,1,8,12318
Open-Vocabulary Video Segmentation,General,1,3,114234
Open-Vocabulary Video Segmentation,Computer Vision,1,3,54472
Community Search,Sequential,1,11,6593
Lung Nodule 3D Classification,Computer Vision,1,1,54472
Lung Nodule 3D Detection,Computer Vision,1,1,54472
Lung Nodule 3D Classification,General,1,1,114234
Lung Nodule 3D Detection,General,1,1,114234
3D Human Pose Tracking,Computer Vision,1,9,54472
Group Anomaly Detection,General,1,12,114234
Group Anomaly Detection,Natural Language Processing,1,12,40996
Group Anomaly Detection,Sequential,1,12,6593
Sentence Ordering,Computer Vision,1,50,54472
Generalizable Novel View Synthesis,Graphs,1,30,12318
Visual Abductive Reasoning,General,1,5,114234
Visual Abductive Reasoning,Computer Vision,1,5,54472
Small-Footprint Keyword Spotting,Graphs,1,25,12318
legal outcome extraction,General,1,2,114234
Attribute Extraction,Sequential,1,59,6593
legal outcome extraction,Sequential,1,2,6593
Event-based Optical Flow,Computer Vision,1,36,54472
Learning with coarse labels,Graphs,1,6,12318
Sign Language Retrieval,Graphs,1,7,12318
Video Panoptic Segmentation,Graphs,1,42,12318
Event-based vision,Graphs,1,144,12318
Zero-Guidance Segmentation,General,1,1,114234
Zero-Guidance Segmentation,Computer Vision,1,1,54472
Inverse-Tone-Mapping,Natural Language Processing,1,37,40996
Semantic Segmentation on ScanNet,Graphs,1,5,12318
Gournd video synthesis from satellite image,General,1,1,114234
Gournd video synthesis from satellite image,Computer Vision,1,1,54472
Video-to-image Affordance Grounding,Natural Language Processing,1,4,40996
Token Reduction,Graphs,1,78,12318
3D Human Reconstruction,Graphs,1,106,12318
Multilingual text classification,Graphs,1,31,12318
3D Human Pose Estimation in Limited Data,Computer Vision,1,1,54472
3D Human Pose Estimation in Limited Date,Computer Vision,1,1,54472
Conceptual Physics,Natural Language Processing,1,4,40996
Conceptual Physics,General,1,4,114234
Lip Reading,Graphs,1,152,12318
Acne Severity Grading,Computer Vision,1,7,54472
Chemical Reaction Prediction,Graphs,1,14,12318
Weakly Supervised Referring Expression Segmentation,Computer Vision,1,5,54472
PAIR TRADING,Sequential,1,13,6593
Photo to Rest Generalization,Computer Vision,1,7,54472
2D Semantic Segmentation task 3 (25 classes),Computer Vision,1,3,54472
Audio declipping,General,1,6,114234
Text Classification,Audio,1,3582,488
Video Retrieval (frame-level),General,1,1,114234
Extract aspect-polarity tuple,General,1,3,114234
Extract aspect-polarity tuple,Natural Language Processing,1,3,40996
Multi-Domain Sentiment Classification,Natural Language Processing,1,7,40996
Chinese Landscape Painting Generation,General,1,2,114234
Chinese Landscape Painting Generation,Computer Vision,1,2,54472
3D Lane Detection,Graphs,1,54,12318
Supervised Image Retrieval,Computer Vision,1,4,54472
Multi-Person Pose forecasting,Graphs,1,9,12318
Brain Tumor Classification,Reinforcement Learning,1,52,6988
Medical Question Answering,Sequential,1,139,6593
Medical Question Answering,Graphs,1,139,12318
Bokeh Effect Rendering,General,1,11,114234
Bokeh Effect Rendering,Computer Vision,1,11,54472
Multiview Detection,Computer Vision,1,20,54472
Document Translation,Sequential,1,46,6593
Uncertainty-Aware Panoptic Segmentation,General,1,4,114234
breast density classification,Graphs,1,7,12318
Style Generalization,Graphs,1,13,12318
Robust Semi-Supervised RGBD Semantic Segmentation,General,1,1,114234
Pill Classification,General,1,2,114234
Image ClassiData Augmentationfication,General,1,1,114234
Image ClassiData Augmentationfication,Natural Language Processing,1,1,40996
Cultural Vocal Bursts Intensity Prediction,Graphs,1,488,12318
3D Generation,Reinforcement Learning,1,430,6988
Glyph Image Generation,Computer Vision,1,1,54472
Glyph Image Generation,General,1,1,114234
Human-Human Interaction Recognition,General,1,3,114234
3D Scene Graph Alignment,Graphs,1,2,12318
3D Scene Graph Alignment,Computer Vision,1,2,54472
Temporal Forgery Localization,Computer Vision,1,9,54472
Image Deblocking,Graphs,1,8,12318
ENF (Electric Network Frequency) Extraction,Natural Language Processing,1,5,40996
Video Denoising,Graphs,1,89,12318
Causal Inference,Audio,1,1717,488
Commonsense Causal Reasoning,Audio,1,13,488
Quantum State Tomography,Natural Language Processing,1,45,40996
Zero-Shot Machine Translation,Computer Vision,1,8,54472
Zero-Shot Environment Sound Classification,General,1,6,114234
Zero-Shot Environment Sound Classification,Natural Language Processing,1,6,40996
Embeddings Evaluation,Reinforcement Learning,1,17,6988
Embeddings Evaluation,Natural Language Processing,1,17,40996
Human-Object Relationship Detection,General,1,3,114234
Human-Object Relationship Detection,Natural Language Processing,1,3,40996
Cross-Part Crowd Counting,General,1,2,114234
Cross-Part Evaluation,General,1,1,114234
Cross-Part Crowd Counting,Natural Language Processing,1,2,40996
Cross-Part Evaluation,Natural Language Processing,1,1,40996
Cross-Part Crowd Counting,Computer Vision,1,2,54472
Cross-Part Evaluation,Computer Vision,1,1,54472
Oriented Object Detcti,General,1,1,114234
Oriented Object Detctio,General,1,1,114234
Oriented Object Detcti,Computer Vision,1,1,54472
Oriented Object Detctio,Computer Vision,1,1,54472
Oriented Object Detcti,Natural Language Processing,1,1,40996
Oriented Object Detctio,Natural Language Processing,1,1,40996
Flood extent forecasting,Computer Vision,1,5,54472
Flood extent forecasting,Natural Language Processing,1,5,40996
Underwater Acoustic Classification,General,1,3,114234
Underwater Acoustic Classification,Computer Vision,1,3,54472
Exposure Correction,Graphs,1,43,12318
Few-Shot Point Cloud Classification,Computer Vision,1,4,54472
3D dense captioning,Graphs,1,25,12318
Dense Captioning,Graphs,1,67,12318
Kinship face generation,General,1,1,114234
Kinship face generation,Computer Vision,1,1,54472
5-Degradation Blind All-in-One Image Restoration,Reinforcement Learning,1,8,6988
Blind All-in-One Image Restoration,Reinforcement Learning,1,12,6988
Colorectal Gland Segmentation:,Graphs,1,9,12318
Event-based Motion Estimation,Computer Vision,1,7,54472
Dynamic Node Classification,General,1,10,114234
severity prediction,Graphs,1,67,12318
target-oriented opinion words extraction,Natural Language Processing,1,8,40996
Autonomous Web Navigation,Computer Vision,1,9,54472
singleeq,General,1,1,114234
singleeq,Natural Language Processing,1,1,40996
Fovea Detection,Natural Language Processing,1,8,40996
Logical Reasoning Reading Comprehension,Graphs,1,4,12318
QNLI,Graphs,1,19,12318
Mitigating Contextual Bias,General,1,4,114234
Satellite Orbit Determination,Computer Vision,1,1,54472
Chinese Named Entity Recognition,Computer Vision,1,73,54472
Contextualized Literature-based Discovery,General,1,1,114234
Contextualized Literature-based Discovery,Natural Language Processing,1,1,40996
Synthetic Image Detection,Graphs,1,28,12318
Clothes Changing Person Re-Identification,Graphs,1,12,12318
Unsupervised Clothes Changing Person Re-Identification,Graphs,1,1,12318
Unsupervised Long Term Person Re-Identification,Graphs,1,2,12318
NONPARAMETRIC DEEP CLUSTERING,General,1,1,114234
NONPARAMETRIC DEEP CLUSTERING,Computer Vision,1,1,54472
Citation Prediction,Graphs,1,22,12318
Key-value Pair Extraction,Graphs,1,12,12318
token-classification,Graphs,1,98,12318
Token Classification,Graphs,1,98,12318
Text Infilling,Graphs,1,42,12318
Open-Domain Dialog,Computer Vision,1,57,54472
Speech-to-Speech Translation,Sequential,1,117,6593
Material Recognition,Natural Language Processing,1,65,40996
SVBRDF Estimation,Natural Language Processing,1,11,40996
Hallucination Pair-wise Detection (1-ref),General,1,3,114234
Hallucination Pair-wise Detection (1-ref),Natural Language Processing,1,3,40996
Sentence ReWriting,Computer Vision,1,14,54472
Complex Scene Breaking and Synthesis,Computer Vision,1,1,54472
Partial Video Copy Detection,Computer Vision,1,5,54472
DreamBooth Personalized Generation,General,1,1,114234
DreamBooth Personalized Generation,Computer Vision,1,1,54472
Monocular 3D Object Localization,Computer Vision,1,6,54472
Few-Shot Audio Classification,Computer Vision,1,8,54472
Unsupervised Few-Shot Audio Classification,Computer Vision,1,1,54472
Unsupervised Few-Shot Audio Classification,General,1,1,114234
Brain Visual Reconstruction,Graphs,1,1,12318
Brain Visual Reconstruction from fMRI,Graphs,1,2,12318
Brain Visual Reconstruction,Computer Vision,1,1,54472
Brain Visual Reconstruction,General,1,1,114234
Brain Visual Reconstruction from fMRI,General,1,2,114234
Crosslingual Text-to-Image Generation,General,1,1,114234
Multi-lingual Text-to-Image Generation,General,1,2,114234
Multilingual Text-to-Image Generation,General,1,3,114234
Pendulum-v1,Reinforcement Learning,1,2,6988
Pendulum-v1,General,1,2,114234
Knowledge Graph Completion,Reinforcement Learning,1,477,6988
Temporal Knowledge Graph Completion,Reinforcement Learning,1,41,6988
Image Generation from Scene Graphs,Natural Language Processing,1,8,40996
EDIT Task,Natural Language Processing,1,3,40996
2k,Sequential,1,287,6593
Temporal Information Extraction,Computer Vision,1,85,54472
Referring Image Matting (Prompt-based),General,1,1,114234
Subgraph Counting,Computer Vision,1,17,54472
Subgraph Counting - 2 star,Computer Vision,1,1,54472
Subgraph Counting - 3 Star,Computer Vision,1,2,54472
Subgraph Counting - C4,Computer Vision,1,2,54472
Subgraph Counting - Chordal C4,Computer Vision,1,1,54472
Subgraph Counting - K4,Computer Vision,1,1,54472
Subgraph Counting - Triangle,Computer Vision,1,2,54472
Event Argument Extraction,Graphs,1,71,12318
Adversarial Attack Detection,Natural Language Processing,1,37,40996
Scientific Document Summarization,Graphs,1,21,12318
Outdoor Positioning,Computer Vision,1,10,54472
Mathematical Problem-Solving,Graphs,1,106,12318
fake voice detection,General,1,2,114234
fake voice detection,Computer Vision,1,2,54472
Violence and Weaponized Violence Detection,Computer Vision,1,5,54472
Food recommendation,Graphs,1,28,12318
Image Similarity Search,Graphs,1,18,12318
Image Retrieval with Multi-Modal Query,Natural Language Processing,1,10,40996
Interest Point Detection,Natural Language Processing,1,26,40996
Backdoor Defense for Data-Free Distillation with Poisoned Teachers,General,1,1,114234
Zero-Shot Cross-Lingual Transfer,Audio,1,149,488
Parking Space Occupancy,General,1,5,114234
Parking Space Occupancy,Computer Vision,1,5,54472
Referring Image Matting,Computer Vision,1,3,54472
Music Performance Rendering,General,1,7,114234
Color Image Denoising,Sequential,1,51,6593
Stay Region Extraction,Computer Vision,1,1,54472
3D Point Cloud Reinforcement Learning,Natural Language Processing,1,3,40996
ECG Patient Identification,General,1,1,114234
ECG Patient Identification (gallery-probe),General,1,1,114234
ECG Patient Identification,Computer Vision,1,1,54472
ECG Patient Identification (gallery-probe),Computer Vision,1,1,54472
Shadow Detection And Removal,Computer Vision,1,11,54472
Point Tracking,Sequential,1,151,6593
Video Captioning on MSR-VTT,Natural Language Processing,1,1,40996
Onset Detection,Computer Vision,1,34,54472
Grounded Open Vocabulary Acquisition,General,1,1,114234
Grounded Open Vocabulary Acquisition,Natural Language Processing,1,1,40996
Self-Knowledge Distillation,Sequential,1,68,6593
Video Background Subtraction,Sequential,1,17,6593
Audio-Visual Video Captioning,General,1,2,114234
Game Design,Graphs,1,99,12318
Vision and Language Navigation,Reinforcement Learning,1,219,6988
Conditional Text Generation,Reinforcement Learning,1,67,6988
Blood Cell Detection,Natural Language Processing,1,8,40996
Document-level RE with incomplete labeling,General,1,3,114234
Document-level RE with incomplete labeling,Computer Vision,1,3,54472
Trajectory Clustering,Reinforcement Learning,1,37,6988
Vowel Classification,General,1,7,114234
Raspberry Pi 4,Reinforcement Learning,1,48,6988
Core Promoter Detection,General,1,1,114234
Covid Variant Prediction,General,1,1,114234
Epigenetic Marks Prediction,General,1,1,114234
Genome Understanding,General,1,6,114234
Promoter Detection,General,1,2,114234
Transcription Factor Binding Site Prediction (Human),General,1,2,114234
Transcription Factor Binding Site Prediction (Mouse),General,1,2,114234
Core Promoter Detection,Natural Language Processing,1,1,40996
Covid Variant Prediction,Natural Language Processing,1,1,40996
Epigenetic Marks Prediction,Natural Language Processing,1,1,40996
Genome Understanding,Natural Language Processing,1,6,40996
Promoter Detection,Natural Language Processing,1,2,40996
Splice Site Prediction,Natural Language Processing,1,7,40996
Transcription Factor Binding Site Prediction,Natural Language Processing,1,3,40996
Transcription Factor Binding Site Prediction (Human),Natural Language Processing,1,2,40996
Transcription Factor Binding Site Prediction (Mouse),Natural Language Processing,1,2,40996
3D Semantic Scene Completion from a single RGB image,Natural Language Processing,1,11,40996
Theory of Mind Modeling,Computer Vision,1,8,54472
"noisy quantum circuit classification (quantum ML, error mitigation)",General,1,1,114234
quantum circuit classification (classical ML),General,1,1,114234
quantum circuit classification (quantum ML),General,1,1,114234
"noisy quantum circuit classification (quantum ML, error mitigation)",Natural Language Processing,1,1,40996
quantum circuit classification (classical ML),Natural Language Processing,1,1,40996
quantum circuit classification (quantum ML),Natural Language Processing,1,1,40996
"noisy quantum circuit classification (quantum ML, error mitigation)",Sequential,1,1,6593
quantum circuit classification (classical ML),Sequential,1,1,6593
quantum circuit classification (quantum ML),Sequential,1,1,6593
Automatic Lyrics Transcription,General,1,12,114234
Pathfinder-X,General,1,2,114234
Pathfinder-X,Natural Language Processing,1,2,40996
Pathfinder,Sequential,1,42,6593
Pathfinder-X,Sequential,1,2,6593
Situation Recognition,Computer Vision,1,12,54472
Medical Image Deblurring,General,1,2,114234
Medical Image Deblurring,Computer Vision,1,2,54472
Biomedical Information Retrieval,Graphs,1,15,12318
Interactive Video Object Segmentation,Natural Language Processing,1,16,40996
Training-free Object Counting,Computer Vision,1,3,54472
Differential equation solution,Computer Vision,1,5,54472
KG-to-Text Generation,Sequential,1,22,6593
fingerprint verification,Natural Language Processing,1,24,40996
Lightweight Face Recognition,Natural Language Processing,1,14,40996
Reference-based Video Super-Resolution,Computer Vision,1,5,54472
Computing Characateristic Functions,General,1,1,114234
point of interests,Natural Language Processing,1,13,40996
Resynthesis,Graphs,1,51,12318
Image-Based Localization,Natural Language Processing,1,62,40996
Audio Emotion Recognition,General,1,6,114234
Soundscape evaluation,General,1,4,114234
Age And Gender Classification,Natural Language Processing,1,34,40996
Age and Gender Estimation,Natural Language Processing,1,9,40996
Object Discovery In Videos,Natural Language Processing,1,6,40996
Object Discovery In Videos,Computer Vision,1,6,54472
Camouflaged Object Segmentation,Sequential,1,47,6593
Generative Question Answering,Computer Vision,1,43,54472
Person Recognition,Natural Language Processing,1,63,40996
3D Human Pose Tracking,Natural Language Processing,1,9,40996
Self-Supervised Human Action Recognition,Computer Vision,1,8,54472
Vietnamese Visual Question Answering,Sequential,1,7,6593
NetHack,Computer Vision,1,28,54472
Document AI,Sequential,1,40,6593
Action Recognition In Still Images,General,1,13,114234
Action Recognition In Still Images,Natural Language Processing,1,13,40996
Multiple Choice Question Answering (MCQA),Reinforcement Learning,1,64,6988
Multi-task Language Understanding,Reinforcement Learning,1,57,6988
Gait Recognition in the Wild,Natural Language Processing,1,12,40996
Generative Semantic Nursing,General,1,2,114234
Action Recognition on HMDB-51,General,1,2,114234
Animal Action Recognition,General,1,4,114234
Action Recognition on HMDB-51,Computer Vision,1,2,54472
Animal Action Recognition,Computer Vision,1,4,54472
Action Recognition on HMDB-51,Natural Language Processing,1,2,40996
Animal Action Recognition,Natural Language Processing,1,4,40996
Keypoint detection and image matching,General,1,6,114234
Image Quality Assessment,Sequential,1,732,6593
No-Reference Image Quality Assessment,Sequential,1,155,6593
graph partitioning,Reinforcement Learning,1,208,6988
3D Wireframe Reconstruction,Computer Vision,1,2,54472
Unsupervised Object Localization,Natural Language Processing,1,11,40996
Financial Relation Extraction,Natural Language Processing,1,6,40996
Unsupervised Image Classification,Natural Language Processing,1,45,40996
Anatomical Landmark Detection,Graphs,1,29,12318
International Law,Reinforcement Learning,1,4,6988
Social Media Popularity Prediction,General,1,7,114234
Graph Anomaly Detection,Audio,1,86,488
Source-free Domain Generalization,Graphs,1,5,12318
Brain Image Segmentation,Natural Language Processing,1,30,40996
Visu,General,1,4,114234
Packet Loss Concealment,Computer Vision,1,19,54472
Single Particle Analysis,Reinforcement Learning,1,106,6988
CARLA longest6,Natural Language Processing,1,15,40996
Hard-label Attack,Natural Language Processing,1,9,40996
Landslide segmentation,Graphs,1,8,12318
Beat Tracking,Audio,1,19,488
Text-to-Music Generation,Audio,1,37,488
Hypertension detection,Sequential,1,3,6593
Hypertension detection,Computer Vision,1,3,54472
Mental Workload Estimation,Computer Vision,1,4,54472
Atrial Fibrillation Detection,Graphs,1,43,12318
Medical Procedure,Sequential,1,23,6593
Facial Expression Translation,Natural Language Processing,1,6,40996
Local Distortion,Natural Language Processing,1,25,40996
Zero-shot 3D Point Cloud Classificationclassification,Computer Vision,1,1,54472
Open-World Instance Segmentation,Graphs,1,14,12318
Temporal Sentence Grounding,Graphs,1,43,12318
Vessel Detection,Natural Language Processing,1,29,40996
Self-Organized Clustering,Reinforcement Learning,1,7,6988
Real-time instance measurement,Computer Vision,1,1,54472
Complex Word Identification,Computer Vision,1,67,54472
Motion Expressions Guided Video Segmentation,Natural Language Processing,1,1,40996
3D Volumetric Reconstruction,Natural Language Processing,1,10,40996
Geophysics,Sequential,1,76,6593
Image Forgery Detection,Graphs,1,47,12318
Non-exemplar-based Class Incremental Learning,Natural Language Processing,1,2,40996
JPEG Artifact Removal,Natural Language Processing,1,20,40996
Variational Monte Carlo,Natural Language Processing,1,55,40996
Isomorphism Testing,Graphs,1,14,12318
Game of Hanabi,Reinforcement Learning,1,5,6988
Text-based Person Retrieval with Noisy Correspondence,Natural Language Processing,1,6,40996
Unsupervised Object Detection,General,1,19,114234
scoring rule,Graphs,1,90,12318
CyberBattleSim,General,1,6,114234
CyberBattleSim (RL) chain scenario,General,1,1,114234
NetSecGame,General,1,1,114234
NetSecGame (RL) full scenario defender,General,1,1,114234
NetSecGame (RL) full scenario no defender,General,1,1,114234
NetSecGame (RL) small scenario defender,General,1,1,114234
NetSecGame (RL) small scenario no defender,General,1,1,114234
CyberBattleSim,Natural Language Processing,1,6,40996
CyberBattleSim (RL) chain scenario,Natural Language Processing,1,1,40996
NetSecGame,Natural Language Processing,1,1,40996
NetSecGame (RL) full scenario defender,Natural Language Processing,1,1,40996
NetSecGame (RL) full scenario no defender,Natural Language Processing,1,1,40996
NetSecGame (RL) small scenario defender,Natural Language Processing,1,1,40996
NetSecGame (RL) small scenario no defender,Natural Language Processing,1,1,40996
Bayesian Optimisation,Graphs,1,221,12318
Recipe Generation,Computer Vision,1,40,54472
Vignetting Removal,General,1,1,114234
Vignetting Removal,Natural Language Processing,1,1,40996
Cryogenic Electron Tomography,General,1,9,114234
Formation Energy,Natural Language Processing,1,54,40996
Traffic Accident Detection,Natural Language Processing,1,8,40996
3D Human Dynamics,Natural Language Processing,1,5,40996
Short-term Object Interaction Anticipation,Natural Language Processing,1,11,40996
Audio Emotion Recognition,Natural Language Processing,1,6,40996
Metaheuristic Optimization,Sequential,1,69,6593
Novelty Detection,Sequential,1,249,6593
Vietnamese Social Media Text Processing,Graphs,1,9,12318
Open Vocabulary Panoptic Segmentation,Graphs,1,17,12318
motion retargeting,Graphs,1,49,12318
band gap regression,Graphs,1,2,12318
Jersey Number Recognition,General,1,8,114234
Jersey Number Recognition,Natural Language Processing,1,8,40996
Value prediction,Sequential,1,83,6593
trustable and focussed LLM generated content,Computer Vision,1,2,54472
Taxonomy Expansion,Natural Language Processing,1,25,40996
unsupervised class-incremental learning,Natural Language Processing,1,6,40996
Slice Discovery,Computer Vision,1,10,54472
Object Discovery,Reinforcement Learning,1,209,6988
Formality Style Transfer,Computer Vision,1,19,54472
Causal Identification,Reinforcement Learning,1,47,6988
Literature Mining,Reinforcement Learning,1,24,6988
Review Generation,Reinforcement Learning,1,51,6988
Music Captioning,Computer Vision,1,14,54472
Graph Representation Learning,Audio,1,978,488
Node Classification,Audio,1,1855,488
Long-tail learning with class descriptors,Computer Vision,1,5,54472
Multi-target Domain Adaptation,Graphs,1,39,12318
statistical independence testing,Computer Vision,1,6,54472
Belebele,Sequential,1,11,6593
Inductive Link Prediction,Natural Language Processing,1,32,40996
Scene Recognition,Sequential,1,207,6593
Incremental Constrained Clustering,General,1,1,114234
Event Relation Extraction,Graphs,1,17,12318
Artificial Global Workspace,General,1,1,114234
Artificial Global Workspace,Natural Language Processing,1,1,40996
Artificial Global Workspace,Computer Vision,1,1,54472
point of interests,Computer Vision,1,13,54472
Unsupervised Object Localization,Computer Vision,1,11,54472
Video-Adverb Retrieval,Computer Vision,1,4,54472
Video-Adverb Retrieval (Unseen Compositions),Computer Vision,1,2,54472
Image Manipulation Localization,Graphs,1,31,12318
Beam Prediction,Graphs,1,51,12318
Video deraining,Graphs,1,30,12318
Snow Removal,Graphs,1,28,12318
Moment Retrieval,Sequential,1,131,6593
Wireframe Parsing,Graphs,1,7,12318
Continual Semantic Segmentation,Reinforcement Learning,1,34,6988
Class-Incremental Semantic Segmentation,Graphs,1,31,12318
Dense contact estimation,Natural Language Processing,1,4,40996
Missing Elements,Graphs,1,46,12318
GPS Embeddings,Computer Vision,1,1,54472
Time-interval Prediction,Natural Language Processing,1,4,40996
Pitch control,Natural Language Processing,1,23,40996
Change Data Generation,Computer Vision,1,1,54472
Point Clouds,General,1,22,114234
Argument Pair Extraction (APE),Reinforcement Learning,1,5,6988
Dialog Learning,General,1,8,114234
Dialog Learning,Natural Language Processing,1,8,40996
Sleep apnea detection,Natural Language Processing,1,20,40996
TDC ADMET Benchmarking Group,Graphs,1,5,12318
Mathematical Induction,Computer Vision,1,10,54472
Mathematical Induction,Graphs,1,10,12318
HDR Reconstruction,Natural Language Processing,1,45,40996
Data Summarization,Reinforcement Learning,1,95,6988
Outlier Interpretation,Natural Language Processing,1,5,40996
Data Ablation,Sequential,1,10,6593
Outlier Interpretation,Sequential,1,5,6593
Clinical Note Phenotyping,General,1,1,114234
Clinical Note Phenotyping,Sequential,1,1,6593
Few-shot Instance Segmentation,Graphs,1,13,12318
Zero-Shot Video-Audio Retrieval,Computer Vision,1,1,54472
Generalized Zero-Shot Object Detection on MS-COCO,General,1,1,114234
Generalized Zero-Shot Object Detection on MS-COCO,Computer Vision,1,1,54472
Generalized Zero-Shot Object Detection on MS-COCO,Natural Language Processing,1,1,40996
TriviaQA,Computer Vision,1,121,54472
Stance Classification,Reinforcement Learning,1,101,6988
Facial Landmark Detection,Graphs,1,138,12318
Overall - Test,Graphs,1,33,12318
Clickbait Detection,Graphs,1,31,12318
Zero-shot Classification (unified classes),Computer Vision,1,5,54472
Acute Stroke Lesion Segmentation,General,1,2,114234
Acute Stroke Lesion Segmentation,Computer Vision,1,2,54472
Instruction Following,Sequential,1,1133,6593
Multi-Objective Reinforcement Learning,Graphs,1,143,12318
Active Object Detection,Sequential,1,14,6593
Image Retouching,Natural Language Processing,1,19,40996
Image Retouching,Sequential,1,19,6593
Low-Light Image Enhancement,Sequential,1,315,6593
Image Retouching,Audio,1,19,488
Temporal/Casual QA,General,1,6,114234
multilingual cross-modal retrieval,Natural Language Processing,1,2,40996
Temporal/Casual QA,Natural Language Processing,1,6,40996
Temporal/Casual QA,Computer Vision,1,6,54472
TextVQA,Graphs,1,47,12318
Stance Detection,Audio,1,340,488
Logical Sequence,Graphs,1,9,12318
Figurative Language Visualization,General,1,1,114234
Figurative Language Visualization,Computer Vision,1,1,54472
Masked Language Modeling,Reinforcement Learning,1,456,6988
Auxiliary Learning,Sequential,1,100,6593
Head Detection,Sequential,1,49,6593
Full-Reference Image Quality Assessment,Graphs,1,41,12318
Transportation Mode Detection,Sequential,1,6,6593
Vietnamese Social Media Text Processing,Natural Language Processing,1,9,40996
Few-Shot Relation Classification,Natural Language Processing,1,23,40996
Direct NMT,General,1,1,114234
Direct NMT,Natural Language Processing,1,1,40996
Decision Making Under Uncertainty,Sequential,1,263,6593
Predict Future Video Frames,Computer Vision,1,10,54472
Predict Future Video Frames,General,1,10,114234
Multi-class Classification,Audio,1,895,488
Coronary Artery Segmentation,Reinforcement Learning,1,22,6988
Graph Ranking,Graphs,1,18,12318
Procedural Text Understanding,Graphs,1,15,12318
Fine-Grained Facial Editing,General,1,2,114234
Fine-Grained Facial Editing,Computer Vision,1,2,54472
Active 3D Reconstruction,Natural Language Processing,1,6,40996
Toponym Recognition,Graphs,1,11,12318
Acoustic Modelling,Audio,1,48,488
Aspect Term Extraction and Sentiment Classification,Graphs,1,14,12318
en-US domain classification,General,1,1,114234
en-US Intent Classification,General,1,1,114234
en-US Slot Filling,General,1,1,114234
en-US domain classification,Audio,1,1,488
en-US Intent Classification,Audio,1,1,488
en-US Slot Filling,Audio,1,1,488
Natural Language Understanding,Audio,1,1934,488
Spoken Language Understanding,Audio,1,547,488
Zero-Shot Facial Expression Recognition,Natural Language Processing,1,2,40996
Odor Descriptor Prediction,Graphs,1,1,12318
Deep imbalanced regression,General,1,7,114234
Production Forecasting,Sequential,1,15,6593
Interactive Recommendation,Natural Language Processing,1,40,40996
Patent classification,Computer Vision,1,36,54472
Image-to-Image Translation,Sequential,1,1177,6593
Room Impulse Response (RIR),Natural Language Processing,1,52,40996
Video Question Answering (Level 3),General,1,1,114234
Video Question Answering (Level 4),General,1,1,114234
Video Question Answering (Level 3),Natural Language Processing,1,1,40996
Video Question Answering (Level 4),Natural Language Processing,1,1,40996
Video Story QA,Natural Language Processing,1,4,40996
Panoptic Tracking,General,1,6,114234
Referring Expression,Audio,1,362,488
Referring Expression Comprehension,Audio,1,166,488
Visual Question Answering,Audio,1,2162,488
LIDAR Semantic Segmentation,Audio,1,129,488
Procedure Learning,Graphs,1,15,12318
Compositional Generalization (AVG),General,1,4,114234
Compositional Generalization (AVG),Natural Language Processing,1,4,40996
Pulmonary Embolism Detection,Computer Vision,1,11,54472
Business Ethics,Graphs,1,4,12318
Aspect Category Polarity,Natural Language Processing,1,6,40996
MMR total,Computer Vision,1,12,54472
scoring rule,Sequential,1,90,6593
Chemical Process,Sequential,1,58,6593
Self-Supervised Anomaly Detection,Graphs,1,29,12318
Lexical Normalization,Sequential,1,47,6593
Cross-Lingual Sentiment Classification,Reinforcement Learning,1,16,6988
Zero-Shot Cross-Lingual Transfer,Reinforcement Learning,1,149,6988
Readmission Prediction,Computer Vision,1,38,54472
Breast Cancer Histology Image Classification,Natural Language Processing,1,17,40996
Image-based Generative Performance Benchmarking,General,1,1,114234
Video-based Generative Performance Benchmarking (Correctness of Information) on VideoInstruct,General,1,1,114234
Multilingual Word Embeddings,Computer Vision,1,56,54472
How to refund a wrong transaction in PhonePe,Computer Vision,1,2,54472
How to refund a wrong transaction in PhonePe,General,1,2,114234
Script Generation,Graphs,1,43,12318
Landslide segmentation,Natural Language Processing,1,8,40996
Low-Dose X-Ray Ct Reconstruction,General,1,11,114234
Low-Dose X-Ray Ct Reconstruction,Natural Language Processing,1,11,40996
3D Architecture,Sequential,1,23,6593
GZSL Video Classification,Natural Language Processing,1,7,40996
Science Question Answering,Graphs,1,23,12318
Facial Beauty Prediction,Natural Language Processing,1,11,40996
Virtual Try-on (Model2Street),General,1,1,114234
Virtual Try-on (Shop2Street),General,1,1,114234
Virtual Try-on (Street2Street),General,1,1,114234
Virtual Try-on (Model2Street),Natural Language Processing,1,1,40996
Virtual Try-on (Shop2Street),Natural Language Processing,1,1,40996
Virtual Try-on (Street2Street),Natural Language Processing,1,1,40996
Crop Type Mapping,Computer Vision,1,20,54472
Onset Detection,Graphs,1,34,12318
Authorship Attribution,Sequential,1,208,6593
Hyperspectral image analysis,Graphs,1,36,12318
Additive models,Sequential,1,251,6593
Zero-Shot Visual Question Answring,General,1,3,114234
Zero-Shot Visual Question Answring,Natural Language Processing,1,3,40996
Zero-Shot Visual Question Answring,Computer Vision,1,3,54472
Protein-Ligand Affinity Prediction,Natural Language Processing,1,8,40996
Cross-lingual Text-to-Image Generation,Computer Vision,1,2,54472
Category-Agnostic Pose Estimation,Graphs,1,15,12318
Vehicle Pose Estimation,Graphs,1,37,12318
Gaussian Processes,Audio,1,1955,488
Depth Aleatoric Uncertainty Estimation,General,1,3,114234
Preference Mapping,Reinforcement Learning,1,11,6988
PDE Surrogate Modeling,Natural Language Processing,1,9,40996
VCGBench-Diverse,Computer Vision,1,5,54472
Zero-Shot Action Recognition on HMDB51,General,1,2,114234
Zero-Shot Action Recognition on UCF101,General,1,3,114234
Runtime ranking,General,1,2,114234
Runtime ranking,Computer Vision,1,2,54472
Runtime ranking,Natural Language Processing,1,2,40996
Damaged Building Detection,General,1,3,114234
Damaged Building Detection,Computer Vision,1,3,54472
Sign Language Production,Graphs,1,40,12318
Human Fitting,Computer Vision,1,3,54472
Lighting Estimation,General,1,51,114234
Bird's-Eye View Semantic Segmentation,Graphs,1,26,12318
Multilingual text classification,Sequential,1,31,6593
Toxic Comment Classification,Computer Vision,1,28,54472
Bangla Text Detection,General,1,1,114234
Grapheme Detection,General,1,1,114234
Bangla Text Detection,Computer Vision,1,1,54472
Grapheme Detection,Computer Vision,1,1,54472
Battery cycle life prediction,Sequential,1,4,6593
Influence Approximation,Computer Vision,1,7,54472
Human-Object Interaction Generation,General,1,10,114234
Lifelike 3D Human Generation,Natural Language Processing,1,6,40996
Dialect Identification,Audio,1,189,488
Few-Shot Learning,Audio,1,2939,488
Pose Tracking,Graphs,1,191,12318
Mono3DVG,General,1,1,114234
Mono3DVG,Natural Language Processing,1,1,40996
Mono3DVG,Computer Vision,1,1,54472
Uncertainty Visualization,Computer Vision,1,10,54472
Multi-View 3D Shape Retrieval,Computer Vision,1,5,54472
Perpetual View Generation,Natural Language Processing,1,7,40996
abstractive question answering,Natural Language Processing,1,13,40996
Keypoint Estimation,Natural Language Processing,1,71,40996
Noise Level Prediction,General,1,2,114234
MME,Reinforcement Learning,1,95,6988
video narration captioning,Computer Vision,1,1,54472
Zero-shot Classification (unified classes),Graphs,1,5,12318
Plasticine3D,Natural Language Processing,1,2,40996
Plasticine3D,General,1,2,114234
Plasticine3D,Computer Vision,1,2,54472
3D Single Object Tracking,Graphs,1,43,12318
Semantic Shift Detection,Graphs,1,10,12318
de novo peptide sequencing,Graphs,1,24,12318
Columns Property Annotation,Graphs,1,11,12318
Drone navigation,Natural Language Processing,1,40,40996
Face Generation,Sequential,1,380,6593
Talking Face Generation,Sequential,1,109,6593
Chat-based Image Retrieval,General,1,1,114234
Occlusion Estimation,Natural Language Processing,1,19,40996
3D Open-Vocabulary Object Detection,General,1,5,114234
3D Open-Vocabulary Object Detection,Natural Language Processing,1,5,40996
3D Open-Vocabulary Object Detection,Computer Vision,1,5,54472
Epilepsy Prediction,Natural Language Processing,1,4,40996
Next-basket recommendation,Computer Vision,1,18,54472
Professional Medicine,General,1,2,114234
Professional Medicine,Natural Language Processing,1,2,40996
Correlated Time Series Forecasting,Graphs,1,10,12318
Cross-modal retrieval with noisy correspondence,Natural Language Processing,1,20,40996
mixture property prediction,Computer Vision,1,1,54472
mixture property prediction,Graphs,1,1,12318
Linguistic steganography,Reinforcement Learning,1,21,6988
Graph Outlier Detection,Computer Vision,1,5,54472
Graph Outlier Detection,General,1,5,114234
Phrase Tagging,General,1,3,114234
Phrase Tagging,Natural Language Processing,1,3,40996
Scene Graph Detection,Graphs,1,11,12318
continual anomaly detection,General,1,8,114234
continual anomaly detection,Graphs,1,8,12318
Music Quality Assessment,General,1,2,114234
Online Domain Adaptation,General,1,14,114234
Online Domain Adaptation,Natural Language Processing,1,14,40996
Text Detection,Reinforcement Learning,1,592,6988
Text Spotting,Reinforcement Learning,1,110,6988
Viewpoint Estimation,Natural Language Processing,1,41,40996
Relation Mapping,General,1,5,114234
Relation Mapping,Natural Language Processing,1,5,40996
MRPC,Audio,1,29,488
STS,Audio,1,325,488
STS-B,Audio,1,16,488
Packet Loss Concealment,Sequential,1,19,6593
Phishing Website Detection,Computer Vision,1,11,54472
Skin Cancer Classification,Natural Language Processing,1,44,40996
Classifier calibration,Natural Language Processing,1,29,40996
Sensitivity Classification,General,1,2,114234
Text to Image Generation,Sequential,1,965,6593
Text-to-Image Generation,Sequential,1,1081,6593
The Semantic Segmentation Of Remote Sensing Imagery,Graphs,1,11,12318
Cell Tracking,Sequential,1,74,6593
Microvideo Recommendation,General,1,2,114234
Micro-video recommendations,General,1,3,114234
Multi-Media Recommendation,General,1,2,114234
Microvideo Recommendation,Graphs,1,2,12318
Micro-video recommendations,Graphs,1,3,12318
Multi-Media Recommendation,Graphs,1,2,12318
Microvideo Recommendation,Natural Language Processing,1,2,40996
Micro-video recommendations,Natural Language Processing,1,3,40996
Multi-Media Recommendation,Natural Language Processing,1,2,40996
Faithfulness Critic,General,1,1,114234
Faithfulness Critic,Reinforcement Learning,1,1,6988
Lightweight Deployment,Graphs,1,15,12318
MLLM Evaluation: Aesthetics,General,1,1,114234
Amodal Instance Segmentation,General,1,24,114234
Precipitation Forecasting,Graphs,1,36,12318
Evolving Domain Generalization,Natural Language Processing,1,4,40996
Theory of Mind Modeling,General,1,8,114234
point cloud video understanding,Graphs,1,8,12318
Chemical Entity Recognition,Sequential,1,3,6593
Depth Completion,Reinforcement Learning,1,242,6988
Community Search,Natural Language Processing,1,11,40996
Cross-Domain Facial Expression Recognition,Natural Language Processing,1,4,40996
Infrared image super-resolution,Natural Language Processing,1,11,40996
Offline surgical phase recognition,General,1,3,114234
Offline surgical phase recognition,Natural Language Processing,1,3,40996
Decipherment,Computer Vision,1,46,54472
Image-To-Video Person Re-Identification,General,1,5,114234
Image-To-Video Person Re-Identification,Computer Vision,1,5,54472
Logo Recognition,Natural Language Processing,1,15,40996
Logo Recognition,Computer Vision,1,15,54472
Dominance Estimation,General,1,3,114234
statistical independence testing,Reinforcement Learning,1,6,6988
Long Video Retrieval (Background Removed),Natural Language Processing,1,6,40996
Probabilistic Deep Learning,Audio,1,79,488
Quantum Circuit Mapping,General,1,2,114234
Hierarchical Text Segmentation,Computer Vision,1,5,54472
Program induction,Graphs,1,66,12318
molecular representation,Sequential,1,168,6593
Artery/Veins Retinal Vessel Segmentation,Computer Vision,1,3,54472
Density Ratio Estimation,Natural Language Processing,1,92,40996
Video-based Generative Performance Benchmarking,Reinforcement Learning,1,20,6988
Head Pose Estimation,Sequential,1,129,6593
Linear Mode Connectivity,Reinforcement Learning,1,35,6988
Stock Prediction,Reinforcement Learning,1,102,6988
Pathfinder,Reinforcement Learning,1,42,6988
Misclassification Rate - Natural Adversarial Samples,Computer Vision,1,1,54472
3D Anomaly Detection and Segmentation,General,1,11,114234
3D Anomaly Detection and Segmentation,Reinforcement Learning,1,11,6988
3D Face Reconstruction,Reinforcement Learning,1,211,6988
Shadow Removal,Reinforcement Learning,1,127,6988
Unconditional Video Generation,Reinforcement Learning,1,15,6988
Weakly-Supervised Semantic Segmentation,Reinforcement Learning,1,296,6988
Zero-shot 3D Point Cloud Classification,Reinforcement Learning,1,13,6988
Exposure Fairness,Natural Language Processing,1,15,40996
Video Narrative Grounding,Computer Vision,1,3,54472
Few-Shot Imitation Learning,Graphs,1,15,12318
GSM8K,Sequential,1,439,6593
Radar Object Detection,Graphs,1,29,12318
CSV dialect detection,Reinforcement Learning,1,1,6988
Pre-Fine-Tuning Weight Recovery,General,1,1,114234
MM-Vet,Reinforcement Learning,1,19,6988
Claim Verification,Graphs,1,132,12318
Financial Analysis,Reinforcement Learning,1,93,6988
Ad-hoc video search,General,1,13,114234
HellaSwag,Graphs,1,38,12318
Nuclei Classification,Natural Language Processing,1,14,40996
ArabicMMLU,Natural Language Processing,1,2,40996
Partially Relevant Video Retrieval,Graphs,1,8,12318
Unsupervised Object Detection,Graphs,1,19,12318
Text-to-CQL,Natural Language Processing,1,1,40996
Sokoban,Natural Language Processing,1,61,40996
3D Scene Reconstruction,Reinforcement Learning,1,246,6988
Approximating Betweenness-Centrality ranking,General,1,2,114234
multilingual cross-modal retrieval,Graphs,1,2,12318
Online unsupervised domain adaptation,General,1,8,114234
Noisy Semantic Image Synthesis,Computer Vision,1,1,54472
Multi-modal Dialogue Generation,General,1,3,114234
Multi-modal Dialogue Generation,Natural Language Processing,1,3,40996
Physical Commonsense Reasoning,Computer Vision,1,10,54472
Text-to-GQL,General,1,2,114234
Text-to-Video Editing,Natural Language Processing,1,9,40996
NetHack,Reinforcement Learning,1,28,6988
Generative Question Answering,Graphs,1,43,12318
Causal Identification,Graphs,1,47,12318
Hallucination Evaluation,Computer Vision,1,49,54472
Hallucination Evaluation,Graphs,1,49,12318
QQP,Computer Vision,1,32,54472
Generative Question Answering,Sequential,1,43,6593
Transparent objects,Reinforcement Learning,1,117,6988
Open Vocabulary Action Recognition,Natural Language Processing,1,5,40996
Summarization Consistency Evaluation,General,1,1,114234
Summarization Consistency Evaluation,Natural Language Processing,1,1,40996
few-shot-ner,Computer Vision,1,30,54472
Few-shot NER,Computer Vision,1,61,54472
Trajectory Long-tail Distribution for Muti-object Tracking,Computer Vision,1,1,54472
Trajectory Long-tail Distribution for Muti-object Tracking,General,1,1,114234
Multi-Hypotheses 3D Human Pose Estimation,Natural Language Processing,1,16,40996
Film Removal,General,1,1,114234
Part-based Representation Learning,General,1,2,114234
Part-based Representation Learning,Natural Language Processing,1,2,40996
Open-vocabulary object counting,General,1,2,114234
Training-free Object Counting,General,1,3,114234
Class-Incremental Object Detection,Sequential,1,17,6593
LLM real-life tasks,Natural Language Processing,1,9,40996
Image-to-Image Translation,Audio,1,1177,488
3D Object Classification,Sequential,1,93,6593
Visual Social Relationship Recognition,Natural Language Processing,1,10,40996
Semantic Similarity,Audio,1,1550,488
Semantic Textual Similarity,Audio,1,2360,488
Single Particle Analysis,Sequential,1,106,6593
Folded Tissue Detection,General,1,2,114234
3D Object Detection (RoI),General,1,6,114234
Prediction Of Occupancy Grid Maps,General,1,7,114234
3D Object Detection (RoI),Natural Language Processing,1,6,40996
Knowledge Tracing,Reinforcement Learning,1,214,6988
Micro-gesture Recognition,Computer Vision,1,5,54472
cognitive diagnosis,Graphs,1,42,12318
Trajectory Planning,Sequential,1,324,6593
Image Animation,Graphs,1,94,12318
Keypoint Detection,Reinforcement Learning,1,339,6988
Vehicle Pose Estimation,Reinforcement Learning,1,37,6988
Simulated Gaussian Manipulation,Graphs,1,6,12318
3D Multi-Person Human Pose Estimation,Natural Language Processing,1,8,40996
Folded Tissue Detection,Computer Vision,1,2,54472
Visual Analogies,General,1,10,114234
Predictive Process Monitoring,Reinforcement Learning,1,50,6988
Open-World Semi-Supervised Learning,Graphs,1,16,12318
Chemical Process,Natural Language Processing,1,58,40996
Pseudo Label Filtering,Graphs,1,26,12318
Proper Noun,Computer Vision,1,15,54472
Facial Attribute Classification,Computer Vision,1,37,54472
multi-view detection,Natural Language Processing,1,13,40996
Multiview Detection,Natural Language Processing,1,20,40996
Train Ego-Path Detection,General,1,1,114234
Generative Temporal Nursing,General,1,1,114234
Generative Temporal Nursing,Computer Vision,1,1,54472
Video Synopsis,Computer Vision,1,10,54472
Exemplar-Free,Graphs,1,72,12318
Foggy Scene Segmentation,General,1,3,114234
Foggy Scene Segmentation,Natural Language Processing,1,3,40996
All-day Semantic Segmentation,Natural Language Processing,1,4,40996
Animated GIF Generation,Computer Vision,1,6,54472
Animated GIF Generation,General,1,6,114234
MULTI-VIEW LEARNING,Sequential,1,253,6593
Document AI,Graphs,1,40,12318
Fake Image Detection,Graphs,1,37,12318
3D Object Detection (RoI),Graphs,1,6,12318
Robust 3D Object Detection,Graphs,1,33,12318
3D Object Detection (RoI),Computer Vision,1,6,54472
MRI classification,Natural Language Processing,1,19,40996
Vietnamese Language Models,General,1,6,114234
Knowledge-Aware Recommendation,Computer Vision,1,14,54472
Automatic Modulation Recognition,Natural Language Processing,1,19,40996
Avg,Reinforcement Learning,1,117,6988
Bird Audio Detection,General,1,6,114234
Egocentric Pose Estimation,Natural Language Processing,1,21,40996
Egocentric Pose Estimation,Computer Vision,1,21,54472
ENF (Electric Network Frequency) Classification,Natural Language Processing,1,1,40996
Supervised Image Retrieval,Natural Language Processing,1,4,40996
Point Cloud Rrepresentation Learning,Natural Language Processing,1,1,40996
Discourse Segmentation,Graphs,1,37,12318
Causal Discovery in Video Reasoning,Natural Language Processing,1,2,40996
text similarity,Reinforcement Learning,1,268,6988
Online Mistake Detection,General,1,4,114234
Mistake Detection,Computer Vision,1,14,54472
Online Mistake Detection,Computer Vision,1,4,54472
Online Mistake Detection,Natural Language Processing,1,4,40996
Style Detection,Computer Vision,1,6,54472
Forgery Image Detection,Natural Language Processing,1,3,40996
SENTS,Graphs,1,13,12318
Mitosis Detection,Natural Language Processing,1,47,40996
Out-of-Sight Trajectory Prediction,Computer Vision,1,1,54472
3D Scene Reconstruction,Graphs,1,246,12318
Neural Stylization,General,1,6,114234
Antibody-antigen binding prediction,General,1,10,114234
Antibody-antigen binding prediction,Computer Vision,1,10,54472
2D Tiny Object Detection,General,1,2,114234
2D Tiny Object Detection,Natural Language Processing,1,2,40996
Transductive Zero-Shot Classification,General,1,3,114234
Vietnamese Speech Recognition,General,1,4,114234
Text Reranking,General,1,6,114234
Visual Prompting,Reinforcement Learning,1,127,6988
Activity Recognition In Videos,Graphs,1,18,12318
Personality Generation,Natural Language Processing,1,4,40996
Personality Generation,Reinforcement Learning,1,4,6988
Dialogue Generation,Audio,1,594,488
Spatio-temporal Action Recognition,Graphs,1,9,12318
Spatio-temporal Action Recognition,Computer Vision,1,9,54472
Video Object Tracking,Graphs,1,98,12318
Artistic style classification,General,1,3,114234
Artistic style classification,Computer Vision,1,3,54472
SENTS,Computer Vision,1,13,54472
Extractive Question-Answering,Sequential,1,93,6593
Finger Vein Recognition,Natural Language Processing,1,15,40996
Key Point Matching,Natural Language Processing,1,14,40996
EEG,Audio,1,2430,488
Event Coreference Resolution,Computer Vision,1,70,54472
Entity Linking,Reinforcement Learning,1,725,6988
MM-Vet,Natural Language Processing,1,19,40996
Gaze Target Estimation,Computer Vision,1,6,54472
"Indoor Localization (3-DoF Pose: X, Y, Yaw)",General,1,1,114234
Indoor Localization (6-DoF Pose),General,1,1,114234
Game State Reconstruction,Computer Vision,1,4,54472
Image Retrieval on Fashion IQ,Graphs,1,1,12318
Vocabulary-free Image Classification,General,1,2,114234
Multilabel Text Classification,Graphs,1,12,12318
Multimodal Reasoning,Sequential,1,302,6593
Contour Detection,Natural Language Processing,1,69,40996
College Chemistry,General,1,2,114234
College Chemistry,Natural Language Processing,1,2,40996
Gallbladder Cancer Detection,Computer Vision,1,4,54472
Gallbladder Cancer Detection,General,1,4,114234
Multimodal Attribute Value Extraction,Natural Language Processing,1,4,40996
RACE-h,General,1,2,114234
RACE-m,General,1,2,114234
RACE-h,Natural Language Processing,1,2,40996
RACE-m,Natural Language Processing,1,2,40996
Clinical Section Identification,General,1,2,114234
Clinical Section Identification,Natural Language Processing,1,2,40996
Intelligent Communication,Graphs,1,29,12318
Multispectral Image Super-resolution,General,1,3,114234
Multispectral Image Super-resolution,Natural Language Processing,1,3,40996
Open-vocab Temporal Action Detection,General,1,1,114234
Open-vocab Temporal Action Detection,Computer Vision,1,1,54472
Flood Inundation Mapping,Computer Vision,1,5,54472
Distributed Optimization,Reinforcement Learning,1,535,6988
Boundary Detection,Reinforcement Learning,1,357,6988
Generic Event Boundary Detection,Reinforcement Learning,1,20,6988
Vietnamese Multimodal Sentiment Analysis,Natural Language Processing,1,1,40996
Anomaly Segmentation,Reinforcement Learning,1,116,6988
Lesion Detection,Reinforcement Learning,1,257,6988
Weakly-supervised Anomaly Detection,Reinforcement Learning,1,32,6988
Generative 3D Object Classification,General,1,5,114234
Generative 3D Object Classification,Natural Language Processing,1,5,40996
Generative 3D Object Classification,Computer Vision,1,5,54472
3D Object Retrieval,Graphs,1,28,12318
Optic Disc Detection,Natural Language Processing,1,6,40996
Author Attribution,Natural Language Processing,1,13,40996
Micro-gesture Recognition,Graphs,1,5,12318
Low-Rank Matrix Completion,Graphs,1,158,12318
Federated Unsupervised Learning,General,1,5,114234
Active 3D Reconstruction,Computer Vision,1,6,54472
Active 3D Reconstruction,General,1,6,114234
Breast Cancer Detection,Graphs,1,126,12318
Classification Of Breast Cancer Histology Images,Graphs,1,11,12318
Saliency Prediction,Reinforcement Learning,1,265,6988
Spectrum Cartography,Sequential,1,12,6593
Audio Effects Modeling,Natural Language Processing,1,4,40996
Metadata quality,General,1,7,114234
Metadata quality,Natural Language Processing,1,7,40996
Multiview Clustering,General,1,13,114234
Implicatures,Computer Vision,1,29,54472
Misconceptions,Reinforcement Learning,1,161,6988
Social Media Mental Health Detection,Natural Language Processing,1,3,40996
Social Media Mental Health Detection,Graphs,1,3,12318
Test Agnostic Long-Tailed Learning,General,1,2,114234
Video Enhancement,Graphs,1,110,12318
Cloze Test,Graphs,1,67,12318
Sign Language Retrieval,Natural Language Processing,1,7,40996
Matrix Completion,Audio,1,792,488
Myocardium Segmentation,Natural Language Processing,1,23,40996
Sign Language Production,Sequential,1,40,6593
Citation worhtiness,General,1,1,114234
Citation worhtiness,Sequential,1,1,6593
Long Form Question Answering,Computer Vision,1,60,54472
Gloss-free Sign Language Translation,Graphs,1,20,12318
Cyber Attack Detection,Natural Language Processing,1,41,40996
In-Context Learning,Audio,1,2291,488
User Simulation,Graphs,1,64,12318
Micro-gesture Recognition,Natural Language Processing,1,5,40996
3D Semantic Scene Completion from a single RGB image,Graphs,1,11,12318
OpenAPI code completion,General,1,1,114234
OpenAPI code completion,Natural Language Processing,1,1,40996
Library-Oriented Code Generation,Natural Language Processing,1,5,40996
SQL Synthesis,General,1,3,114234
SQL Synthesis,Natural Language Processing,1,3,40996
Runtime ranking,Graphs,1,2,12318
Handwriting Verification,Computer Vision,1,6,54472
Text-based de novo Molecule Generation,Graphs,1,14,12318
Jurisprudence,Graphs,1,26,12318
Legal Reasoning,Graphs,1,92,12318
Node Regression,Natural Language Processing,1,13,40996
Chemical Reaction Prediction,Computer Vision,1,14,54472
Graph-To-Graph Translation,Computer Vision,1,6,54472
Single-View 3D Reconstruction on ShapeNet,Computer Vision,1,1,54472
Cryptanalysis,Natural Language Processing,1,37,40996
Antibody-antigen binding prediction,Natural Language Processing,1,10,40996
Antibody-antigen binding prediction,Graphs,1,10,12318
Image-Variation,Natural Language Processing,1,24,40996
Transfer Reinforcement Learning,Natural Language Processing,1,41,40996
Tumour Classification,Natural Language Processing,1,17,40996
Image-text Classification,Graphs,1,13,12318
3D Architecture,Natural Language Processing,1,23,40996
3D Surface Generation,Natural Language Processing,1,10,40996
CoLA,Reinforcement Learning,1,78,6988
Forgery Image Detection,Computer Vision,1,3,54472
Video scene graph generation,Graphs,1,16,12318
Uncertainty Visualization,Reinforcement Learning,1,10,6988
Text within image generation,Computer Vision,1,2,54472
Subgroup Discovery,Natural Language Processing,1,47,40996
Document Dating,Natural Language Processing,1,9,40996
Cross-modal retrieval with noisy correspondence,Computer Vision,1,20,54472
es-en,Computer Vision,1,48,54472
Simultaneous Speech-to-Speech Translation,Computer Vision,1,12,54472
Simultaneous Speech-to-Text Translation,Computer Vision,1,12,54472
de-en,Audio,1,78,488
es-en,Audio,1,48,488
Simultaneous Speech-to-Speech Translation,Audio,1,12,488
Simultaneous Speech-to-Text Translation,Audio,1,12,488
Simultaneous Speech-to-Speech Translation,Natural Language Processing,1,12,40996
Simultaneous Speech-to-Text Translation,Natural Language Processing,1,12,40996
Term Extraction,Computer Vision,1,157,54472
Local intrinsic dimension estimation,Computer Vision,1,4,54472
Fine-Grained Opinion Analysis,Natural Language Processing,1,19,40996
Consistent Character Generation,Natural Language Processing,1,10,40996
Video-to-Video Synthesis,Natural Language Processing,1,18,40996
motion retargeting,Reinforcement Learning,1,49,6988
Video Temporal Consistency,General,1,11,114234
Informal-to-formal Style Transfer,General,1,1,114234
Zero-shot Classification (unified classes),General,1,5,114234
Spacecraft Pose Estimation,Natural Language Processing,1,25,40996
Age-Invariant Face Recognition,General,1,19,114234
Age-Invariant Face Recognition,Natural Language Processing,1,19,40996
L2 Regularization,Graphs,1,127,12318
Detection of potentially void clauses,General,1,1,114234
Detection of potentially void clauses,Natural Language Processing,1,1,40996
Bandwidth Extension,Natural Language Processing,1,50,40996
Video Harmonization,General,1,5,114234
Video Harmonization,Computer Vision,1,5,54472
Video Harmonization,Natural Language Processing,1,5,40996
CAD Reconstruction,Computer Vision,1,23,54472
Video Similarity,Graphs,1,24,12318
Image Forgery Detection,Natural Language Processing,1,47,40996
Semantic Image-Text Similarity,General,1,4,114234
Semantic Image-Text Similarity,Natural Language Processing,1,4,40996
Maximum Separation,Computer Vision,1,12,54472
Visual Social Relationship Recognition,Computer Vision,1,10,54472
Date Understanding,Computer Vision,1,14,54472
Video Editing,Sequential,1,345,6593
Repetitive Action Counting,Natural Language Processing,1,14,40996
Lane Labeling,General,1,1,114234
CARLA Leaderboard 2.0,Natural Language Processing,1,6,40996
Fine-Grained Urban Flow Inference,General,1,5,114234
Fine-Grained Urban Flow Inference,Graphs,1,5,12318
Fine-Grained Urban Flow Inference,Natural Language Processing,1,5,40996
Full-body anonymization,General,1,7,114234
Weight Space Learning,Computer Vision,1,6,54472
Intent Recognition,Reinforcement Learning,1,92,6988
HellaSwag,Computer Vision,1,38,54472
Winogrande,Computer Vision,1,26,54472
AI and Safety,General,1,4,114234
Repetitive Action Counting,Computer Vision,1,14,54472
Sence Classification,General,1,1,114234
Live Video Captioning,Natural Language Processing,1,2,40996
Human Detection of Deepfakes,Natural Language Processing,1,2,40996
Multi-object discovery,Computer Vision,1,8,54472
Sentence Retrieval,Reinforcement Learning,1,80,6988
Segmentation Of Remote Sensing Imagery,Graphs,1,27,12318
Image-to-Image Regression,Natural Language Processing,1,22,40996
Surrogate Hydrodynamic Modeling,Natural Language Processing,1,1,40996
Surrogate Hydrodynamic Modeling,General,1,1,114234
Resume Scoring,General,1,1,114234
Resume Scoring,Natural Language Processing,1,1,40996
Component Classification,Graphs,1,18,12318
Medical Image Registration,Reinforcement Learning,1,198,6988
Local intrinsic dimension estimation,General,1,4,114234
Adversarial Natural Language Inference,General,1,5,114234
Real-Time Multi-Object Tracking,General,1,12,114234
Zero-Shot Cross-Lingual Image-to-Text Retrieval,Graphs,1,3,12318
Zero-Shot Cross-Lingual Image-to-Text Retrieval on xFlickr&CO,Graphs,1,1,12318
Zero-Shot Cross-Lingual Text-to-Image Retrieval,Graphs,1,3,12318
Zero-Shot Cross-Lingual Text-to-Image Retrieval on xFlickr&CO,Graphs,1,1,12318
ArzEn Code-switched Translation to ara,Natural Language Processing,1,1,40996
ArzEn Code-switched Translation to eng,Natural Language Processing,1,1,40996
ArzEn Speech Recognition,Natural Language Processing,1,1,40996
Code-switched Translation to ara,Natural Language Processing,1,1,40996
Code-switched Translation to eng,Natural Language Processing,1,1,40996
Few Shot Open Set Object Detection,Natural Language Processing,1,3,40996
Multiple Sequence Alignment,Graphs,1,54,12318
Job Prediction,Computer Vision,1,5,54472
Dataset Size Recovery,General,1,1,114234
Weakly Supervised Referring Expression Segmentation,General,1,5,114234
Weakly Supervised Referring Expression Segmentation,Graphs,1,5,12318
Website Fingerprinting Attacks,Graphs,1,4,12318
Personalized and Emotional Conversation,Computer Vision,1,2,54472
Stable MCI vs Progressive MCI,General,1,1,114234
Stable MCI vs Progressive MCI,Computer Vision,1,1,54472
Few-Shot Classification and Segmentation,Graphs,1,4,12318
BraTS2021,Graphs,1,15,12318
Color Normalization,Natural Language Processing,1,23,40996
Open-Vocabulary Panoramic Semantic Segmentation,General,1,1,114234
Trajectory Clustering,Graphs,1,37,12318
Sound Classification,Sequential,1,146,6593
Valene Estimation,General,1,2,114234
Valence Estimation,Graphs,1,10,12318
Valene Estimation,Graphs,1,2,12318
Behavioural cloning,Reinforcement Learning,1,45,6988
Zero-Shot Counting,Graphs,1,17,12318
Drum Transcription in Music (DTM),General,1,2,114234
Drum Transcription,Natural Language Processing,1,11,40996
Drum Transcription in Music (DTM),Natural Language Processing,1,2,40996
Cryogenic Electron Tomography,Graphs,1,9,12318
Electron Tomography,Graphs,1,47,12318
Low Resource NMT,Sequential,1,33,6593
Hierarchical Text-Image Matching,Computer Vision,1,1,54472
Lexical Entailment,Computer Vision,1,44,54472
RTE,Audio,1,111,488
Autism detection,Computer Vision,1,16,54472
Cell Tracking,Natural Language Processing,1,74,40996
Mammographic Breast Positioning Assessment,General,1,1,114234
Breast Tissue Identification,Natural Language Processing,1,2,40996
Mammographic Breast Positioning Assessment,Natural Language Processing,1,1,40996
Breast Tissue Identification,Computer Vision,1,2,54472
Mammographic Breast Positioning Assessment,Computer Vision,1,1,54472
Dataset Distillation,Audio,1,216,488
Neural Architecture Search,Audio,1,1908,488
Video-to-Sound Generation,Natural Language Processing,1,9,40996
Distributed Computing,Sequential,1,377,6593
3D Semantic Scene Completion from a single RGB image,General,1,11,114234
Non-Adversarial Robustness,General,1,6,114234
Non-Adversarial Robustness,Sequential,1,6,6593
Disjoint 19-1,General,1,1,114234
Handwritten Mathmatical Expression Recognition,Graphs,1,16,12318
Automatic Phoneme Recognition,General,1,5,114234
Specular Reflection Mitigation,General,1,3,114234
Specular Reflection Mitigation,Natural Language Processing,1,3,40996
Generalized Zero Shot skeletal action recognition,Computer Vision,1,3,54472
5-Degradation Blind All-in-One Image Restoration,General,1,8,114234
Blind All-in-One Image Restoration,General,1,12,114234
Class-Incremental Semantic Segmentation,Natural Language Processing,1,31,40996
Bandwidth Extension,Audio,1,50,488
Inductive Bias,Audio,1,1518,488
Speech Interruption Detection,General,1,7,114234
Alzheimer's Disease Detection,Audio,1,61,488
Temporal Defect Localization,General,1,2,114234
Visual Reasoning,Audio,1,696,488
Hand Segmentation,Natural Language Processing,1,36,40996
Melanoma Diagnosis,Graphs,1,26,12318
Pupil Tracking,Natural Language Processing,1,10,40996
Model Discovery,Natural Language Processing,1,87,40996
Active Object Localization,Natural Language Processing,1,9,40996
NVIDIA Jetson Orin Nano,Natural Language Processing,1,13,40996
Red Wine Quality Prediction,General,1,1,114234
Text Normalization,Computer Vision,1,145,54472
Load Virtual Sensing,Graphs,1,1,12318
Load Virtual Sensing (Fx),Graphs,1,1,12318
Load Virtual Sensing (Fy),Graphs,1,1,12318
Electrical Engineering,Computer Vision,1,53,54472
Sequential Diagnosis,Computer Vision,1,14,54472
Sequential Diagnosis,General,1,14,114234
Intention-oriented Segmentation,Graphs,1,1,12318
Intention-oriented Segmentation,Natural Language Processing,1,1,40996
PDE Surrogate Modeling,Sequential,1,9,6593
PDE Surrogate Modeling,Graphs,1,9,12318
Emotional Intelligence,Reinforcement Learning,1,77,6988
Micro-Expression Spotting,Natural Language Processing,1,16,40996
Fill Mask,Graphs,1,8,12318
Downbeat Tracking,General,1,11,114234
Downbeat Tracking,Natural Language Processing,1,11,40996
3D Semantic Segmentation,Reinforcement Learning,1,346,6988
Grounded Multimodal Named Entity Recognition,General,1,3,114234
Event-based Optical Flow,Natural Language Processing,1,36,40996
Diachronic Word Embeddings,Computer Vision,1,27,54472
Self-Supervised Image Classification on ImageNet,General,1,2,114234
Magnetic Resonance Fingerprinting,Natural Language Processing,1,35,40996
Obfuscation Detection,General,1,3,114234
Malware Analysis,Reinforcement Learning,1,89,6988
Explainable Recommendation,Graphs,1,94,12318
Long-range modeling,Graphs,1,95,12318
Low-light Image Deblurring and Enhancement,Computer Vision,1,4,54472
GUI Element Detection,Computer Vision,1,5,54472
Vowel Classification,Natural Language Processing,1,7,40996
Knowledge Probing,Graphs,1,44,12318
Logical Fallacies,Reinforcement Learning,1,34,6988
Logical Fallacies,Graphs,1,34,12318
Image-Guided Composition,General,1,2,114234
Art Analysis,Graphs,1,42,12318
Code Classification,Reinforcement Learning,1,39,6988
Active Speaker Localization,General,1,5,114234
Hierarchical Text Clustering,General,1,2,114234
Hierarchical Text Clustering,Natural Language Processing,1,2,40996
Gait Recognition in the Wild,General,1,12,114234
rllib,Graphs,1,23,12318
License Plate Recognition,Reinforcement Learning,1,94,6988
Object Skeleton Detection,General,1,6,114234
Logical Reasoning Question Answering,General,1,4,114234
Unsupervised Part Discovery,General,1,7,114234
Unsupervised Part Discovery,Natural Language Processing,1,7,40996
Unsupervised Part Discovery,Computer Vision,1,7,54472
Blood pressure estimation,Graphs,1,29,12318
Link Sign Prediction,Natural Language Processing,1,21,40996
Multi-modal Dialogue Generation,Computer Vision,1,3,54472
Pose Retrieval,Computer Vision,1,23,54472
Action Classification (zero-shot),General,1,1,114234
Person Identification (zero-shot),General,1,1,114234
AI and Safety,Natural Language Processing,1,4,40996
3D Parameter-Efficient Fine-Tuning for Classification,Natural Language Processing,1,4,40996
Personality Alignment,Reinforcement Learning,1,6,6988
Fault Diagnosis,Reinforcement Learning,1,375,6988
Visual Localization,Reinforcement Learning,1,401,6988
Diffusion MRI,Reinforcement Learning,1,212,6988
input filtering,Computer Vision,1,12,54472
Fake Song Detection,Computer Vision,1,2,54472
Synthetic Song Detection,Computer Vision,1,1,54472
Fake Song Detection,Natural Language Processing,1,2,40996
Synthetic Song Detection,Natural Language Processing,1,1,40996
3D Surface Generation,General,1,10,114234
Facial expression generation,General,1,22,114234
Facial expression generation,Natural Language Processing,1,22,40996
Generalized Few-Shot Semantic Segmentation,Natural Language Processing,1,13,40996
Deformable Medical Image Registration,Graphs,1,37,12318
Adversarial Text,Sequential,1,111,6593
Multiple Instance Learning,Reinforcement Learning,1,743,6988
Accident Anticipation,Natural Language Processing,1,15,40996
4k,Sequential,1,367,6593
Multimodal fashion image editing,General,1,3,114234
Depression Detection,Reinforcement Learning,1,157,6988
Fine-grained Action Recognition,Sequential,1,38,6593
Cross-Modal Retrieval on RSITMD,Natural Language Processing,1,1,40996
Cross-Modal Retrieval on RSITMD,Computer Vision,1,1,54472
text-to-Cypher,Natural Language Processing,1,6,40996
text-to-Cypher,Graphs,1,6,12318
text-to-Cypher,Sequential,1,6,6593
Biologically-plausible Training,Graphs,1,10,12318
Data Valuation,Reinforcement Learning,1,119,6988
Speech to Facial Landmark,General,1,1,114234
Speech to Facial Landmark,Computer Vision,1,1,54472
Concept-based Classification,Graphs,1,1,12318
Text2Sparql,Natural Language Processing,1,4,40996
EEG Denoising,Natural Language Processing,1,11,40996
Behavioural cloning,Natural Language Processing,1,45,40996
Image Operation Chain Detection,General,1,2,114234
subspace methods,Graphs,1,49,12318
Noise Estimation,Graphs,1,114,12318
Sequential Place Recognition,Computer Vision,1,6,54472
3D Holography,Natural Language Processing,1,4,40996
Music Recommendation,Audio,1,118,488
Audio Signal Processing,Reinforcement Learning,1,70,6988
Video Narrative Grounding,General,1,3,114234
Unsupervised Action Segmentation,Natural Language Processing,1,16,40996
Video Narrative Grounding,Natural Language Processing,1,3,40996
Acoustic Unit Discovery,Natural Language Processing,1,25,40996
Drone navigation,Sequential,1,40,6593
Vision-Language Navigation,Sequential,1,80,6593
Scale Generalisation,General,1,2,114234
HellaSwag,Sequential,1,38,6593
HumanEval,Sequential,1,264,6593
Riemannian optimization,Reinforcement Learning,1,152,6988
Depth-aware Video Panoptic Segmentation,Natural Language Processing,1,6,40996
Field Boundary Delineation,General,1,3,114234
Field Boundary Delineation,Natural Language Processing,1,3,40996
Field Boundary Delineation,Computer Vision,1,3,54472
Automatic Post-Editing,Computer Vision,1,121,54472
Code Summarization,Reinforcement Learning,1,160,6988
Tabular Data Generation,Reinforcement Learning,1,73,6988
Environment Sound Classification,Natural Language Processing,1,5,40996
DFT Z isomer pi-pi* wavelength,General,1,1,114234
Equilibrium Reaction Energy (ev/atom),General,1,1,114234
Log Solubility,General,1,1,114234
Crime Prediction,Natural Language Processing,1,47,40996
audio moment retrieval,Natural Language Processing,1,2,40996
audio moment retrieval,Computer Vision,1,2,54472
RNA 3D STRUCTURE PREDICTION,General,1,5,114234
Optimal Motion Planning,General,1,11,114234
Optimal Motion Planning,Reinforcement Learning,1,11,6988
Procedure Learning,General,1,15,114234
2-task Classification,General,1,1,114234
2-task Classification,Natural Language Processing,1,1,40996
Pupil Tracking,General,1,10,114234
open vocabulary 3d instance segmentation,Natural Language Processing,1,10,40996
Blind All-in-One Image Restoration,Natural Language Processing,1,12,40996
SpO2 estimation,General,1,7,114234
Maximum Separation,Reinforcement Learning,1,12,6988
Multi-hop Question Answering,Reinforcement Learning,1,201,6988
Medical Image Enhancement,Natural Language Processing,1,17,40996
MonkeyPox Diagnosis,Natural Language Processing,1,4,40996
Image Categorization,Natural Language Processing,1,61,40996
Zero-shot Moment Retrieval,General,1,2,114234
Zero-shot Moment Retrieval,Natural Language Processing,1,2,40996
Zero-shot Moment Retrieval,Computer Vision,1,2,54472
Climate Projection,Computer Vision,1,5,54472
Photoplethysmography (PPG),Reinforcement Learning,1,148,6988
Geometrical View,General,1,2,114234
Genetic IE,General,1,1,114234
Genetic IE,Natural Language Processing,1,1,40996
Probabilistic Time Series Forecasting,Graphs,1,63,12318
MTEB Benchmark,Graphs,1,13,12318
FPS Games,Natural Language Processing,1,19,40996
Multiview Detection,General,1,20,114234
Traffic Sign Detection,Reinforcement Learning,1,56,6988
hyperedge classification,General,1,6,114234
Subject Transfer,Graphs,1,21,12318
universal meta-learning,Graphs,1,2,12318
Radio Interferometry,Natural Language Processing,1,20,40996
Superclass classification,General,1,1,114234
Open-World Video Segmentation,Computer Vision,1,3,54472
Age/Unbiased,General,1,3,114234
Race/Unbiased,General,1,3,114234
Sentence Expansion,Natural Language Processing,1,3,40996
Social Media Popularity Prediction,Graphs,1,7,12318
Cancer Classification,Sequential,1,208,6593
Deformable Object Manipulation,Reinforcement Learning,1,44,6988
Audio Denoising,Sequential,1,20,6593
Classification with Binary Weight Network,Computer Vision,1,4,54472
Data Ablation,Graphs,1,10,12318
Text Pair Classification,Graphs,1,9,12318
Text Pair Classification,Computer Vision,1,9,54472
Audio-visual Question Answering,Graphs,1,27,12318
Audio-Visual Question Answering (AVQA),Graphs,1,20,12318
Hybrid Machine Learning,Reinforcement Learning,1,103,6988
Self-Evolving AI,Computer Vision,1,3,54472
Self-Evolving AI,General,1,3,114234
Multi-Object Tracking and Segmentation,Natural Language Processing,1,27,40996
Referring Multi-Object Tracking,Natural Language Processing,1,11,40996
Definition Modelling,Computer Vision,1,8,54472
Ontology Embedding,Natural Language Processing,1,18,40996
Bokeh Effect Rendering,Natural Language Processing,1,11,40996
Missing Markers Reconstruction,General,1,2,114234
Query focused video summarization,General,1,6,114234
ECG Digitization,Natural Language Processing,1,5,40996
ECG Digitization,Computer Vision,1,5,54472
Conversational Information Access,Natural Language Processing,1,6,40996
Question Similarity,Computer Vision,1,62,54472
Contribution Assessment,General,1,6,114234
Molecular Property Prediction,Reinforcement Learning,1,354,6988
Contact-rich Manipulation,Natural Language Processing,1,61,40996
Political evalutation,Graphs,1,2,12318
Political evalutation,Natural Language Processing,1,2,40996
Authority Involvement Detection,General,1,1,114234
Data Sources Detection,General,1,1,114234
Detecting Climate/Environmental Topics,General,1,1,114234
Impacted Location Detection,General,1,1,114234
News Authenticity Identification,General,1,1,114234
News Target Detection,General,1,1,114234
Political Influence Detection,General,1,1,114234
Scientific Data Usage Detection,General,1,1,114234
Statistical Data Usage Detection,General,1,1,114234
Authority Involvement Detection,Natural Language Processing,1,1,40996
Data Sources Detection,Natural Language Processing,1,1,40996
Detecting Climate/Environmental Topics,Natural Language Processing,1,1,40996
Impacted Location Detection,Natural Language Processing,1,1,40996
News Authenticity Identification,Natural Language Processing,1,1,40996
News Target Detection,Natural Language Processing,1,1,40996
Political Influence Detection,Natural Language Processing,1,1,40996
Scientific Data Usage Detection,Natural Language Processing,1,1,40996
Statistical Data Usage Detection,Natural Language Processing,1,1,40996
Plane Instance Segmentation,Computer Vision,1,4,54472
Monocular Reconstruction,Natural Language Processing,1,34,40996
Readmission Prediction,Sequential,1,38,6593
mbpp,Reinforcement Learning,1,129,6988
Line Art Colorization,Natural Language Processing,1,12,40996
Embodied Question Answering,Computer Vision,1,40,54472
Video-to-Video Synthesis,Sequential,1,18,6593
Synthetic Outliers Evaluation,General,1,1,114234
Synthetic Data Evaluation,Computer Vision,1,7,54472
Synthetic Outliers Evaluation,Computer Vision,1,1,54472
Open Intent Discovery,Graphs,1,7,12318
Open Intent Discovery,Natural Language Processing,1,7,40996
Multi-Loss Function Penalizing,General,1,1,114234
Multi-Loss Function Penalizing,Natural Language Processing,1,1,40996
Battery diagnosis,General,1,4,114234
Li-ion battery degradation modes diagnosis,General,1,1,114234
Li-ion State of Health Estimation,General,1,2,114234
Battery cycle life prediction,Natural Language Processing,1,4,40996
Battery diagnosis,Natural Language Processing,1,4,40996
Li-ion battery degradation modes diagnosis,Natural Language Processing,1,1,40996
Li-ion State of Health Estimation,Natural Language Processing,1,2,40996
Outdoor Positioning,General,1,10,114234
Semi-Supervised Audio Regression,General,1,1,114234
Semi-Supervised Image Regression,General,1,1,114234
Semi-Supervised Text Regression,General,1,2,114234
Clothes Changing Person Re-Identification,General,1,12,114234
Transfer Reinforcement Learning,Graphs,1,41,12318
Violence and Weaponized Violence Detection,Natural Language Processing,1,5,40996
Sound Event Localization and Detection,Graphs,1,65,12318
Autonomous Racing,Sequential,1,86,6593
Car Racing,Sequential,1,48,6593
Video Description,Graphs,1,103,12318
Few-shot 3D Point Cloud Semantic Segmentation,Computer Vision,1,4,54472
News Generation,Sequential,1,29,6593
Political Salient Issue Orientation Detection,Sequential,1,3,6593
Political Salient Issue Orientation Detection,Natural Language Processing,1,3,40996
Battery cycle life prediction,Computer Vision,1,4,54472
Cell Detection,Reinforcement Learning,1,132,6988
Semi-supervised Medical Image Classification,Graphs,1,13,12318
Streaming video understanding,Natural Language Processing,1,9,40996
Ontology Matching,Reinforcement Learning,1,51,6988
POS Tagging,Reinforcement Learning,1,516,6988
LLM-generated Text Detection,Graphs,1,22,12318
Personality Alignment,General,1,6,114234
Zero Shot on BEIR (Inference Free Model),General,1,5,114234
Video-to-Sound Generation,General,1,9,114234
zero-shot anomaly detection,Graphs,1,35,12318
Query-focused Summarization,Computer Vision,1,35,54472
Video Reconstruction,Sequential,1,145,6593
Audio Super-Resolution,Sequential,1,21,6593
Temperature Prediction Using Specklegrams,General,1,1,114234
Temperature Prediction Using Specklegrams,Computer Vision,1,1,54472
Temperature Prediction Using Specklegrams,Natural Language Processing,1,1,40996
Sports Activity Recognition,Computer Vision,1,1,54472
Age and Gender Estimation,Computer Vision,1,9,54472
Product Relation Classification,Graphs,1,1,12318
Product Relation Detection,Graphs,1,1,12318
Blind Image Quality Assessment,Graphs,1,46,12318
BIRL,Natural Language Processing,1,10,40996
BIRL,Computer Vision,1,10,54472
Audio-Driven Body Animation,General,1,1,114234
Audio-Driven Body Animation,Computer Vision,1,1,54472
Data Valuation,Graphs,1,119,12318
Online Vectorized HD Map Construction,Computer Vision,1,10,54472
Open Vocabulary Action Detection,Computer Vision,1,2,54472
Gait Identification,Natural Language Processing,1,17,40996
Blind Face Restoration,Graphs,1,55,12318
Question Selection,Computer Vision,1,30,54472
Hyperedge Prediction,Computer Vision,1,20,54472
Organ Detection,Natural Language Processing,1,9,40996
Fire Detection,Natural Language Processing,1,61,40996
Hypertension detection,Natural Language Processing,1,3,40996
Hypertension detection,Graphs,1,3,12318
Global Facts,Natural Language Processing,1,3,40996
Image Compressed Sensing,Natural Language Processing,1,23,40996
Multi-View Geo-Localisation,Graphs,1,1,12318
Camera Localization,Natural Language Processing,1,116,40996
Long Question Answer,Natural Language Processing,1,1,40996
Short Question Answers,Natural Language Processing,1,1,40996
True or False Question Answering,Natural Language Processing,1,2,40996
Sequential Bayesian Inference,Natural Language Processing,1,20,40996
Radiomics-based Classification,General,1,1,114234
Molecule retrieval from MS/MS spectrum,Computer Vision,1,2,54472
Molecule retrieval from MS/MS spectrum (bonus chemical formulae),Computer Vision,1,2,54472
Human-Domain Subject-to-Video,Computer Vision,1,8,54472
Open-Domain Subject-to-Video,Computer Vision,1,6,54472
Diabetes Prediction,Natural Language Processing,1,31,40996
Grounded Video Question Answering,Natural Language Processing,1,7,40996
"1 Image, 2*2 Stitchi",General,1,6,114234
SQL-to-Text,Computer Vision,1,7,54472
Shadow Detection And Removal,General,1,11,114234
Shadow Detection And Removal,Natural Language Processing,1,11,40996
Prosody Prediction,Computer Vision,1,15,54472
Personalized Image Generation,Reinforcement Learning,1,58,6988
Stock Trend Prediction,Graphs,1,29,12318
Motion Style Transfer,Natural Language Processing,1,16,40996
Document Classification,Reinforcement Learning,1,634,6988
Sarcasm Detection,Reinforcement Learning,1,260,6988
Multi-class Anomaly Detection,Graphs,1,39,12318
Cross-Lingual Question Answering,Computer Vision,1,24,54472
Knowledge Base Construction,Computer Vision,1,93,54472
Text Compression,Computer Vision,1,43,54472
Cross-Domain Iris Presentation Attack Detection,General,1,4,114234
Semi_supervised Video Action Detection,Natural Language Processing,1,1,40996
Semi-Supervised Video Action Detection,Natural Language Processing,1,2,40996
Belebele,Computer Vision,1,11,54472
Lossy-Compression Artifact Reduction,Computer Vision,1,3,54472
Multi-Document Summarization,Computer Vision,1,354,54472
Portrait Animation,Graphs,1,32,12318
Event-based Optical Flow,Reinforcement Learning,1,36,6988
3D Point Cloud Reconstruction,General,1,22,114234
Open-Set Multi-Target Domain Adaptation,Computer Vision,1,1,54472
Open-Set Multi-Target Domain Adaptation,Natural Language Processing,1,1,40996
Image to Point Cloud Registration,Graphs,1,21,12318
Image to Point Cloud Registration,Reinforcement Learning,1,21,6988
Sarcasm Detection,Audio,1,260,488
Zero-Shot Audio Retrieval,Computer Vision,1,3,54472
Few-shot Instance Segmentation,Natural Language Processing,1,13,40996
Question Similarity,Graphs,1,62,12318
Structured Data Classification,General,1,2,114234
Structured Data Classification,Computer Vision,1,2,54472
Deep imbalanced regression,Natural Language Processing,1,7,40996
Deep imbalanced regression,Graphs,1,7,12318
Causal Language Modeling,Reinforcement Learning,1,51,6988
Intelligent Communication,Natural Language Processing,1,29,40996
Video Quality Assessment,Reinforcement Learning,1,216,6988
Description-guided molecule generation,General,1,2,114234
Description-guided molecule generation,Natural Language Processing,1,2,40996
Binary Classification,Audio,1,2563,488
Bone Suppression From Dual Energy Chest X-Rays,Computer Vision,1,3,54472
Bone Suppression From Dual Energy Chest X-Rays,General,1,3,114234
Compositional Generalization (AVG),Computer Vision,1,4,54472
Few-Shot Instance Classification,Computer Vision,1,1,54472
Cross-view Referring Multi-Object Tracking,Computer Vision,1,1,54472
Referring Multi-Object Tracking,Computer Vision,1,11,54472
Citation worthiness,Natural Language Processing,1,5,40996
Few-Shot Learning - 4 shots,General,1,1,114234
LLM Jailbreak,Sequential,1,24,6593
Voice Anti-spoofing,Natural Language Processing,1,23,40996
MMSQL performance,Natural Language Processing,1,1,40996
MMSQL performance,General,1,1,114234
Handwritten Document Recognition,Natural Language Processing,1,6,40996
Image to Video Generation,Reinforcement Learning,1,85,6988
Graph Mining,Reinforcement Learning,1,174,6988
Semantic SLAM,Natural Language Processing,1,40,40996
Timeline Summarization,General,1,25,114234
De novo molecule generation from MS/MS spectrum,General,1,2,114234
De novo molecule generation from MS/MS spectrum (bonus chemical formulae),General,1,3,114234
De novo molecule generation from MS/MS spectrum,Graphs,1,2,12318
De novo molecule generation from MS/MS spectrum (bonus chemical formulae),Graphs,1,3,12318
RGB-D Instance Segmentation,General,1,1,114234
Social Media Mental Health Detection,Computer Vision,1,3,54472
Geometry-based operator learning,Computer Vision,1,2,54472
Camouflaged Object Segmentation,Graphs,1,47,12318
Defocus Blur Detection,Graphs,1,15,12318
Classifier calibration,Graphs,1,29,12318
Raspberry Pi 5,Computer Vision,1,11,54472
Raspberry Pi 5,General,1,11,114234
Concave shapes,Computer Vision,1,3,54472
Video Restoration,Sequential,1,99,6593
Inductive Learning,Reinforcement Learning,1,152,6988
Inductive logic programming,Reinforcement Learning,1,153,6988
Autonomous Vehicles,Audio,1,2602,488
Time Series Generation,Sequential,1,87,6593
Vietnamese Sentiment Analysis,General,1,3,114234
Audio-Visual Captioning,General,1,4,114234
Audio Effects Modeling,Computer Vision,1,4,54472
Knowledge Graph Embeddings,Reinforcement Learning,1,269,6988
Event Segmentation,Graphs,1,23,12318
3D Facial Expression Recognition,Sequential,1,13,6593
Structured Output Generation,Computer Vision,1,7,54472
Spectrum Cartography,General,1,12,114234
Lightweight Deployment,Computer Vision,1,15,54472
Patent Figure Description Generation,Natural Language Processing,1,1,40996
Gaze Estimation,Reinforcement Learning,1,248,6988
Prototype Selection,Natural Language Processing,1,29,40996
Car Racing,Natural Language Processing,1,48,40996
Moving Object Detection,Reinforcement Learning,1,70,6988
Malaria Falciparum Detection,Computer Vision,1,1,54472
Malaria Malariae Detection,Computer Vision,1,1,54472
Malaria Ovale Detection,Computer Vision,1,1,54472
Malaria Vivax Detection,Computer Vision,1,1,54472
Non-Intrusive Load Monitoring,Reinforcement Learning,1,99,6988
Cancer type classification,Natural Language Processing,1,8,40996
Dynamic Point Removal,General,1,2,114234
Radar Object Detection,Natural Language Processing,1,29,40996
ADP Prediction,Graphs,1,2,12318
Arrhythmia Detection,Natural Language Processing,1,86,40996
Constrained Clustering,Graphs,1,72,12318
few-shot-ner,Sequential,1,30,6593
tabular-classification,Computer Vision,1,48,54472
BraTS2021,Natural Language Processing,1,15,40996
Dataset Distillation,Reinforcement Learning,1,216,6988
Generalizable Person Re-identification,Graphs,1,44,12318
Variational Monte Carlo,Reinforcement Learning,1,55,6988
Assortment Optimization,Natural Language Processing,1,32,40996
Sensor Modeling,Graphs,1,25,12318
Low-latency processing,Natural Language Processing,1,21,40996
Fashion Compatibility Learning,Natural Language Processing,1,4,40996
Learning to Execute,Reinforcement Learning,1,25,6988
Motion Detection,Natural Language Processing,1,101,40996
De novo molecule generation from MS/MS spectrum (bonus chemical formulae),Computer Vision,1,3,54472
Video Reconstruction,Reinforcement Learning,1,145,6988
Assortment Optimization,Reinforcement Learning,1,32,6988
Assortment Optimization,General,1,32,114234
Packet Loss Concealment,Natural Language Processing,1,19,40996
Pass Classification,Natural Language Processing,1,4,40996
BRDF estimation,Computer Vision,1,10,54472
BRDF estimation,General,1,10,114234
Script Generation,Reinforcement Learning,1,43,6988
Financial Tweet Prediction,General,1,1,114234
Financial Tweet Prediction,Natural Language Processing,1,1,40996
Vehicle Speed Estimation,Sequential,1,19,6593
dialogue summary,General,1,12,114234
dialogue summary,Natural Language Processing,1,12,40996
Attribute Value Extraction,Computer Vision,1,35,54472
parameter-efficient fine-tuning,Sequential,1,932,6593
Multimodal Sleep Stage Detection,General,1,6,114234
Multimodal Sleep Stage Detection,Graphs,1,6,12318
Sleep Quality,Graphs,1,61,12318
Hyperspectral Image Segmentation,Natural Language Processing,1,19,40996
Semantic Retrieval,Reinforcement Learning,1,86,6988
Drone navigation,Computer Vision,1,40,54472
Learning with coarse labels,Natural Language Processing,1,6,40996
Open Vocabulary Action Recognition,General,1,5,114234
Vietnamese Fact Checking,General,1,4,114234
Passage Ranking,Computer Vision,1,73,54472
Onset Detection,Natural Language Processing,1,34,40996
Hypernym Discovery,Computer Vision,1,33,54472
Audio-Visual Question Answering (AVQA),Natural Language Processing,1,20,40996
AUDIO-VISUAL QUESTION ANSWERING (MUSIC-AVQA-v2.0),Natural Language Processing,1,5,40996
Abstract Algebra,General,1,18,114234
College Mathematics,General,1,3,114234
Abstract Algebra,Natural Language Processing,1,18,40996
College Mathematics,Natural Language Processing,1,3,40996
Zero-shot Named Entity Recognition (NER),Graphs,1,11,12318
Facial Editing,Graphs,1,29,12318
Motion Style Transfer,Graphs,1,16,12318
Referring Multi-Object Tracking,Graphs,1,11,12318
Human-Domain Subject-to-Video,General,1,8,114234
Open-Domain Subject-to-Video,General,1,6,114234
Single-Domain Subject-to-Video,General,1,6,114234
Human-Domain Subject-to-Video,Natural Language Processing,1,8,40996
Open-Domain Subject-to-Video,Natural Language Processing,1,6,40996
Single-Domain Subject-to-Video,Natural Language Processing,1,6,40996
Simulated Gaussian Manipulation,Computer Vision,1,6,54472
Contact-rich Manipulation,Reinforcement Learning,1,61,6988
Cross-Lingual Sentiment Classification,General,1,16,114234
Stochastic Block Model,Reinforcement Learning,1,369,6988
Scene Flow Estimation,Graphs,1,150,12318
Air Quality Inference,Computer Vision,1,10,54472
Video Individual Counting,General,1,4,114234
Transcription Factor Binding Site Prediction,Graphs,1,3,12318
text-to-3d-human,General,1,7,114234
Robot Pose Estimation,Computer Vision,1,13,54472
Video scene graph generation,Computer Vision,1,16,54472
Conditional Image Generation,Reinforcement Learning,1,285,6988
Medical waveform analysis,Graphs,1,2,12318
Food recommendation,Reinforcement Learning,1,28,6988
Cross-modal place recognition,Computer Vision,1,10,54472
Chart Understanding,Graphs,1,47,12318
MVBench,Natural Language Processing,1,19,40996
self-supervised scene text recognition,Graphs,1,2,12318
Equation Discovery,Reinforcement Learning,1,65,6988
Nuclei Segmentation and Classfication,Graphs,1,1,12318
International Law,Natural Language Processing,1,4,40996
Pupil Dilation,Natural Language Processing,1,17,40996
Multiobjective Optimization,Graphs,1,155,12318
Crime Prediction,Sequential,1,47,6593
Age/Unbiased,Computer Vision,1,3,54472
Race/Unbiased,Computer Vision,1,3,54472
Modality completion,Natural Language Processing,1,10,40996
Multi-view Floor Layout Reconstruction (N-view),Computer Vision,1,1,54472
Panorama Pose Estimation (N-view),Computer Vision,1,1,54472
Action Segmentation,Reinforcement Learning,1,217,6988
Temporal Action Segmentation,Reinforcement Learning,1,61,6988
Forgery Image Detection,General,1,3,114234
Reinforcement Learning (RL),Audio,1,15057,488
Continual Semantic Segmentation,Natural Language Processing,1,34,40996
Dynamic Region Segmentation,General,1,2,114234
Dynamic Region Segmentation,Natural Language Processing,1,2,40996
Font Recognition,General,1,19,114234
Collaborative Ranking,Computer Vision,1,25,54472
Audio to Text Retrieval,General,1,10,114234
Vocal technique classification,General,1,4,114234
Medical Image Generation,Reinforcement Learning,1,77,6988
Feature Splatting,Computer Vision,1,9,54472
Oral Cancer Classification,Computer Vision,1,3,54472
Aerial Scene Classification,Natural Language Processing,1,22,40996
Depth Completion,Graphs,1,242,12318
Nuclear Segmentation,Natural Language Processing,1,33,40996
HellaSwag,Reinforcement Learning,1,38,6988
Winogrande,Reinforcement Learning,1,26,6988
Zero-Shot Action Detection,General,1,6,114234
Multiple Action Detection,Natural Language Processing,1,3,40996
Zero-Shot Action Detection,Natural Language Processing,1,6,40996
3D Assembly,Computer Vision,1,7,54472
3D Assembly,Natural Language Processing,1,7,40996
MRI segmentation,Reinforcement Learning,1,177,6988
Data Poisoning,Audio,1,490,488
Re-Ranking,Audio,1,735,488
Sequential Recommendation,Audio,1,554,488
Traffic Object Detection,Sequential,1,20,6593
Counterfactual Explanation,Graphs,1,177,12318
ECG Classification,Reinforcement Learning,1,116,6988
Decision Making,Audio,1,12282,488
Deep Attention,Audio,1,108,488
Load Forecasting,Audio,1,235,488
Uncertainty Quantification,Audio,1,2364,488
Q-Learning,Audio,1,1912,488
Bathymetry prediction,Natural Language Processing,1,2,40996
Sonnet Generation,General,1,4,114234
Sonnet Generation,Natural Language Processing,1,4,40996
Affordance Recognition,Computer Vision,1,11,54472
One-Shot 3D Action Recognition,Graphs,1,9,12318
Reasoning Segmentation,Graphs,1,52,12318
spatial-aware image editing,Graphs,1,4,12318
spatial-aware image editing,Natural Language Processing,1,4,40996
Unsupervised nucleus segmentation,General,1,1,114234
Depth And Camera Motion,General,1,27,114234
Emotion Interpretation,Computer Vision,1,6,54472
highlight removal,Computer Vision,1,15,54472
Shadow Removal,Graphs,1,127,12318
Unconditional Crystal Generation,Natural Language Processing,1,3,40996
Unconditional Molecule Generation,Natural Language Processing,1,8,40996
Nested Term Extraction,Graphs,1,2,12318
Nested Term Recognition,Graphs,1,1,12318
Nested Term Recognition from Flat Supervision,Graphs,1,1,12318
Colorectal Polyps Characterization,Natural Language Processing,1,8,40996
Image Rescaling,General,1,22,114234
OpenAI Vision,General,1,1,114234
OpenAI Vision,Natural Language Processing,1,1,40996
Photo geolocation estimation,Natural Language Processing,1,17,40996
Drug ATC Classification,Natural Language Processing,1,3,40996
Anomaly Detection In Surveillance Videos,Graphs,1,65,12318
SNARKS,Computer Vision,1,9,54472
High School Physics,General,1,6,114234
Cross Encoder Reranking,General,1,2,114234
Affordance Detection,Graphs,1,23,12318
Radar waveform design,General,1,15,114234
Radar waveform design,Reinforcement Learning,1,15,6988
Lightweight Deployment,Reinforcement Learning,1,15,6988
MLLM Aesthetic Evaluation,General,1,1,114234
MLLM Aesthetic Evaluation,Natural Language Processing,1,1,40996
MLLM Aesthetic Evaluation,Computer Vision,1,1,54472
Event-based Optical Flow,Graphs,1,36,12318
Motion Compensation,Graphs,1,207,12318
Gesture Synchronization,Computer Vision,1,2,54472
Gesture Synchronization,Natural Language Processing,1,2,40996
Federated Lifelong Person ReID,General,1,2,114234
Semi-Supervised Image Classification on ImageNet - 10% labeled data,General,1,2,114234
Lay Summarization,Computer Vision,1,11,54472
Garment sewing pattern generation,Computer Vision,1,1,54472
Referring Expression,Reinforcement Learning,1,362,6988
Seismic Imaging,Natural Language Processing,1,44,40996
Clustering Multivariate Time Series,Natural Language Processing,1,11,40996
Text Anonymization,Computer Vision,1,22,54472
ECG Denoising,Sequential,1,12,6593
Streaming video understanding,Graphs,1,9,12318
Metaphor Boolean,Computer Vision,1,3,54472
Robot Task Planning,Graphs,1,48,12318
Community Search,Reinforcement Learning,1,11,6988
Local Community Detection,General,1,9,114234
TinyQA Benchmark++,General,1,1,114234
Graph Similarity,Reinforcement Learning,1,111,6988
CyberBattleSim,Reinforcement Learning,1,6,6988
Concave shapes,General,1,3,114234
Polynomial Neural Networks,Natural Language Processing,1,29,40996
Transparent objects,Sequential,1,117,6593
Session Search,Natural Language Processing,1,12,40996
Authorship Verification,Reinforcement Learning,1,67,6988
Hypergraph representations,Natural Language Processing,1,11,40996
Token Reduction,Reinforcement Learning,1,78,6988
Tabular Data Generation,Graphs,1,73,12318
Singing Voice Synthesis,Graphs,1,81,12318
X-ray Visual Question Answering,Natural Language Processing,1,2,40996
Homomorphic Encryption for Deep Learning,Computer Vision,1,1,54472
Homomorphic Encryption for Deep Learning,General,1,1,114234
fingerprint verification,Graphs,1,24,12318
3D Pedestrian Tracking,Reinforcement Learning,1,4,6988
Multiple Object Tracking,Reinforcement Learning,1,317,6988
Hardware Aware Neural Architecture Search,Reinforcement Learning,1,37,6988
Weather Editing,General,1,1,114234
Weather Editing,Computer Vision,1,1,54472
Network Congestion Control,General,1,4,114234
Variational Monte Carlo,Sequential,1,55,6593
Physics-informed machine learning,Graphs,1,192,12318
Lung Sound Classification,Natural Language Processing,1,15,40996
Probabilistic Deep Learning,Natural Language Processing,1,79,40996
Re-basin,Natural Language Processing,1,7,40996
4k,Reinforcement Learning,1,367,6988
Humanity's Last Exam,General,1,5,114234
Language Model Evaluation,Reinforcement Learning,1,69,6988
Visibility Tracking,Reinforcement Learning,1,4,6988
Visibility Tracking,General,1,4,114234
Visibility Tracking,Computer Vision,1,4,54472
Visibility Tracking,Sequential,1,4,6593
RGBD Semantic Segmentation,Graphs,1,14,12318
Plane Instance Segmentation,Natural Language Processing,1,4,40996
Paraphrase Identification,Reinforcement Learning,1,170,6988
Text Simplification,Reinforcement Learning,1,467,6988
Image Comprehension,Reinforcement Learning,1,49,6988
Image Description,Reinforcement Learning,1,154,6988
PHMbench,Natural Language Processing,1,1,40996
PHM-Vibench,Natural Language Processing,1,1,40996
Active Object Localization,Computer Vision,1,9,54472
Automatic Lyrics Transcription,Computer Vision,1,12,54472
Target Speaker Extraction,Graphs,1,55,12318
Fairness,Audio,1,5656,488
Speech Emotion Recognition,Audio,1,429,488
Few-Shot Classification and Segmentation,Computer Vision,1,4,54472
One-shot Unsupervised Domain Adaptation,Graphs,1,10,12318
Weakly Supervised Referring Expression Segmentation,Natural Language Processing,1,5,40996
Virtual Staining,Graphs,1,42,12318
Electron Tomography,Natural Language Processing,1,47,40996
Game of Chess,Natural Language Processing,1,24,40996
Referring Audio-Visual Segmentation,Computer Vision,1,2,54472
Weakly-supervised instance segmentation,Natural Language Processing,1,39,40996
Self-Supervised Image Classification (with CLIP),General,1,2,114234
Indoor Scene Synthesis,Natural Language Processing,1,26,40996
Line Segment Detection,Natural Language Processing,1,37,40996
motion in-betweening,Natural Language Processing,1,17,40996
Human Agent Collaboration,Natural Language Processing,1,22,40996
Virology,Computer Vision,1,29,54472
Speaker Separation,Natural Language Processing,1,58,40996
Video Editing,Reinforcement Learning,1,345,6988
Beam Prediction,Natural Language Processing,1,51,40996
Unsupervised Reinforcement Learning,Natural Language Processing,1,57,40996
Sentence Summarization,Graphs,1,43,12318
Gunshot Detection,General,1,4,114234
Computational Phenotyping,General,1,18,114234
Task Arithmetic,Graphs,1,61,12318
Traffic Object Detection,Reinforcement Learning,1,20,6988
Stroke Classification,Natural Language Processing,1,10,40996
Network Identification,Computer Vision,1,23,54472
Synthetic Data Evaluation,Natural Language Processing,1,7,40996
Blind Docking,Sequential,1,19,6593
GPR,Natural Language Processing,1,269,40996
3D Anomaly Detection,Sequential,1,36,6593
3D Anomaly Detection and Segmentation,Sequential,1,11,6593
Diverse Top-k Subgroup List Discovery,General,1,1,114234
Patient Phenotyping,General,1,15,114234
Service Composition,Computer Vision,1,45,54472
Stochastic Human Motion Prediction,Natural Language Processing,1,9,40996
Text Anonymization,Graphs,1,22,12318
Panoptic Scene Graph Generation,Computer Vision,1,21,54472
Profile Generation,Graphs,1,17,12318
Sample Probing,General,1,2,114234
Sample Probing,Computer Vision,1,2,54472
Multimodel-guided image editing,Graphs,1,4,12318
Raspberry Pi 5,Graphs,1,11,12318
Pseudo Label Filtering,Computer Vision,1,26,54472
Spatio-temporal Action Recognition,General,1,9,114234
Video Focal Modulation,General,1,1,114234
Spatio-temporal Action Recognition,Natural Language Processing,1,9,40996
Video Focal Modulation,Natural Language Processing,1,1,40996
